001.jpg,475.12012,539.7906,-917.6907,508.792,501.80133,-924.7759,526.0169,502.12762,-924.71234,543.1824,502.24847,-924.75146,470.53412,498.99054,-896.26,457.0099,497.1436,-896.0198,443.4664,495.60492,-896.2054,586.32355,515.26074,-792.4059,451.09827,505.50687,-679.8521,513.0506,576.7137,-856.9124,461.31775,572.1516,-822.7018,684.10657,664.031,-632.1898,410.14996,622.8775,-504.2337,719.4803,904.0189,-616.6572,325.3,843.56775,-618.95355,542.9802,809.66095,-723.30084,405.80112,776.59186,-977.83386,478.81256,810.87897,-755.78125,443.604,772.02,-1029.8643,494.61096,750.59607,-742.12714,441.5723,722.49146,-995.91296,513.7296,751.2151,-713.3279,440.16144,731.03827,-965.22943,669.1495,921.9347,-54.902588,518.9529,896.7274,55.502777,693.7592,1053.3754,-551.18066,345.9947,951.57556,-309.1235,711.00726,1188.8951,-4.1593127,421.11346,1075.8855,288.8385,713.5694,1203.6134,47.15552,460.70743,1090.4636,346.1172,705.94666,1302.1776,-120.308136,354.0443,1183.3043,275.9495
002.jpg,472.56485,545.5317,-798.9968,504.70212,506.66302,-807.5134,521.5913,506.00757,-807.42706,538.4428,505.15112,-807.388,467.138,506.38745,-778.8128,454.12045,505.44275,-778.68353,441.08237,504.8037,-779.012,583.59106,515.4735,-691.89374,451.08136,513.93365,-580.73444,512.63416,579.70245,-744.73376,462.50146,578.4582,-710.5974,690.5382,659.1176,-541.4866,412.67212,631.56793,-427.02988,723.1288,899.2886,-497.25256,316.453,846.6025,-496.15964,541.8607,820.1615,-591.75397,410.23846,783.93445,-792.6525,476.2079,824.5175,-622.5282,455.87234,781.28906,-837.5871,491.2901,763.69684,-612.03424,450.51926,730.06714,-806.7155,510.5271,762.7756,-583.29785,446.39346,737.9733,-779.075,679.29333,924.615,-48.05912,526.1367,906.3305,48.495132,705.0279,1067.6321,-481.53336,361.17087,985.17755,-269.30417,712.9956,1193.3563,15.057706,459.55518,1092.2471,286.2777,713.0107,1207.4244,61.98733,503.33783,1101.6449,339.68005,716.0681,1303.2396,-99.59179,400.0507,1206.9352,278.99127
003.jpg,472.5416,550.2602,-941.12177,504.41232,510.83072,-950.97296,521.19727,510.46222,-950.8731,537.9216,509.90714,-950.81067,467.26044,509.19043,-921.5333,454.26184,507.63028,-921.42303,441.23434,506.3853,-921.73535,581.974,518.25006,-822.8023,450.66635,512.6143,-709.37,511.67197,582.46674,-881.27167,461.26987,579.91223,-846.3536,690.3701,659.16113,-656.1959,409.45132,625.7745,-539.79395,718.80884,906.1985,-665.0679,325.80792,852.5687,-667.1567,540.461,818.3786,-803.669,408.15866,782.79846,-1017.3268,476.1419,820.58215,-839.24615,449.79678,777.8397,-1070.5276,492.68372,759.6189,-827.1858,444.28375,726.83545,-1034.457,510.6322,758.5741,-793.9702,442.305,734.64825,-1002.617,679.17017,921.0807,-46.96596,524.4335,898.82263,47.530674,698.1176,1099.6122,-426.7367,360.0989,998.9167,-289.93594,710.1807,1188.4878,171.91681,456.8634,1082.3245,346.39633,710.7487,1195.0651,229.48398,495.27988,1087.2578,408.40692,714.4234,1294.2844,82.37896,409.83252,1188.4724,338.1031
004.jpg,471.48038,545.2044,-880.67804,504.0908,508.15063,-897.2516,520.52856,508.2951,-897.2361,536.9479,508.24344,-897.2428,468.32047,505.62228,-862.4876,455.83008,503.76276,-862.4423,443.31244,502.20264,-862.61633,581.3348,518.5871,-799.26385,455.4538,509.38803,-662.79724,510.2677,578.4342,-831.8608,461.5698,574.6368,-790.00287,696.64026,664.5484,-646.54956,417.61697,621.52716,-486.41412,726.16174,915.2661,-610.59454,327.93216,838.60474,-544.0109,541.89136,818.26263,-687.91504,407.67966,788.2585,-874.2959,473.0816,816.65,-724.83276,446.98846,793.0781,-917.1883,493.13477,756.66376,-707.30206,444.0292,744.0008,-895.7672,512.3529,757.24066,-675.8091,442.19397,746.787,-865.2561,679.6498,932.1542,-59.040985,526.6983,899.1392,59.698956,688.072,1134.1249,-353.99854,346.02795,985.6493,-287.30606,709.61816,1175.5466,290.6518,467.92697,1065.5837,317.88803,709.7022,1172.0647,358.76645,511.8465,1068.7771,381.77084,715.31866,1279.4657,287.70392,413.34164,1172.8427,355.79868
005.jpg,472.67075,546.236,-498.92596,504.3627,508.38742,-512.8691,519.7876,508.27176,-512.77924,535.31134,507.95496,-512.9264,470.05203,507.22424,-483.0874,458.7471,505.75543,-483.10306,447.41315,504.5351,-483.38638,578.7255,516.78864,-426.66504,459.06274,510.03674,-309.2514,509.20355,576.5648,-456.0705,464.3523,573.89575,-421.0203,687.81866,648.47046,-299.6894,409.90414,623.32526,-208.07811,736.0299,906.0018,-352.60217,300.99252,829.1873,-297.62894,548.92725,816.99115,-435.50162,409.70145,794.1902,-509.67792,482.12326,809.0789,-444.20566,455.2778,801.1743,-527.1743,496.4813,755.60443,-401.0715,457.72656,752.4731,-484.58774,512.64215,761.1562,-412.29556,452.66443,757.93335,-487.61975,661.533,929.54285,-35.20108,509.57016,920.6997,35.20111,733.6169,1050.3579,-409.71942,350.0482,1023.677,-285.1959,714.24164,1183.2705,-3.615721,489.52386,1087.4237,197.57356,704.1267,1203.0449,38.535305,537.86926,1092.376,248.61403,728.2782,1282.9429,-106.27523,434.24582,1189.3589,226.5828
006.jpg,472.99176,542.7977,-772.2192,503.67154,504.71906,-778.11597,519.7851,504.68106,-778.0521,535.88556,504.42868,-778.1341,467.40933,503.241,-749.42444,454.79434,501.8208,-749.1881,442.1477,500.6637,-749.38116,577.6763,514.7456,-659.71814,450.38376,508.86703,-548.91156,510.44397,575.72986,-717.577,461.30902,573.09656,-683.7271,689.9574,656.0107,-520.88116,406.29572,622.6455,-395.26846,731.29407,907.88556,-526.27216,316.19623,836.6051,-475.02325,545.15356,822.0828,-618.53357,405.05786,784.1072,-786.98083,477.50363,823.1059,-649.4613,446.04623,787.2458,-827.14404,494.50684,760.67816,-625.6271,442.50443,738.31323,-799.2571,513.17596,761.7696,-604.3736,440.5594,743.32117,-774.2992,671.8179,920.57263,-49.571156,518.4876,898.2391,50.13356,706.39386,1058.244,-578.4093,344.9939,957.8113,-378.66873,703.7717,1181.9803,-46.613426,452.57605,1095.6821,152.5241,701.33575,1195.121,3.160293,498.84503,1109.3514,201.77216,709.79913,1290.7446,-161.94543,388.41623,1215.3102,115.63091
007.jpg,464.00763,545.94543,-778.7222,496.9299,505.48462,-794.8448,514.0376,504.96082,-794.74475,531.143,504.21216,-794.7672,458.89322,504.82477,-759.9897,445.87442,503.48322,-759.795,432.84113,502.44107,-759.9095,578.1489,513.39624,-699.2713,444.1869,509.99692,-558.189,504.8326,579.648,-730.2237,454.75693,577.87964,-687.47534,696.00055,654.1657,-540.87366,405.1077,622.98065,-402.4651,738.10657,913.3408,-536.8573,306.48068,838.8368,-477.04462,551.157,816.7109,-654.1083,400.32098,781.5974,-773.2017,483.48373,813.4683,-687.0615,441.787,782.4494,-811.3506,500.99734,751.82837,-661.62823,440.9195,734.52,-776.1557,518.67334,754.3098,-638.6323,439.85934,741.1467,-757.4314,678.4668,916.9214,-61.08085,521.17035,898.31726,61.631145,719.38556,1059.3596,-566.27203,335.1696,973.3476,-331.94595,712.3358,1177.0404,-37.946663,482.9679,1066.4362,209.53119,710.44135,1189.4254,15.066971,533.2867,1070.8518,264.12564,716.70404,1289.5696,-137.10155,435.90976,1185.667,216.14847
008.jpg,460.5221,538.3107,-901.11365,493.2453,500.63318,-915.40283,510.101,499.8325,-915.3302,526.93665,498.84235,-915.2513,456.6873,500.4997,-877.9902,444.08115,499.50366,-877.9363,431.4582,498.81717,-878.1699,574.95325,508.20557,-811.2013,446.28455,506.9388,-661.7682,502.46658,570.8764,-850.26447,453.399,569.8691,-804.5552,692.94293,659.43,-655.2354,420.24515,616.29694,-492.8814,722.3854,902.60895,-631.44385,322.0685,820.06555,-579.7315,535.75977,815.5286,-706.8839,403.36197,778.2904,-938.4482,467.2435,816.08234,-746.0385,441.49637,785.8294,-990.77014,485.39615,758.19543,-730.62286,442.47025,738.3506,-967.0461,504.74808,757.7107,-695.5281,440.69232,740.93756,-930.3324,676.14795,924.4304,-56.35303,523.3143,889.3615,57.152805,690.34143,1138.4558,-339.1547,344.48798,983.98706,-271.73074,701.0608,1182.4862,349.9138,447.03433,1086.6597,334.15814,697.4814,1181.8916,421.02356,487.9017,1094.7253,396.7775,703.54535,1274.4312,338.47092,392.02747,1188.9713,341.46866
009.jpg,462.6297,540.9691,-895.3148,493.17688,501.8708,-905.23364,509.54608,500.927,-905.1515,525.89557,499.77832,-905.13104,456.99072,502.64307,-869.8582,444.56326,501.98575,-869.6082,432.10794,501.63593,-869.7987,571.2644,509.34015,-787.32806,444.06677,510.87683,-640.2778,503.0809,573.0404,-839.9044,454.53543,573.0097,-795.39905,688.21545,655.7084,-626.99805,412.96146,623.1066,-472.71017,726.7575,906.65814,-631.9544,321.70575,845.0889,-618.82214,544.57477,812.6391,-717.0403,401.06488,775.07117,-967.3186,477.1229,810.6327,-748.6097,436.54416,769.35236,-1013.798,495.97855,751.256,-724.2141,435.50882,722.6486,-973.2526,515.7621,753.30853,-700.7712,436.58527,730.93463,-952.1395,671.74194,920.5068,-64.31965,520.6338,894.404,64.84482,693.8119,1053.836,-662.1791,339.54834,949.9088,-367.54495,706.00366,1181.1227,-59.911163,433.53998,1078.5969,225.60892,706.9071,1195.8615,-2.646769,478.2085,1094.3496,282.13828,706.63635,1289.8918,-175.77707,362.956,1190.5557,196.52403
010.jpg,468.18707,537.00934,-912.7131,497.38858,498.92828,-916.7574,513.78735,497.91373,-916.70966,530.15027,496.70413,-916.66534,460.34125,499.65656,-888.3609,447.22174,499.0932,-888.1539,434.10245,498.82507,-888.3968,572.1095,506.49014,-778.718,441.48282,508.5521,-666.73395,507.06857,569.7764,-850.1037,457.397,569.7774,-815.8664,678.7342,650.2732,-623.3941,407.52298,626.0682,-493.71655,710.79346,893.5654,-621.97833,315.0395,840.65106,-609.8871,535.1187,813.95416,-739.0032,405.71024,782.34576,-959.71436,470.50357,817.1439,-778.51117,447.6479,782.19763,-1012.89325,485.89822,756.72217,-765.51,445.60757,732.13367,-979.25275,504.26077,756.9265,-729.114,442.61707,738.13715,-946.66144,671.9286,917.5184,-51.025288,520.102,898.10596,51.722115,696.9239,1084.811,-509.7989,347.00037,986.7618,-295.71814,709.13727,1193.8959,72.928314,444.21555,1084.097,330.706,707.22577,1205.7733,127.744064,485.77905,1092.3579,390.42465,716.17896,1298.2651,-40.101665,390.71777,1191.3865,312.76025
011.jpg,461.94675,541.9833,-1057.7462,493.39426,502.0072,-1067.6858,510.7682,501.41248,-1067.5273,528.06024,500.6504,-1067.3607,454.84332,500.68222,-1037.358,440.9641,499.27676,-1037.276,427.07196,498.1802,-1037.508,571.98206,510.19226,-927.687,434.97028,506.14264,-808.48254,502.0758,575.0377,-993.33777,449.18216,573.19574,-956.511,677.64764,654.3334,-748.0193,401.3337,618.51996,-621.21515,708.07513,905.08875,-823.8678,322.3258,845.9132,-791.64044,530.7567,811.6877,-1024.5178,400.1831,776.7564,-1196.6017,465.4644,815.0811,-1072.3873,436.88718,773.60675,-1256.5968,483.8434,751.93634,-1059.2131,435.5318,725.08954,-1216.3293,500.93304,751.20496,-1015.50916,435.41446,730.8695,-1181.7471,669.6858,917.8834,-50.50686,517.60834,890.67816,51.338715,682.1643,1121.2402,-343.8963,346.6933,1003.22675,-335.75793,694.78,1176.2426,359.87106,458.5428,1079.2433,356.1574,694.9188,1175.0359,429.4296,497.79395,1081.2988,425.8603,695.96136,1283.2168,309.8878,415.72763,1186.4999,352.7456
012.jpg,459.54544,537.32324,-935.6181,490.27383,497.54962,-942.2301,506.8517,497.33575,-942.052,523.35016,496.94806,-942.0201,453.92377,495.65198,-913.36475,440.812,494.08087,-913.3441,427.65436,492.79242,-913.6344,564.85645,507.87976,-814.5152,436.21088,501.05838,-704.20435,497.7626,569.69977,-877.4781,446.64935,567.09686,-843.0062,669.71136,653.4329,-662.0683,397.58112,615.25415,-539.54236,720.4551,902.3459,-679.38654,316.28812,852.683,-713.9879,528.7677,813.4727,-727.5389,395.88266,774.82196,-1080.7158,459.46817,816.49835,-748.3795,433.64334,768.2681,-1123.3196,475.67218,755.8847,-717.0402,430.22708,718.63025,-1082.3335,495.9272,756.82,-708.2992,430.12228,727.15216,-1064.349,654.42065,916.16504,-57.10923,504.4312,887.4268,57.588116,658.65186,1117.1646,-325.5229,324.94525,981.68024,-291.6098,701.6598,1193.3213,276.85153,458.03918,1057.7589,315.7956,706.8149,1195.2346,336.77084,499.47055,1060.614,378.53564,710.6254,1305.9458,218.4076,415.74014,1162.4738,333.2413
013.jpg,453.30978,534.8749,-807.60803,486.80194,496.79843,-822.1882,503.1037,497.2609,-822.0897,519.4234,497.50534,-822.11273,451.3157,493.85684,-786.3264,439.2174,491.88687,-786.22327,427.06973,490.2035,-786.49646,564.4144,508.79276,-732.21796,440.05954,497.74887,-591.4329,491.8488,568.4533,-762.4692,443.1751,564.13635,-719.47894,678.7712,654.8324,-583.7152,395.30792,611.9712,-435.56082,722.32355,914.2218,-585.1817,292.75177,836.42914,-518.1657,536.294,819.0435,-662.4521,386.35678,785.72723,-817.48584,465.81982,817.3084,-684.29626,430.78848,789.8811,-847.6428,486.22223,754.5155,-658.5248,427.6032,739.32745,-814.55695,505.2979,755.7839,-645.04517,424.7403,743.9349,-801.4364,657.5533,923.20905,-56.630272,504.42435,895.9934,56.96301,673.7654,1088.2695,-447.8589,335.8948,978.31934,-316.22147,700.5824,1183.602,88.345474,449.97092,1078.9559,256.32367,702.0085,1195.6897,139.63391,494.5147,1088.8801,311.97696,713.29333,1280.7119,-16.031702,386.9153,1184.6755,248.88853
014.jpg,453.25,531.13196,-701.13434,482.8533,493.55655,-705.48267,498.78302,492.80176,-705.33386,514.67487,491.846,-705.3274,446.6738,494.02988,-679.2306,434.0502,493.42282,-679.07056,421.43878,493.12225,-679.321,555.6579,502.49765,-592.2393,428.91284,503.1119,-490.5818,490.72342,565.55225,-649.9674,443.2315,564.75806,-618.9439,659.7496,639.68945,-471.12164,388.86246,629.645,-357.99585,710.843,871.7,-467.8064,303.88284,847.6478,-465.209,521.55945,814.2157,-582.6639,381.33093,779.76154,-758.71936,456.41196,825.5954,-612.8905,420.70206,774.08624,-801.60144,463.8138,764.9656,-598.4738,413.59238,724.68494,-766.42596,483.93985,764.76447,-572.20795,413.01868,733.94244,-744.71014,652.59143,904.9753,-48.397427,501.50494,896.0164,48.804436,692.5469,1024.2236,-532.0469,311.93832,977.3997,-266.2669,687.621,1172.7086,-71.35933,443.72287,1076.6196,193.10739,683.6272,1193.679,-26.656738,492.73578,1083.993,237.65164,699.27716,1275.984,-180.7004,392.00156,1190.6519,186.92464
015.jpg,445.2176,540.57965,-802.5598,477.13022,502.15244,-809.716,494.02826,501.5665,-809.6776,510.8809,500.7771,-809.7308,439.46054,501.9239,-779.87524,426.3675,501.01462,-779.6338,413.26724,500.39984,-779.7968,555.49225,512.2043,-692.5796,423.05856,510.6293,-574.5553,485.13074,575.7714,-748.5265,434.98984,574.38245,-712.6439,661.6299,654.31696,-542.2195,387.4413,628.8096,-416.5797,697.60834,894.3538,-511.8103,301.73953,846.2927,-504.29727,520.36847,808.60187,-605.46124,380.10773,778.703,-822.4723,457.12457,810.2387,-635.42126,419.35492,775.04675,-865.2323,471.2263,751.6769,-623.294,414.49863,725.4627,-835.58234,489.7885,752.3655,-595.4201,413.02344,733.4943,-809.7079,652.9586,914.8648,-50.2581,501.1634,895.723,50.874035,680.09717,1045.904,-525.82404,330.2056,947.6124,-312.51236,693.86957,1189.2745,-34.683815,423.48093,1078.9796,205.04944,693.9376,1208.2225,10.227248,468.45883,1092.8647,252.36617,703.3938,1297.4995,-157.22221,360.72037,1194.6779,183.12512
016.jpg,441.29016,535.82526,-951.7012,472.93753,496.93976,-962.7124,490.31985,495.84988,-962.6326,507.65765,494.58984,-962.5599,434.48877,497.0904,-929.20654,420.74835,496.2486,-929.0837,407.0209,495.72464,-929.25525,552.84314,504.98456,-839.73267,416.52014,505.5436,-706.1907,482.42398,570.39996,-894.39856,430.81577,569.7722,-853.4523,652.7275,653.61066,-687.8964,387.68903,622.8912,-522.4632,670.1268,886.7984,-667.63916,304.35706,838.57477,-631.0317,497.3862,806.6122,-769.0458,378.76703,772.9668,-1016.45795,435.19223,809.0309,-811.8895,416.65814,770.5348,-1076.3975,451.15646,755.18616,-802.1522,413.01044,720.13367,-1048.319,469.1484,754.4928,-760.8307,411.55475,726.5989,-1007.5371,644.7281,914.4751,-55.337883,492.73254,890.6449,56.189285,672.15826,1111.6285,-329.33978,332.6236,1002.7375,-251.80115,684.6821,1192.8079,319.5784,440.84192,1076.0198,407.7572,683.266,1198.4958,383.41068,480.05823,1077.6353,473.8691,689.849,1299.0731,258.9944,404.00436,1182.1265,414.63403
017.jpg,435.52228,537.48114,-964.8,467.22913,497.719,-971.7739,484.5836,497.01312,-971.69244,501.85507,496.12015,-971.67114,428.74823,497.16495,-941.08856,414.9826,496.1603,-940.8391,401.204,495.4617,-940.97504,545.62396,507.7979,-837.11694,409.68628,506.1569,-715.38043,475.59875,573.19635,-903.37256,423.23267,571.6466,-866.3472,645.12695,656.0416,-671.17303,377.88562,624.30804,-530.8519,675.62646,895.8438,-650.7895,295.54666,852.13074,-668.18274,503.38913,809.10077,-740.63513,366.3773,781.2064,-1049.3628,441.33844,811.55743,-774.20605,401.12314,775.7673,-1101.8809,456.3722,753.5649,-765.578,398.9412,726.49445,-1068.2037,475.319,753.3639,-731.8404,398.96643,734.766,-1037.0665,643.2539,917.283,-54.67839,493.76855,892.89935,55.402157,651.83875,1070.853,-494.70175,317.80865,961.9005,-324.9286,680.6353,1190.8676,79.04688,407.37082,1084.3595,279.56992,683.3366,1206.8362,130.57802,451.53915,1098.1371,335.42627,688.3192,1297.0872,-43.9238,341.2366,1196.549,254.21794
018.jpg,430.87222,538.063,-822.42676,461.60513,499.87952,-825.86835,478.36575,498.93597,-825.7285,495.0576,497.79544,-825.6458,423.7459,500.36975,-799.0004,410.4535,499.71704,-798.81555,397.17444,499.3831,-799.0709,537.7579,508.41797,-691.08246,404.1188,509.7195,-585.8658,469.88635,572.8903,-762.2579,419.93564,572.27246,-730.164,637.39716,645.37463,-548.56683,366.38513,634.7241,-422.15292,671.83234,874.8854,-539.591,287.28488,855.1561,-533.4409,498.85834,806.41986,-683.9056,358.62537,780.088,-872.64874,438.72592,813.6071,-724.46747,396.0835,771.50507,-927.15173,449.0069,755.86395,-717.5284,388.69598,720.8036,-896.24786,467.02414,755.598,-677.71967,388.08624,730.5824,-861.9101,636.5709,911.2046,-50.610252,484.39108,901.98474,51.221027,667.67474,1045.5126,-553.9405,310.3266,981.0714,-301.0738,683.1088,1183.0192,-39.550583,432.61493,1067.8151,270.15475,681.90155,1200.2778,9.137034,478.45624,1072.3292,324.81213,697.62164,1293.5431,-156.8057,388.6008,1182.2545,268.85574
019.jpg,418.63428,541.7489,-906.0836,448.79886,502.4477,-916.0671,465.5395,501.13828,-915.9717,482.25735,499.60944,-915.90814,411.473,503.81195,-883.7177,398.48398,503.32004,-883.5096,385.47662,503.1444,-883.7406,527.62396,507.6602,-792.16705,395.76358,511.4772,-660.33795,459.64105,573.33307,-847.4214,410.00558,574.1394,-807.23926,644.50775,650.3204,-625.7725,364.927,622.76953,-489.05154,685.5915,895.0897,-629.7864,276.1311,834.55853,-592.3716,489.15808,814.6368,-748.8257,357.2136,777.7235,-936.98914,418.15005,817.9919,-788.056,396.3803,777.5363,-988.32367,433.4125,755.7212,-765.9536,392.48947,728.9707,-957.3904,453.56573,755.8833,-735.2806,391.87277,734.68524,-925.7642,630.6246,913.66846,-54.231735,475.27054,891.9247,54.757072,665.7212,1072.514,-575.91125,297.74973,971.5253,-339.1909,668.2086,1181.0049,28.955141,408.35236,1083.5166,274.0239,663.85,1192.1094,87.43038,452.7838,1092.9838,333.9898,675.82904,1285.4966,-78.07194,354.13968,1196.1744,250.04062
020.jpg,424.97687,538.5824,-1047.7806,452.50272,500.9594,-1044.4746,468.4011,499.8587,-1044.464,484.21686,498.6125,-1044.4589,416.357,501.57657,-1018.0422,403.408,501.15567,-1017.8152,390.46136,501.033,-1017.88196,522.3747,507.69733,-875.9412,396.4104,510.3035,-778.5885,462.04993,570.7568,-975.27423,412.6232,570.765,-945.3704,626.0494,649.55096,-724.91516,358.42746,632.3021,-584.8682,660.93445,882.10815,-812.63916,272.70773,852.33624,-782.23926,480.84766,806.3793,-1025.9169,349.09924,782.83563,-1215.4196,417.49286,813.9525,-1076.9724,387.61484,777.5557,-1289.4874,428.49164,752.72284,-1074.9263,385.00085,727.80927,-1249.8328,447.876,750.92676,-1022.40576,382.88376,736.196,-1202.7721,637.22644,920.2933,-50.548046,486.10513,900.8643,51.45487,663.7337,1107.5164,-560.3859,300.73798,974.712,-382.37863,669.1918,1186.6498,133.97061,389.87125,1084.9532,225.1607,666.0107,1191.563,200.40881,429.46045,1095.8888,282.37747,669.3766,1285.5986,60.369396,332.2621,1185.1044,177.96123
021.jpg,411.63608,540.13275,-955.2521,444.989,502.75452,-959.5734,461.97083,502.5313,-959.444,478.87378,502.1219,-959.3491,407.11655,501.00986,-929.3785,393.89893,499.5426,-929.1941,380.6905,498.4112,-929.37463,522.5872,513.1668,-819.6025,389.72284,507.33615,-704.08746,450.43878,576.3415,-892.74255,399.995,573.02185,-857.5058,622.5201,656.26373,-674.82764,354.7936,632.5809,-519.55194,666.4173,883.48114,-705.605,271.8816,855.3257,-668.9631,486.30786,808.14355,-870.8825,344.43182,787.5394,-1061.9849,423.2652,815.73724,-913.14935,381.80453,781.89185,-1123.8348,434.62024,754.7738,-906.7814,377.7749,730.42706,-1089.5922,454.22116,754.2051,-864.3908,377.22955,739.2724,-1051.1598,630.5234,916.2562,-63.019222,479.8156,899.84863,63.735996,641.81635,1083.0072,-520.8914,275.52258,991.74817,-252.86086,671.4476,1181.4932,56.23312,401.1972,1055.1497,326.6826,675.504,1192.5947,112.98716,444.9883,1056.5273,385.01953,679.0434,1277.1772,-22.87398,356.01965,1150.7106,335.33426
022.jpg,420.55286,540.8269,-1042.4198,450.15744,502.77106,-1045.5302,466.6071,501.85455,-1045.5122,482.96368,500.78168,-1045.4841,413.36087,502.45697,-1016.4322,400.31757,501.62384,-1016.26697,387.2803,501.10095,-1016.4116,523.677,509.24606,-892.4993,394.93292,508.86682,-781.56464,458.58875,573.66144,-974.579,408.94794,572.6285,-940.76587,630.60846,651.83905,-734.41046,356.26828,629.19745,-589.04443,663.3032,886.23566,-790.66925,284.35794,856.2668,-770.7752,489.3905,808.22736,-991.39087,353.32852,784.37775,-1199.8722,427.03714,816.0257,-1041.6943,388.51193,776.0468,-1276.0879,440.472,753.6931,-1042.5997,384.78842,727.0342,-1236.9922,459.45953,751.04736,-988.3477,384.556,735.6641,-1188.0675,639.1705,917.0356,-56.389553,484.9665,897.4886,57.377697,663.0074,1103.7499,-461.12628,306.43958,994.5037,-280.6076,670.8425,1186.7882,209.16676,384.7568,1077.2157,365.8288,669.6107,1190.69,274.33664,420.31967,1083.4325,429.24493,666.85474,1293.9083,147.09125,332.1029,1174.8563,360.26285
023.jpg,414.77786,538.7362,-902.9084,448.1266,500.8469,-916.06946,465.3392,499.97852,-915.99854,482.5122,498.89648,-915.9163,410.3978,501.08905,-877.72064,397.50333,500.36087,-877.49835,384.62323,499.98242,-877.61273,530.6134,510.254,-805.6028,398.04648,510.87,-646.68744,456.84583,575.6563,-849.83734,407.5076,574.5834,-802.0973,642.53925,660.6858,-656.9581,373.04706,633.7037,-469.42868,673.6098,895.89056,-630.92896,282.16992,846.9797,-588.3038,496.13855,815.688,-742.6432,357.8796,775.03186,-945.88574,433.54614,819.8909,-787.392,394.5315,768.8134,-1003.50146,446.94748,761.38086,-779.2732,393.16382,720.51404,-966.8308,466.55536,761.49854,-734.61224,393.00986,729.81635,-934.3842,646.6518,919.7701,-75.38485,493.933,900.6829,76.187164,659.18494,1057.6958,-635.425,303.78506,978.7444,-250.50452,685.25885,1186.7745,-74.544014,415.1073,1084.8899,335.00412,688.2698,1204.7778,-21.147894,462.72205,1095.2488,391.45538,692.1798,1293.1504,-190.36934,356.13068,1198.1854,325.5472
024.jpg,427.50964,537.54205,-976.02216,458.69012,499.81516,-983.0424,475.18347,498.91296,-983.03375,491.65775,497.81525,-983.00726,422.50095,500.16333,-947.03015,410.01315,499.50458,-946.7917,397.50424,499.17926,-946.8874,536.5358,508.42267,-845.47253,409.49387,509.18402,-699.0109,467.6864,571.4256,-913.3714,418.9136,570.74615,-869.273,649.6877,654.36163,-691.8094,380.97028,632.7003,-511.4909,696.50543,893.93695,-761.6935,288.39636,849.559,-681.4187,505.15497,811.7219,-937.7022,366.19305,780.2048,-1067.6328,437.5705,816.1973,-987.5055,403.16293,775.3931,-1127.0737,450.48224,753.94977,-968.6517,402.2716,727.9366,-1084.415,470.74655,755.18,-925.7267,402.0505,736.28595,-1053.0823,656.8803,930.2707,-71.74436,505.96713,910.68024,72.66786,663.4616,1081.3782,-629.87616,311.9679,963.8387,-326.23428,692.64374,1183.5896,11.751398,437.6992,1080.0864,270.45932,696.5058,1193.941,74.092545,486.039,1091.2618,327.9248,695.038,1284.2687,-81.67348,378.15103,1188.5481,247.655
025.jpg,437.71277,538.0966,-962.53796,467.5248,501.2038,-969.34045,483.58304,500.52997,-969.18677,499.59195,499.68042,-969.09186,432.36826,500.94342,-936.534,419.96082,500.01447,-936.4549,407.52515,499.40546,-936.63434,542.4566,510.16595,-838.9848,418.94235,508.77072,-711.2418,476.74277,570.0952,-903.831,428.30914,569.13654,-864.39667,656.1032,653.1846,-702.61835,390.4318,620.65924,-532.2314,698.85565,895.165,-724.00867,302.9578,850.7124,-719.2129,502.99896,818.5187,-812.1881,369.28763,777.18976,-1130.2458,435.87497,825.2017,-846.9494,403.1888,774.18176,-1181.8448,448.54968,765.53107,-825.1596,402.7109,722.81824,-1146.9545,471.19162,765.3898,-797.60895,403.3711,730.3283,-1118.4615,656.6592,914.1495,-65.964195,505.2617,884.578,66.57651,668.5596,1107.68,-493.69632,300.25858,948.7782,-313.10223,696.2612,1182.6179,187.16205,450.00165,1044.9801,250.53188,697.986,1185.8196,257.1003,495.89288,1049.1744,309.13416,703.533,1284.0239,166.89348,409.25156,1150.2184,264.7403
026.jpg,442.42865,538.0782,-975.7122,474.85532,501.00867,-984.10205,491.8052,500.51398,-983.9802,508.66644,499.85876,-983.84796,437.4222,499.73843,-950.19434,424.33868,498.4417,-950.046,411.23773,497.47586,-950.2254,552.01996,509.98157,-852.7693,421.12726,505.8894,-718.007,481.444,573.41077,-915.9915,431.48984,570.7983,-875.17,652.28564,653.6984,-722.6293,396.45578,625.2097,-524.88556,679.81323,872.3893,-748.5233,323.69702,839.9745,-682.9394,495.24933,806.8246,-885.3882,373.82852,781.16974,-1138.4801,432.01987,816.5254,-932.9381,402.09387,780.0569,-1209.8591,442.13257,759.5397,-930.6901,401.69394,728.4673,-1183.5593,463.8995,758.5673,-881.486,403.95322,735.6563,-1133.892,667.67535,908.1174,-77.103165,519.418,883.6828,77.93244,644.42737,1101.6176,-506.65204,315.6794,961.35,-261.1725,703.9123,1188.0203,70.10309,446.40335,1055.45,284.5909,713.3796,1190.5098,128.02998,489.6524,1059.6614,339.2606,705.30225,1298.2452,22.22945,411.43118,1156.4851,298.22424
027.jpg,443.45303,535.647,-929.66766,477.71524,499.0849,-946.5081,494.45465,498.98346,-946.4471,511.14047,498.6984,-946.3491,441.84436,497.1675,-906.76605,429.5627,495.63995,-906.6895,417.26077,494.43982,-906.8791,557.8269,510.49646,-848.5944,432.39767,503.1172,-689.1448,483.55676,571.118,-881.7809,435.14407,567.6837,-833.27155,665.8581,657.9049,-710.32434,406.47556,623.8088,-512.37933,691.69244,886.76,-709.20917,318.9037,840.74915,-649.7989,507.3918,817.60895,-820.0961,381.6319,776.4054,-1050.1136,442.37094,825.4952,-859.11304,417.1262,775.86053,-1107.9207,454.82394,767.9474,-855.01917,415.56155,724.7495,-1079.9789,475.75085,766.772,-812.53064,415.08932,731.7405,-1041.8749,673.6541,920.65314,-73.31332,524.2526,892.595,74.04198,668.2289,1129.5487,-319.83548,324.03162,967.3969,-240.22415,709.1532,1191.9917,295.5437,466.12708,1063.3395,280.3169,713.53613,1195.6833,358.81277,511.36417,1068.5952,333.697,712.73737,1287.5669,276.55878,427.9945,1164.2659,297.0968
028.jpg,455.66568,548.8923,-1066.8348,485.78772,510.79858,-1073.033,502.05975,509.96704,-1073.0354,518.2825,508.94543,-1073.0563,449.7559,510.17004,-1040.3618,437.13666,509.0724,-1040.0714,424.54132,508.29828,-1040.1382,560.36,515.79944,-920.37805,433.7975,514.3072,-792.2955,493.57495,580.50745,-997.988,444.77197,578.8384,-959.51025,667.73157,653.5632,-770.9192,403.22028,627.997,-582.85474,699.753,881.71313,-847.97955,327.76953,842.67847,-769.4497,506.93604,813.862,-1033.3624,389.5047,779.1534,-1219.2737,440.36423,822.5082,-1083.9971,421.9466,773.9884,-1295.6637,451.44482,762.4228,-1075.7148,420.2033,725.1489,-1260.9647,473.46497,760.5616,-1026.7755,420.74,733.8982,-1210.6111,682.7087,911.5969,-75.41496,534.00336,889.7993,76.55905,662.3661,1078.4741,-593.6135,341.582,951.7489,-253.76942,715.01306,1187.702,7.352084,423.62097,1069.6473,368.33118,726.895,1195.0322,63.785446,461.7248,1082.3116,427.8445,703.9062,1296.7837,-97.40701,365.89374,1166.4196,341.34055
029.jpg,458.49365,543.96857,-981.7885,491.97888,506.86923,-993.1517,508.5467,506.91766,-993.0945,525.0951,506.74478,-993.097,456.11508,504.63855,-955.96027,443.76135,502.9815,-955.7184,431.38483,501.65805,-955.76935,570.2868,518.054,-872.5801,444.58533,510.1861,-721.14624,497.32996,580.0266,-925.5251,448.84674,576.00525,-879.7987,683.1192,665.96875,-740.12775,415.8587,629.5038,-529.98987,722.7884,902.12555,-773.0294,337.3992,848.5873,-688.51874,522.89514,817.2314,-869.4535,395.73578,784.1851,-1094.8408,453.22937,822.05554,-904.1926,425.02573,780.2902,-1154.8593,467.12213,761.44775,-889.67004,426.34265,731.8119,-1117.9387,490.9715,761.59534,-857.8556,429.14978,740.25616,-1084.5383,691.6423,922.908,-88.24313,541.8018,897.4625,88.96507,674.90326,1083.0742,-680.0348,328.5023,957.38885,-240.13821,728.9564,1190.6202,-128.66339,455.70612,1066.9425,330.2394,740.048,1199.9031,-74.59886,504.24493,1078.147,387.45325,725.1796,1300.8552,-224.50925,393.59607,1172.922,334.41556
030.jpg,469.61136,544.16986,-1008.46765,503.60333,508.12253,-1017.16455,520.05963,508.7123,-1017.03015,536.49426,509.10147,-1016.9882,467.75418,504.34302,-981.90436,455.31036,502.0281,-981.82275,442.85773,500.05188,-982.0247,580.9475,519.50476,-881.0361,454.7481,506.43024,-744.8926,507.48584,578.66846,-946.5684,458.68936,572.96893,-904.90204,697.0798,666.35236,-732.15686,419.49008,622.836,-559.6815,734.7045,912.5933,-791.867,332.5494,845.13715,-756.1281,542.1576,819.6368,-931.3221,408.30853,779.9729,-1188.2897,472.8816,821.0814,-971.88354,443.73376,776.9541,-1252.0537,489.87488,760.9568,-951.62103,445.91013,727.17505,-1210.2579,511.24548,761.7379,-917.5684,446.1771,735.4185,-1174.8539,698.4702,932.7397,-70.89653,543.479,902.9633,71.808525,690.0156,1134.0303,-454.32712,344.42996,985.0674,-243.65088,735.79175,1198.802,207.48187,467.42477,1047.6624,419.82037,745.1819,1201.1233,274.29047,509.3067,1050.5071,488.48004,727.9257,1299.2515,151.3242,416.1299,1137.7468,445.39926
031.jpg,482.6708,547.3002,-1038.224,513.81024,510.5594,-1051.906,529.7136,509.88803,-1051.9283,545.55646,509.0591,-1051.9277,479.46448,509.7203,-1011.67114,467.73962,508.56165,-1011.4579,455.99866,507.7469,-1011.40765,588.6601,517.10767,-929.51605,469.84064,513.6585,-768.3389,521.0169,578.47015,-981.3195,474.24304,576.49896,-932.7282,700.99567,653.684,-801.2365,439.24457,629.843,-557.5845,711.2441,891.4124,-907.64624,347.70834,839.70807,-777.2238,518.8478,821.3783,-1105.746,411.64438,777.30176,-1246.0831,451.21906,830.79315,-1159.0177,446.94592,776.9181,-1314.6316,467.61075,773.0383,-1155.4905,448.20847,726.4345,-1275.4958,490.36774,772.50653,-1099.835,447.73453,734.14355,-1234.7231,717.62695,926.7751,-93.09297,569.0043,900.56104,94.005936,670.6934,1143.7655,-499.18008,358.557,950.73645,-241.3849,735.11414,1182.3575,188.06955,503.3294,1059.5195,277.57904,746.9641,1174.2194,261.08643,550.12823,1068.22,331.0071,729.80084,1292.4994,206.16075,459.55957,1163.6709,296.6763
032.jpg,485.96695,546.08636,-1063.7141,518.72943,511.20398,-1082.9645,534.40515,511.31732,-1083.111,550.06616,511.2522,-1083.2534,485.8937,508.752,-1037.394,474.9781,507.02563,-1037.165,464.02917,505.63724,-1036.9911,595.9207,520.7343,-966.6486,481.8078,511.5683,-781.42487,524.72577,576.9696,-1007.49036,479.48666,573.17114,-951.80225,718.4777,662.96655,-810.6767,455.34293,625.625,-553.7397,736.6471,912.0831,-893.1599,363.70984,842.34,-731.402,539.85504,825.7288,-1056.9458,427.35446,780.9732,-1171.1537,470.49228,827.3366,-1111.7261,462.01562,781.2529,-1228.7848,488.1841,770.06335,-1090.3231,462.53113,731.7733,-1196.6166,509.24496,771.27515,-1042.3807,463.0467,737.8559,-1160.6285,724.26263,931.25806,-102.348206,576.76843,903.10034,103.35883,666.59094,1146.9623,-483.14932,374.12418,988.4967,-249.97206,744.52014,1182.8854,216.20827,542.8812,1069.0642,357.76147,761.2147,1175.5394,290.81873,591.05365,1071.1313,423.10168,736.56573,1286.813,228.25893,504.396,1168.3613,405.54077
033.jpg,489.55566,547.07117,-1021.592,522.3493,508.1985,-1037.2845,538.5179,508.0283,-1037.2987,554.66833,507.6624,-1037.4215,488.2313,506.0323,-996.87787,476.7235,504.39404,-996.65576,465.17123,503.09674,-996.6152,600.63306,516.31104,-923.00653,482.25354,508.48743,-760.4956,529.13245,579.10645,-966.81525,481.90707,575.6695,-917.9513,724.4543,663.38135,-773.44293,450.3292,623.7617,-562.6845,744.4787,927.51355,-822.3191,355.46533,856.10297,-810.7709,540.61694,831.6772,-877.4928,426.1798,777.2621,-1231.3002,468.16577,832.83563,-899.1457,456.53833,767.57214,-1282.3805,488.35104,772.1773,-881.5217,462.18866,719.81946,-1223.8044,512.96674,773.3401,-860.5957,466.14624,732.07947,-1210.1836,736.76196,930.67334,-93.752914,584.55786,902.8147,94.4159,665.9934,1122.4717,-593.82855,364.6053,970.3292,-188.89783,752.8347,1194.5814,-31.16007,524.10516,1062.26,344.43826,773.009,1192.2434,26.885937,574.2512,1068.8392,399.53183,749.219,1315.6494,-81.928535,472.2383,1168.4596,374.97934
034.jpg,496.71017,539.73474,-1049.4347,529.0498,502.20737,-1062.5248,545.06964,502.32233,-1062.5513,561.0483,502.25214,-1062.7089,494.5467,499.58347,-1023.8181,482.83746,497.9204,-1023.53375,471.08908,496.59668,-1023.4341,604.73346,512.1379,-928.4918,485.4198,503.18848,-775.4518,534.6936,572.849,-986.8437,487.15836,568.8865,-941.02405,723.62256,658.8564,-782.38617,453.40833,620.858,-555.3904,748.1513,913.6527,-883.1708,369.4332,844.67523,-784.1243,547.3679,826.5814,-1060.898,433.0396,767.82544,-1258.3125,477.83853,832.1168,-1103.71,463.83218,761.5013,-1325.0237,494.48532,769.083,-1093.4154,468.37244,712.2522,-1277.9904,517.8022,768.4813,-1050.0258,471.88388,722.46783,-1242.5321,742.2058,923.80286,-97.46766,592.09,896.9658,98.26621,667.21454,1107.6699,-683.32056,360.65027,958.9538,-281.27594,748.78595,1190.505,-84.052795,504.28833,1083.9995,253.81105,768.48157,1188.7075,-23.591764,553.73346,1094.777,306.6414,742.2473,1310.9241,-148.75972,447.8902,1196.6465,248.9973
035.jpg,499.5622,540.6542,-1131.028,532.1791,504.581,-1145.0453,547.8726,504.87054,-1145.1002,563.5162,505.0102,-1145.2045,498.4497,501.3548,-1102.9852,487.00214,499.42303,-1102.692,475.50912,497.84082,-1102.5131,605.9071,514.63617,-1014.92365,490.31842,503.14145,-847.945,536.6775,572.64655,-1071.5277,489.76712,568.08264,-1021.39734,721.92126,659.88806,-881.80505,457.9656,620.82623,-606.9069,732.6826,917.57043,-1062.7972,382.3598,843.54376,-875.42944,538.7781,822.1352,-1310.8582,428.63116,781.41125,-1429.7089,468.46387,824.9211,-1366.8812,457.48248,781.5674,-1502.7539,490.3315,760.72577,-1358.0435,459.78534,732.2984,-1463.0388,512.81995,761.80444,-1301.2279,463.0732,738.5305,-1418.0782,739.49744,925.68225,-104.44432,592.02106,892.08984,105.51594,646.0628,1153.9171,-477.59726,361.74594,942.3323,-250.53424,744.16113,1182.5756,219.49728,522.37775,1064.8265,238.83766,768.3638,1171.2731,291.68658,569.7359,1075.0433,287.71432,728.3203,1286.464,237.70789,482.63025,1161.1967,246.51927
036.jpg,501.14572,537.3198,-1090.4331,534.158,499.76154,-1110.7163,550.5854,499.7774,-1110.8043,566.9348,499.64008,-1110.8804,499.0786,497.0066,-1066.6506,487.00882,495.28226,-1066.3641,474.88373,493.88556,-1066.2999,610.526,509.46808,-1002.3977,489.95538,499.90918,-824.03613,539.7492,570.49365,-1037.9417,491.38272,566.63855,-984.36224,724.04535,662.34155,-873.91614,466.26358,616.76776,-592.6673,723.9895,921.4258,-944.87195,394.1037,842.98364,-828.0144,540.06683,821.4826,-1072.9382,430.31937,783.1519,-1374.398,471.52435,823.49805,-1120.6641,453.53842,783.1007,-1446.4991,494.35748,760.3779,-1119.1862,456.75977,734.3019,-1409.5067,517.5172,761.00006,-1066.0596,462.6343,739.8925,-1365.2197,746.389,923.97687,-105.984955,601.08704,887.3946,106.98716,651.34106,1162.3116,-363.35748,391.88293,949.43506,-241.29266,750.8053,1179.6552,305.37314,545.6151,1079.6472,243.66194,774.2552,1165.0763,376.00534,590.82074,1090.5321,293.7705,734.899,1288.8195,350.66663,509.55048,1180.2692,267.6447
037.jpg,505.39343,541.5255,-1040.442,538.7278,502.52753,-1058.172,555.35767,502.24994,-1058.1754,571.92224,501.78796,-1058.2395,503.34775,500.67914,-1016.5799,491.24332,499.178,-1016.2808,479.1044,498.00922,-1016.20325,618.66656,511.3079,-937.9498,495.20206,504.8232,-770.33203,545.82654,574.5583,-982.9602,496.87805,571.5934,-932.7796,736.752,660.72186,-800.3839,470.51855,616.6417,-556.9585,743.0789,917.5505,-890.7928,382.24982,830.3142,-767.61273,542.6053,831.5799,-1066.7449,433.0719,767.8464,-1252.0182,473.98636,835.9359,-1115.2188,459.49207,767.8517,-1321.8285,491.70547,775.10394,-1109.8722,466.84207,718.68713,-1285.6619,514.812,774.4978,-1058.6932,471.69238,726.63916,-1241.5693,755.5184,929.9804,-99.57424,608.1803,898.9461,100.5257,671.6036,1116.0825,-569.18567,390.20663,947.7284,-260.22052,760.60913,1179.0227,59.276127,543.62006,1084.666,236.48573,783.124,1174.5623,124.31975,594.72516,1097.9741,286.18835,745.5476,1294.021,35.81567,491.12292,1193.6442,238.60574
038.jpg,507.22903,544.05585,-1003.82764,539.07465,504.74738,-1021.7961,554.9976,504.08478,-1021.8111,570.8744,503.23517,-1021.8731,505.31177,503.8979,-978.482,493.82874,502.68814,-978.1759,482.31943,501.83325,-978.0922,616.58356,511.03757,-904.3489,498.98056,507.25278,-729.73285,546.8824,574.9663,-947.2181,499.95428,573.04333,-894.98785,736.8649,654.7417,-782.2492,471.88718,617.028,-513.7298,746.1233,916.3474,-855.8299,379.8827,827.03125,-721.3996,542.7463,853.8995,-1005.75806,431.79437,767.2013,-1212.9445,475.02658,866.7824,-1053.0574,460.72372,770.0624,-1285.5992,488.86652,805.34045,-1051.1456,467.61923,718.8499,-1251.4269,513.1553,802.7922,-997.50604,471.75674,725.915,-1203.54,753.42694,934.005,-106.410675,605.4519,904.1543,107.29686,672.4281,1121.3353,-655.7012,369.29422,947.65436,-228.91658,762.1166,1187.291,-20.337383,527.0279,1089.3708,242.78711,784.7792,1182.5708,46.31825,580.54297,1103.0168,290.23126,745.3453,1302.0552,-41.86867,469.37805,1199.9629,248.15105
039.jpg,508.63068,540.4107,-1110.0397,541.56244,502.1997,-1124.2926,557.6776,502.21045,-1124.2625,573.7767,502.0344,-1124.2852,506.51495,499.47443,-1084.6215,494.6756,497.5241,-1084.2842,482.80817,495.9169,-1084.2225,617.621,509.26105,-981.3619,496.36633,499.8657,-823.6094,546.4388,572.4149,-1043.888,498.808,568.2015,-996.63043,734.07574,650.2397,-848.549,465.01437,614.0773,-581.53235,741.3662,914.59766,-1009.3218,386.6304,842.26447,-831.22656,542.216,819.4656,-1272.1233,432.98367,773.5755,-1344.2372,472.45932,824.0168,-1330.4662,460.7084,768.70557,-1412.8866,494.63245,758.6963,-1321.476,460.94202,717.2001,-1368.6863,518.03705,758.7639,-1263.0046,466.16882,726.06744,-1330.0585,758.2626,910.7608,-108.85912,608.5394,888.06946,109.92437,671.84564,1107.742,-726.6474,382.28552,977.4633,-186.15622,759.8826,1192.7468,-120.514366,570.15063,1050.0874,392.27414,785.9201,1189.1787,-58.768536,619.6042,1047.5477,451.25635,741.906,1313.6151,-176.4345,545.6911,1152.9277,421.88934
040.jpg,509.281,538.4921,-1007.3947,543.5154,498.52728,-1023.8956,560.4998,498.12482,-1023.871,577.4108,497.56335,-1023.8449,506.76364,496.83447,-983.6712,494.11865,495.32718,-983.41406,481.45642,494.141,-983.39374,623.77313,506.91605,-912.31665,496.03137,500.8066,-749.98755,549.6853,573.57166,-955.10785,499.80258,570.587,-906.1685,735.1355,660.2063,-796.8448,473.69928,616.17786,-547.24164,734.92975,911.1845,-867.60046,392.23846,831.7545,-758.74243,552.26874,818.0312,-1042.1003,431.9315,776.3166,-1263.4552,486.26337,822.2551,-1089.6649,457.79147,778.6551,-1337.8096,507.30005,759.45844,-1096.1702,462.40533,727.2229,-1302.9967,530.0409,758.85004,-1038.6155,467.3777,734.01624,-1254.7805,757.34436,922.4712,-103.40225,609.09064,889.04376,104.407845,683.86334,1139.729,-494.22882,391.605,953.3587,-142.15099,762.9813,1194.4326,81.459816,518.36444,1069.7006,328.982,787.0168,1189.9873,139.64023,561.4299,1081.2833,376.07556,735.4364,1299.3268,55.268787,474.11948,1160.6582,346.93628
041.jpg,510.19702,539.5913,-1000.62354,541.5639,500.43686,-1017.1922,557.4141,499.20306,-1017.13165,573.24664,497.7681,-1017.1129,507.54434,501.1603,-974.0663,496.1909,500.4301,-973.76935,484.83978,500.05795,-973.7381,620.0697,503.57803,-892.1879,501.3373,505.1968,-713.9559,550.77374,570.30164,-941.60425,505.16125,569.9547,-888.4301,739.7997,642.4703,-766.5111,479.83475,618.8184,-489.20724,741.25977,897.66864,-861.18054,393.9946,835.3359,-708.66003,548.4124,825.582,-1082.1588,430.6946,772.8557,-1212.3949,482.17313,834.8562,-1135.696,454.36832,771.40924,-1288.6536,499.84015,774.3665,-1136.7828,458.46512,720.23193,-1253.2319,523.08984,772.9525,-1075.5724,465.64557,728.43097,-1203.4657,770.81573,916.1472,-110.13828,622.19073,897.30237,111.09136,690.8324,1090.7007,-741.8126,388.88657,976.894,-157.6984,776.3695,1201.3652,-186.66759,575.10284,1059.9847,378.40216,802.1639,1204.9747,-130.36304,627.14233,1060.0964,432.33856,755.7106,1319.718,-267.25485,546.8155,1162.2913,393.9445
042.jpg,513.30206,541.4787,-950.06537,544.90704,502.3297,-967.4665,560.6467,501.46793,-967.4789,576.3539,500.42386,-967.5268,511.1121,502.02368,-925.0355,499.83298,500.96625,-924.78815,488.55173,500.2502,-924.76855,622.05585,506.34384,-852.407,505.01205,504.59186,-682.58685,553.06433,571.1438,-895.12384,506.94678,569.91223,-844.4122,743.43726,647.32635,-731.2876,479.4376,616.68085,-468.47488,747.5827,909.3096,-829.0454,384.2765,823.24084,-659.8225,543.9596,819.94666,-1037.6077,438.13217,764.3533,-1116.5488,474.33102,821.8308,-1085.5659,468.77695,764.4161,-1179.3215,494.0835,759.96674,-1078.8121,471.41742,714.8332,-1140.1804,516.9094,761.03595,-1028.4513,475.65512,723.1655,-1103.3203,770.89154,917.04767,-107.88551,623.76746,895.4025,108.74174,672.5469,1100.5269,-697.6774,384.71295,964.4335,-154.24518,772.25696,1193.6544,-145.81189,587.63794,1054.623,309.58087,801.1351,1190.8184,-86.46932,640.7415,1054.2122,358.03284,752.0666,1313.2114,-176.33997,562.3216,1156.4752,344.1172
043.jpg,508.1819,533.3947,-919.77106,539.4081,493.46054,-946.35065,554.71387,492.60922,-946.4062,570.0397,491.59045,-946.5831,507.73715,492.5235,-897.61945,497.1918,491.19348,-897.3639,486.647,490.22272,-897.13696,616.2089,496.02448,-868.69507,507.30637,491.7428,-673.05054,548.0572,561.952,-877.32806,504.31372,559.9462,-818.85175,744.78894,637.7946,-761.2438,480.49762,601.80457,-465.6494,735.6548,915.8179,-804.80817,371.92706,819.48175,-709.9904,544.1737,821.0082,-888.432,431.8191,767.57355,-1197.7633,475.23727,822.94604,-912.73694,462.46848,771.33185,-1253.7671,500.11423,762.1494,-916.0248,471.21268,720.0032,-1204.8531,524.1938,762.3146,-878.0846,476.32266,727.7923,-1179.8877,779.52826,922.6848,-117.0706,631.1483,894.4121,117.84514,668.41327,1155.3727,-508.15305,387.6783,977.0327,-44.959232,779.9762,1200.1238,81.77565,575.3793,1043.1993,398.17783,811.7926,1189.1615,147.62158,626.9441,1042.662,447.01544,759.2525,1316.5265,115.41749,537.0872,1137.1683,474.17136
044.jpg,508.035,536.4106,-1025.9121,540.18243,497.89444,-1051.8196,555.90704,497.50604,-1051.9325,571.6,496.92078,-1052.1193,506.9494,496.3769,-1002.87085,495.85095,494.8968,-1002.5657,484.78052,493.78027,-1002.39636,616.50195,504.37958,-950.4738,502.65442,497.8964,-752.60547,547.0613,567.6377,-973.40717,501.50323,564.6308,-914.76025,738.3238,648.7581,-823.4009,478.05417,615.0867,-509.26437,719.6136,913.3036,-769.64764,383.60587,828.5952,-759.8833,525.9551,831.89905,-772.82715,435.81488,762.78973,-1338.2377,460.5628,836.93896,-800.37146,457.71545,763.0211,-1419.1737,480.77295,780.74457,-812.6497,471.53452,715.14636,-1376.4165,505.10565,778.35144,-766.0943,479.48938,722.7076,-1326.842,777.99994,925.963,-124.561844,632.14905,899.3948,125.42869,640.1129,1139.1284,-622.2408,387.1116,955.1694,-143.19656,780.0346,1189.2051,-13.613907,593.6299,1065.9307,317.2159,817.85376,1177.0098,55.09113,650.06885,1072.2522,367.13095,758.3052,1310.9504,26.194738,558.48987,1166.6483,382.42523
045.jpg,499.3777,536.07275,-1015.5811,531.6998,496.53043,-1040.1012,547.7491,495.53485,-1040.2097,563.7745,494.3414,-1040.3356,497.6188,496.01514,-992.62256,486.33197,494.7099,-992.38556,475.04486,493.79962,-992.2668,611.21796,498.02112,-941.4739,493.77057,495.27386,-748.33777,540.8696,565.61725,-965.0779,495.07355,563.99915,-907.52325,743.6953,637.55365,-819.85315,471.76202,611.69995,-522.49054,761.2125,899.73193,-906.43176,381.30853,822.36035,-718.6968,544.3464,834.5137,-1087.2426,433.37958,764.9395,-1209.1716,472.63943,844.96814,-1134.169,464.29297,767.0605,-1277.9312,485.5965,781.79474,-1127.8619,466.3725,716.7483,-1244.4813,509.44894,780.6461,-1077.3641,471.12024,723.9994,-1199.0343,779.14215,921.5941,-115.0848,626.54425,899.277,115.86749,660.0921,1139.5127,-609.58673,380.75226,978.0062,-68.33428,781.66925,1198.2485,-12.445309,576.92725,1060.8827,374.0008,813.4344,1185.0144,55.35412,627.6287,1058.7566,422.40472,765.652,1320.7795,22.676172,556.2644,1159.1925,436.74655
046.jpg,505.7525,532.1688,-993.13904,537.78156,492.31042,-1017.43585,553.4034,491.60626,-1017.49,569.0262,490.70276,-1017.59406,504.89523,491.3404,-969.138,493.8638,489.9693,-968.7894,482.87558,488.94476,-968.58966,615.09467,496.16605,-916.7947,501.47916,491.92725,-717.7844,544.96246,563.72003,-941.89667,500.47867,561.01917,-882.76025,738.92706,643.10406,-811.79004,478.6007,602.5398,-484.55212,725.17676,912.8877,-818.1042,387.7823,825.1698,-730.89404,528.73175,831.20807,-882.0585,431.85315,768.696,-1273.2015,459.28473,838.43805,-916.9779,453.49258,770.4397,-1345.2045,483.75555,778.8987,-923.826,464.87082,719.5859,-1303.7819,510.55133,777.1335,-872.8957,473.03427,727.35565,-1261.3878,776.90137,927.7201,-133.65526,626.92004,896.34125,134.72964,665.84467,1130.0615,-723.9313,373.82297,976.15015,-30.871563,778.4736,1205.5432,-150.20761,532.5534,1070.6603,500.00793,813.82965,1202.5061,-88.95775,584.372,1078.9019,556.05444,746.71643,1323.5784,-177.5276,477.52725,1165.6744,559.7632
047.jpg,505.13242,523.2238,-878.8869,536.7536,484.52167,-895.5053,551.9274,483.773,-895.5977,567.12885,482.7967,-895.79395,504.90298,484.3753,-850.25366,494.561,483.4297,-849.94934,484.25513,482.83563,-849.72253,613.0249,489.67496,-790.8736,504.04495,487.29883,-606.3511,544.41785,554.5681,-828.2961,501.20706,552.8053,-773.61566,741.3081,634.5401,-691.61017,476.40607,611.2857,-401.94382,737.4204,901.9364,-692.57806,361.5042,835.64197,-662.6381,539.7376,815.09576,-723.61536,425.42224,766.5768,-1132.6804,470.85086,820.0878,-743.0074,450.57993,763.40094,-1193.6777,492.1378,760.3215,-745.9027,462.08783,716.81177,-1136.842,517.6354,760.7712,-710.9297,469.89606,727.16895,-1113.21,780.343,922.4067,-118.715645,628.9942,902.7332,119.46486,674.39594,1086.269,-814.8037,363.5043,969.00745,-118.050545,785.5374,1201.7344,-296.70895,557.59796,1080.4943,325.49127,818.52765,1203.2979,-240.30188,613.67914,1086.3904,372.53152,758.5202,1325.5486,-344.69284,512.2126,1185.8673,359.3575
048.jpg,502.5514,527.1899,-878.53894,534.39484,489.12396,-900.7867,549.16003,488.71375,-900.785,563.9151,488.06934,-900.95306,503.7578,487.78256,-853.38324,493.99634,486.13705,-853.09357,484.22437,484.84897,-852.9384,609.3734,492.4428,-806.41724,503.88553,486.05746,-613.7342,540.2369,556.61444,-830.07227,498.74622,553.6085,-773.2503,735.4177,630.07367,-723.84546,476.75616,600.6197,-399.27808,731.848,888.1072,-731.7286,377.93192,806.66296,-660.09283,528.2963,809.4188,-778.90857,424.6997,755.2076,-1223.0823,461.0924,817.11804,-800.9573,446.18964,760.008,-1306.0121,480.3794,759.48987,-814.9723,461.5004,713.6125,-1261.3805,504.21222,757.7979,-771.10297,469.69662,719.7363,-1210.8063,783.9912,915.35565,-125.71902,638.837,894.64886,126.42023,652.66394,1128.5012,-663.58203,387.03067,994.12836,-51.18666,775.6469,1200.7881,-131.50856,584.8964,1068.6307,434.61014,813.6679,1188.2555,-69.68598,638.08386,1065.2561,486.73074,745.37976,1329.2522,-121.85087,556.04846,1167.2877,508.9301
049.jpg,507.9358,525.39,-960.2044,539.98737,486.20734,-983.659,555.3071,485.66174,-983.7606,570.64624,484.89474,-983.901,508.10812,485.09125,-932.87085,497.68884,483.74698,-932.5841,487.2691,482.77747,-932.5329,616.3618,491.0937,-882.2173,507.44547,485.3168,-678.76715,547.46045,555.3747,-908.56274,502.9265,553.02625,-848.20917,749.113,637.7005,-787.48334,482.89816,609.29785,-439.93243,757.1473,905.7546,-830.2504,378.32513,820.0867,-668.8748,538.44275,837.87756,-947.57947,430.3243,767.78827,-1237.7081,465.09653,851.0491,-987.35095,456.47888,773.6558,-1316.6661,482.3212,786.95636,-988.9641,465.9141,724.869,-1281.7865,508.53308,783.7603,-937.30426,472.63132,730.14716,-1229.133,788.5845,931.08655,-131.90147,640.36676,908.3559,132.6855,649.5456,1142.0457,-707.13074,371.68115,987.70215,-111.79187,787.2804,1211.7689,-152.5704,600.7148,1075.7051,326.18143,826.92755,1200.3519,-88.6736,655.9613,1073.8568,375.82477,756.59784,1333.2262,-134.81879,578.3408,1169.1462,384.22458
050.jpg,509.3829,522.3135,-919.6458,540.26404,483.48163,-935.5642,555.2431,482.59937,-935.57245,570.26434,481.50684,-935.66565,508.9294,483.40817,-890.27625,498.57388,482.40607,-889.991,488.2176,481.77496,-889.92487,616.2296,486.96423,-824.6195,507.57794,485.134,-641.9091,548.7249,551.5125,-866.78973,505.11066,550.15186,-812.16943,748.2906,625.5352,-730.26965,478.32382,606.47656,-441.7061,764.27765,887.2754,-846.9746,371.70874,815.7123,-667.6798,550.4279,812.44586,-1018.1762,425.42883,770.7637,-1162.7245,476.41238,821.8944,-1055.883,454.575,778.73425,-1232.4866,494.42688,760.1893,-1053.2131,463.4488,726.99896,-1194.0317,520.14703,759.6033,-1007.4299,468.51398,732.5181,-1151.3563,781.3787,926.9531,-111.18988,629.4206,907.56104,112.005905,699.22473,1123.5399,-728.8288,374.0964,975.66626,-115.604675,790.74615,1217.8661,-157.80415,569.4847,1079.0502,349.6558,817.5773,1215.6295,-96.343,624.8122,1081.8417,397.799,765.6823,1336.9125,-198.25037,531.3352,1184.6697,372.32352
051.jpg,513.9097,526.2866,-984.2326,548.49866,488.436,-1013.23706,564.75214,488.19757,-1013.30634,580.952,487.7959,-1013.39685,513.4456,486.35992,-962.02594,501.74863,484.53094,-961.716,490.1336,483.04034,-961.631,626.86584,494.87018,-938.28577,507.81122,486.03265,-730.4849,553.40375,558.9116,-942.07697,507.0717,554.8154,-880.3977,740.69635,645.57947,-857.4583,490.1106,598.0792,-506.62433,705.2901,901.3615,-849.01135,384.58997,795.2177,-742.2968,529.63837,801.1673,-878.6339,438.15442,753.998,-1303.0323,467.06512,800.40436,-918.327,458.609,761.25995,-1381.3685,494.7224,747.1976,-925.0652,476.99622,717.2482,-1342.1211,517.85046,746.3301,-871.5781,482.86142,721.52985,-1294.5457,780.6159,926.2913,-130.88014,637.15173,892.1238,132.02313,684.0111,1207.3844,-301.1356,406.89166,981.6267,9.206458,803.4292,1232.8585,261.57083,585.343,1055.4424,441.10443,838.64844,1220.0796,325.4518,632.4854,1056.8746,490.72083,770.1883,1338.5579,327.46027,555.50415,1130.5194,529.9123
052.jpg,520.6502,525.1405,-888.30554,552.6731,485.95975,-906.7598,567.9099,485.17673,-906.83826,583.15894,484.1718,-907.0366,520.94727,485.55017,-859.181,510.5963,484.3825,-858.87897,500.24182,483.57822,-858.78235,628.9641,490.21146,-800.14984,520.1056,486.63965,-608.53235,559.86884,555.17444,-836.4653,516.00653,553.35425,-779.8161,754.8579,631.98315,-715.9224,492.4486,609.0194,-396.46906,740.63043,888.9553,-715.0982,380.47333,817.2586,-638.1894,536.0878,818.6936,-752.3607,432.764,762.3469,-1162.0807,467.5971,828.6131,-779.2031,456.52603,766.2756,-1236.1945,486.71216,772.8087,-786.01917,468.0998,718.6886,-1195.639,512.0809,770.82666,-742.8992,476.13855,725.67896,-1150.5927,794.873,931.28644,-121.6821,645.8616,910.1058,122.3581,664.8405,1131.3582,-717.2455,387.13596,983.0467,-129.13855,787.84174,1204.2697,-152.59193,602.0979,1070.6292,333.95798,824.5758,1192.3312,-87.92868,657.4285,1068.4796,385.54602,756.22217,1332.1536,-143.27115,573.47437,1172.97,396.85205
053.jpg,524.1071,527.08575,-1030.4949,552.6479,486.0237,-1049.1554,567.5039,484.39853,-1049.2028,582.3581,482.5747,-1049.3185,521.24774,487.4048,-1003.18176,510.68237,486.79895,-1002.83136,500.09998,486.60486,-1002.7134,627.0122,484.8939,-927.9652,518.3751,487.84457,-742.7295,563.9881,553.621,-972.0987,520.0495,554.3651,-916.3625,761.725,618.81555,-842.55316,490.9662,603.211,-521.47614,753.80225,893.46783,-931.2712,387.4273,815.0835,-782.5783,543.48,862.9936,-1054.9576,428.98026,769.2595,-1355.0507,474.58795,886.7789,-1095.1252,458.32977,779.55115,-1441.5771,490.0477,827.87933,-1105.6992,465.2745,725.2245,-1413.6833,515.5081,821.5498,-1048.9427,470.65662,730.3806,-1349.9053,805.566,937.3829,-114.407104,650.7101,914.3494,115.14951,707.75305,1148.9419,-685.3806,401.51477,955.62836,-161.83508,803.2037,1219.0516,-34.461433,569.4957,1085.7148,305.46234,832.6046,1210.977,35.497005,621.4067,1096.185,353.78024,771.75494,1338.3247,-41.20662,524.8519,1185.5476,308.37128
054.jpg,518.4716,525.25244,-866.3613,550.67303,485.32184,-884.1942,566.5241,483.3221,-884.27527,582.41345,481.0815,-884.34686,518.19165,488.3011,-830.7451,507.63394,488.40796,-830.4767,497.0869,488.9031,-830.4679,634.0802,487.4327,-792.68805,521.3625,495.14224,-568.95935,562.7605,556.5906,-822.45856,518.45374,558.63965,-755.91974,767.98895,637.3415,-713.2945,508.5518,618.78546,-373.3907,761.36053,886.23334,-693.51843,386.66235,818.45013,-593.20374,557.86273,820.5965,-734.50726,431.15994,771.1578,-1111.056,487.66306,833.0002,-764.431,455.77737,778.6924,-1189.4147,504.96115,778.18445,-776.2885,467.85138,727.5296,-1152.5001,531.66986,775.65265,-727.39734,475.6172,734.1963,-1103.0923,804.26025,945.7759,-127.84347,652.5376,923.02167,128.57445,698.5652,1130.3926,-796.7898,390.51944,977.3694,-25.550987,802.51746,1227.4646,-243.5727,565.02765,1082.3501,433.29684,834.2099,1225.6444,-182.33617,620.1186,1088.9437,482.25037,770.6906,1350.1298,-275.09738,516.31824,1183.8801,472.97797
055.jpg,525.9368,530.2256,-985.77,558.3654,492.88095,-1005.9066,573.13434,492.56586,-1005.9752,587.9285,492.0321,-1006.1859,527.9956,491.31467,-951.5906,518.2221,489.6851,-951.18494,508.47723,488.42502,-950.99396,633.68396,497.9563,-892.5951,529.28,490.90387,-674.12317,563.7142,559.79004,-930.12726,521.2814,556.6553,-865.7651,755.166,641.96515,-830.3668,501.3157,603.02625,-438.88586,714.98315,892.31616,-836.06744,386.28394,789.40454,-708.2642,527.1927,815.7208,-838.2649,437.26685,765.685,-1326.9996,465.10458,821.7542,-877.15485,456.1709,779.85626,-1430.4644,489.6022,773.96594,-890.9568,479.59714,735.1656,-1397.7667,513.6124,770.3673,-833.235,487.08905,737.5755,-1323.9858,799.2874,938.4424,-141.80074,657.22046,909.1921,142.96146,660.98627,1160.6936,-687.987,412.16858,988.6518,-36.147697,802.89996,1224.8442,-86.75028,594.82806,1047.1995,573.3313,845.7908,1209.8103,-19.661625,644.22815,1043.6243,638.43756,771.0704,1360.2195,-78.94423,563.806,1139.5103,657.4015
056.jpg,524.24786,539.39197,-976.3299,555.0422,498.77597,-999.56177,570.31793,497.115,-999.71,585.6014,495.23923,-999.85126,523.4939,500.38214,-947.13574,513.16156,499.9368,-946.82776,502.8412,499.8855,-946.7386,633.5193,499.0694,-900.1148,524.7719,502.24796,-686.11993,566.1366,567.25305,-926.31085,522.215,568.29456,-862.592,771.41425,642.77435,-818.8766,507.74713,618.0223,-459.00937,770.0804,911.66437,-848.3709,389.6611,815.1816,-707.9274,555.24475,879.3434,-922.24976,434.59717,777.0777,-1276.038,484.85788,902.6887,-957.80334,460.51447,789.83435,-1359.2853,498.41794,842.56116,-963.0092,472.6251,738.99,-1329.52,524.9879,837.12085,-912.27313,479.77084,743.6901,-1270.673,814.5164,945.2812,-131.19743,663.10815,919.6649,131.90205,686.263,1174.5588,-719.3375,396.48053,991.55707,-57.468395,806.2033,1236.2795,-115.01017,590.3112,1086.2712,396.47742,843.12054,1222.9971,-45.05982,641.9693,1088.7269,447.5331,771.4741,1355.9257,-75.60784,559.0202,1174.7112,456.07864
