001.jpg,510.59177,613.3271,-319.5077,530.9453,590.638,-312.17606,540.31244,590.137,-312.26657,550.031,589.4517,-312.41394,510.35892,592.5297,-273.49506,504.16284,592.7251,-273.54807,497.8517,593.1439,-273.83646,580.9088,600.6741,-213.52701,511.90576,602.626,-24.394876,536.3037,639.412,-282.78598,509.33014,640.8749,-227.6692,666.45734,741.8523,-209.00058,466.74207,734.6049,102.26975,641.18506,886.3455,-316.92282,382.11713,884.2664,-90.99938,537.99896,784.0113,-348.10574,443.8786,781.4214,-491.30588,503.04028,761.0465,-376.66312,462.0346,755.7228,-564.61017,514.0566,737.84625,-362.33298,471.6786,729.6087,-542.6029,521.5381,747.6817,-336.4407,475.20676,743.6922,-494.32248,614.98236,1114.0084,-91.04555,493.35806,1104.5111,91.124214,694.1906,1350.7283,-105.78446,485.0278,1305.6824,331.97485,726.6949,1558.6519,109.05593,484.6544,1480.0887,745.0147,728.1801,1586.5288,121.655396,505.27985,1512.9121,777.07135,733.53735,1648.7214,-100.56315,415.7332,1551.8142,608.97064
002.jpg,511.7951,616.5645,-329.03458,530.28656,593.8041,-313.09665,539.5737,592.8891,-313.11914,549.2533,591.77423,-313.20758,509.13306,596.6971,-275.3688,502.7466,597.28656,-275.35583,496.24762,598.10754,-275.58502,579.52454,602.4294,-173.64742,508.2768,608.1075,11.746277,537.8044,641.4937,-278.3002,510.4282,644.3589,-224.39351,667.4148,740.3644,-168.7602,468.41177,737.3333,168.18037,637.5158,884.4682,-348.10336,374.61182,877.8654,-95.77317,532.9471,788.43866,-460.24774,439.4432,785.89655,-575.1751,496.66498,769.63007,-501.7457,457.89258,762.02704,-669.51624,507.5678,745.2459,-482.21136,470.78342,739.216,-636.03253,514.5416,753.2991,-446.48874,474.36728,752.60736,-575.84,622.6292,1111.1636,-99.41271,500.86945,1103.5038,99.44649,695.86316,1346.8572,-97.03983,491.732,1316.0347,389.6839,730.21234,1555.2858,207.60323,481.438,1485.9827,911.8246,732.8583,1582.5052,227.56973,500.0265,1516.4868,954.2686,734.14355,1646.0245,-40.281673,413.09415,1559.5258,741.02045
003.jpg,508.23154,612.94257,-349.38992,528.99115,591.1918,-333.39334,538.5087,590.78253,-333.42365,548.41473,590.1762,-333.4777,507.8995,592.92236,-294.40732,501.76303,593.1615,-294.45398,495.49597,593.6654,-294.67188,580.5333,602.3764,-195.23425,509.69467,603.97064,-3.8866115,534.47296,639.64886,-299.59637,507.2954,640.975,-243.72739,668.61993,738.06464,-186.67982,465.87604,737.30676,146.00775,650.918,879.23334,-421.24387,370.53406,882.5015,-124.49845,533.1933,787.2321,-572.019,442.8551,786.89795,-594.17773,494.7303,772.03467,-612.5289,465.5273,765.11237,-682.2251,501.2273,745.7921,-589.0869,477.38214,738.32605,-650.39984,509.16852,753.7075,-557.04846,479.14496,751.5023,-593.3974,623.9605,1110.3612,-90.51705,498.95145,1104.916,90.48436,692.7376,1346.723,-128.84053,491.72165,1316.0436,403.30634,725.4833,1553.668,160.21165,487.1764,1485.1252,932.9983,723.50525,1582.5706,178.0547,506.86707,1516.1161,975.69727,746.32745,1641.177,-86.727325,421.28748,1558.822,760.5033
004.jpg,507.82196,619.17633,-337.3345,527.22845,595.98016,-327.7782,536.56665,595.09674,-327.7947,546.2725,594.0347,-327.89075,506.452,598.79,-290.55032,500.1844,599.28754,-290.58655,493.8058,600.01746,-290.88486,577.4404,604.18475,-218.25294,507.65265,609.2531,-35.29049,534.4096,644.2495,-296.23367,507.485,646.88916,-242.87968,666.3127,742.9683,-200.28008,464.03613,737.9401,92.11659,643.6646,887.5301,-328.17487,371.59644,884.3168,-123.896965,533.8436,783.6123,-380.66367,445.30444,781.64056,-521.4732,496.47592,761.6607,-409.292,467.11182,755.8611,-593.8853,507.18262,736.35315,-392.5709,476.83508,730.21375,-565.8724,515.28705,746.2206,-367.54703,479.17822,744.97925,-521.3474,615.65045,1112.857,-83.57651,492.09833,1103.817,83.51441,690.04083,1347.3878,-72.21381,484.6267,1310.8997,320.4329,722.0565,1550.3708,183.51839,484.8856,1485.8104,746.91376,720.6553,1578.7024,199.62552,506.10336,1517.8818,779.58826,739.9336,1638.2822,-31.788816,415.2196,1560.3359,600.0197
005.jpg,506.76392,619.11365,-337.3837,526.5613,595.2324,-328.21808,536.5141,594.3756,-328.22745,546.7806,593.3164,-328.3432,503.97174,598.21027,-295.60184,496.91986,598.6958,-295.61728,489.75836,599.4163,-295.88602,577.9476,602.87744,-229.29626,502.29156,607.8539,-63.134766,534.644,644.2114,-301.22028,505.33185,646.865,-252.96358,667.4484,738.1288,-223.42863,455.7384,735.1345,42.861397,649.2276,896.605,-398.36194,373.58386,892.8808,-140.24825,535.063,787.4185,-490.5768,436.43045,788.61536,-498.76736,499.20737,762.6827,-518.3275,455.54343,766.09863,-553.6249,510.46555,737.01935,-501.14835,464.25323,734.3468,-537.3416,517.93524,749.20575,-479.65503,467.08218,748.3328,-500.3373,613.14307,1111.4218,-72.309296,484.78934,1107.5377,72.06525,689.00287,1348.2754,-77.783554,485.81683,1314.3193,272.32816,721.86725,1557.0568,106.990776,495.739,1491.102,615.36383,720.6769,1586.7057,115.11003,518.6062,1525.38,639.0607,735.3891,1648.7784,-90.88593,427.86395,1564.8065,485.9908
006.jpg,509.33936,616.5759,-332.8501,529.45624,593.6891,-316.47733,539.26794,593.21765,-316.55847,549.4276,592.5519,-316.66885,507.10733,595.3942,-281.7288,500.1266,595.5221,-281.71277,493.03635,595.8812,-281.95053,579.1896,604.3582,-173.69647,503.04892,606.14453,-1.4100983,534.912,642.1423,-280.17758,505.2453,643.41595,-229.96419,659.27765,739.5491,-157.2312,456.61328,736.9247,163.79698,640.18335,883.8521,-311.64722,362.83917,885.39,-50.821144,536.85297,781.30237,-422.09912,441.89996,789.79193,-482.74863,500.83386,760.6727,-459.92313,468.25967,768.2801,-562.0679,510.6251,737.55133,-442.2468,477.94815,740.77203,-536.0106,517.7219,746.29144,-409.49396,478.82245,753.6653,-482.81958,611.2822,1109.1746,-96.44217,489.86612,1103.8314,96.55184,685.37744,1345.9102,-94.40423,490.39835,1312.7458,379.1085,724.0714,1560.8975,169.16806,494.26266,1489.1481,832.6065,725.326,1590.6222,185.08954,516.32666,1522.4753,869.33746,737.7002,1648.5242,-70.55279,418.34167,1558.9974,673.69714
007.jpg,505.89505,616.29474,-291.567,524.81696,593.55835,-281.4683,534.2458,592.6572,-281.54495,544.0262,591.5485,-281.6705,503.80655,596.55524,-244.63107,497.36423,597.1402,-244.66373,490.81012,597.9622,-244.91258,575.20337,602.3787,-176.4611,504.11362,607.91296,5.5902615,532.7938,641.4753,-252.73181,505.06674,644.381,-199.76068,665.0949,739.7092,-169.16652,461.24442,738.6871,132.09172,649.7214,885.20276,-290.42548,369.0142,877.64264,-55.6008,536.58453,789.6736,-317.98544,442.3951,778.76654,-422.4507,500.43896,768.208,-343.71417,464.0337,755.81177,-488.36658,508.8202,744.6166,-325.12988,473.79718,730.4851,-465.92178,516.0249,754.4094,-304.6368,475.61575,743.98236,-423.72324,610.708,1110.167,-89.903786,487.13303,1103.9768,89.9914,687.92224,1347.1921,-111.44112,483.03024,1305.915,316.1506,725.47864,1559.3435,90.22942,486.6594,1482.8541,704.60046,726.7841,1588.3873,101.329666,509.5635,1516.6664,734.66205,735.8776,1647.5527,-122.72192,411.9034,1553.9078,566.5838
008.jpg,498.27548,616.4924,-334.2497,517.223,594.80286,-327.1465,526.33875,593.9509,-327.11227,535.80145,592.89075,-327.16605,497.47214,597.8114,-292.99292,491.58908,598.4643,-293.0892,485.558,599.3575,-293.3668,567.5222,603.4053,-235.53,500.9824,608.8603,-64.991356,525.37695,641.8563,-299.7651,499.68658,644.7141,-249.8193,661.44006,738.81384,-218.07358,457.39352,737.83966,39.74209,659.3943,893.08514,-386.1634,360.80908,887.8211,-163.72812,549.4772,811.257,-521.45544,431.66223,792.51447,-534.9078,514.99164,797.42236,-551.78845,458.52652,775.4461,-594.35046,518.8544,767.938,-543.1353,466.41257,740.87,-577.73694,525.7979,776.4206,-513.0103,465.78928,754.93036,-534.6462,613.947,1112.2668,-74.00668,488.09808,1107.3279,73.58644,685.25775,1353.2799,-98.49858,480.06485,1308.237,267.6898,723.1306,1558.2444,107.54596,485.06845,1482.4468,624.9151,722.57324,1587.3708,118.424385,508.10745,1516.455,650.8843,735.47644,1646.1566,-91.11759,413.56226,1554.1213,495.95453
009.jpg,499.2671,619.0646,-294.4149,519.4305,596.86786,-288.56876,528.6026,596.374,-288.587,538.11615,595.65717,-288.66702,499.89056,598.5171,-252.34683,494.20557,598.55255,-252.4746,488.35687,598.8248,-252.76935,570.55225,605.5631,-191.5893,504.34564,606.9072,-14.003622,525.65466,644.8376,-258.18845,500.26193,646.02423,-206.39235,664.4457,739.7122,-173.79672,457.08444,734.9848,96.567505,654.0566,891.7823,-350.44205,371.98578,893.9637,-112.25205,543.0054,803.9034,-505.3256,431.9297,799.80615,-524.96844,508.3487,787.64856,-544.3054,454.42502,781.9321,-596.4738,513.31836,759.83374,-534.33167,462.68842,748.1162,-583.26154,520.0846,767.8068,-498.01068,463.68753,760.7097,-528.068,618.305,1111.6925,-73.84696,490.48267,1105.3536,73.6485,690.17194,1352.6907,-124.76397,477.1431,1310.4218,297.2339,720.8103,1561.3354,74.38625,471.16205,1484.9171,687.3884,717.4419,1589.878,84.54495,490.4549,1517.1664,716.67285,735.58185,1653.5232,-138.02281,408.3609,1561.4556,544.50385
010.jpg,505.62924,614.5624,-319.61563,526.5477,591.55084,-313.90656,536.186,591.2351,-313.9228,546.1345,590.7243,-314.02856,505.11624,592.91223,-281.35727,498.54327,592.8893,-281.41885,491.83182,593.102,-281.69568,576.24646,601.2814,-222.27716,504.56168,601.2546,-59.587963,531.41113,640.62946,-284.22354,503.39932,641.3774,-236.62575,661.1719,736.4481,-215.58614,457.28223,735.2718,49.566143,658.4875,889.4789,-347.16364,379.6224,900.61646,-124.3795,538.59033,811.25226,-418.15466,436.13614,798.72314,-458.5095,502.6856,796.02484,-445.50192,456.41296,775.94696,-509.7032,506.95563,768.83307,-430.01352,459.84027,743.9324,-496.77472,515.3536,778.0204,-407.1355,461.76526,758.2917,-460.40744,613.4787,1118.4877,-78.0945,487.33456,1112.6193,77.866455,686.8026,1360.3383,-93.49769,470.38766,1314.1276,233.99854,725.5009,1566.8685,110.287865,486.6443,1484.4666,571.1034,728.2555,1594.2483,121.34083,510.4333,1515.6093,595.3364,727.7849,1658.82,-78.041466,420.58826,1559.791,459.24963
011.jpg,507.86023,616.7775,-279.3764,528.3335,593.3788,-267.2485,538.5022,592.87067,-267.3624,548.9734,592.1562,-267.5083,505.37152,595.0754,-234.36455,498.0785,595.1463,-234.35172,490.67743,595.44446,-234.5128,580.32404,603.5206,-149.59166,501.39175,605.2394,12.124553,534.94403,642.6073,-235.88118,504.18826,643.9315,-188.69516,661.62555,735.8533,-146.27518,456.9808,733.7911,140.71446,644.95984,885.2396,-301.0547,367.10504,881.7374,-47.27119,536.5931,783.4268,-374.62308,436.40573,786.95874,-413.35483,501.0682,760.8218,-401.08502,461.88336,768.5435,-473.35767,510.54343,738.0895,-380.50116,469.81595,737.7267,-454.2256,516.6811,748.8815,-360.80103,470.6982,750.39984,-413.68878,610.3488,1112.8125,-82.61976,485.2239,1106.7487,82.73054,685.45935,1350.3208,-98.07714,484.87988,1310.7902,303.48782,723.54877,1561.9297,111.97462,491.73822,1485.5181,668.4413,724.1838,1591.3165,123.56996,514.2242,1519.059,697.5764,735.906,1651.4503,-96.303055,421.0411,1557.1875,529.5027
012.jpg,509.93082,614.6566,-316.12115,528.28326,592.2689,-300.28748,537.8225,591.4813,-300.37747,547.67194,590.4952,-300.53592,506.29684,594.85297,-271.1377,499.33112,595.3577,-271.1458,492.25314,596.0915,-271.2941,577.1262,601.7749,-168.44879,502.40314,606.64966,-24.347359,536.1101,639.90094,-266.67874,507.22385,642.4815,-224.56158,662.65497,737.08923,-144.26566,458.95712,733.96454,110.824875,662.95447,891.6519,-310.2273,365.95374,875.97736,-91.57864,552.4976,794.47986,-425.8473,438.48358,791.9037,-483.20175,516.27106,774.2052,-456.82407,464.90097,778.4219,-550.44543,523.09705,746.50806,-439.01498,473.999,746.9471,-533.02686,529.19836,756.3158,-413.4907,473.30103,759.0072,-483.58768,612.27576,1114.9066,-74.51312,487.34665,1106.8087,74.445724,686.8512,1353.0222,-113.99376,476.92706,1307.7306,274.35025,722.74817,1562.1334,126.433136,480.12872,1485.5848,661.4835,720.86346,1590.9525,140.89957,502.51135,1519.0432,691.82227,739.8931,1649.512,-83.93178,407.78195,1558.1643,518.34796
013.jpg,498.32092,616.4071,-323.4898,518.47394,593.49304,-318.75735,527.93414,592.6473,-318.7595,537.7396,591.5946,-318.83624,498.35767,596.07947,-279.60983,492.4167,596.39575,-279.69778,486.31604,596.9494,-279.9723,570.9662,600.72614,-230.49553,503.32904,604.6762,-41.57727,526.11414,641.20215,-289.95407,499.95895,643.42737,-234.80132,663.56256,737.7302,-227.20193,457.39288,731.6523,67.40982,642.2885,893.623,-376.52426,352.7982,886.8904,-137.4718,538.4181,795.3074,-459.5654,427.27026,798.14886,-525.36346,503.90656,774.39734,-484.8771,453.69708,781.6376,-589.556,513.8035,747.88696,-474.962,463.53406,747.8853,-568.20294,520.77985,757.9015,-449.6362,463.27945,761.3272,-524.7651,609.8299,1113.9442,-79.546814,482.71997,1107.0774,79.3542,684.8884,1355.0908,-82.16886,473.39038,1313.227,280.6761,719.0758,1559.9585,141.25789,473.42755,1487.5557,653.83765,718.4013,1589.0708,154.64557,494.4361,1520.6125,681.504,731.3394,1651.0878,-59.234913,406.35684,1563.2164,515.985
014.jpg,504.34177,609.31885,-333.48114,525.08374,586.52484,-321.00513,535.31494,586.05,-321.0369,545.86475,585.3675,-321.1797,500.98148,588.6626,-291.82446,493.44025,588.9541,-291.79483,485.80728,589.49286,-292.03873,576.0225,596.1764,-208.13283,495.3986,598.4598,-62.997246,531.38153,635.6479,-291.11978,500.42926,637.2926,-248.75711,662.1327,729.99524,-199.90479,448.55496,730.56525,50.360546,658.07715,879.76965,-335.86383,368.36264,882.3382,-118.79423,518.9984,789.82526,-376.3245,432.06036,788.4286,-448.76645,476.81494,771.3276,-399.19388,452.684,768.4495,-499.99118,482.38577,744.60126,-374.3281,458.43198,737.95294,-486.1567,492.48346,755.7069,-361.23532,459.6171,751.50507,-450.6516,611.1204,1111.1434,-69.64059,479.66113,1106.2211,69.52642,681.60864,1350.4703,-74.01509,468.63916,1305.9435,231.71495,719.11804,1559.4083,134.18773,479.2596,1479.5339,583.19,719.4537,1587.0042,144.65924,503.62283,1510.93,607.61786,729.2018,1652.4829,-70.822586,410.3001,1556.8647,455.60846
015.jpg,495.3178,609.38257,-319.86002,515.87384,587.3744,-316.10703,525.28564,586.79065,-316.10147,535.024,586.01245,-316.17896,495.7142,589.7141,-280.68066,489.7896,590.1019,-280.75836,483.71927,590.73376,-281.05682,567.6794,596.6465,-239.81783,500.624,599.7588,-65.01409,522.8767,635.3474,-290.6514,496.59644,637.24115,-239.66942,659.36145,736.7582,-234.79808,455.48163,731.0707,23.631891,646.3669,886.9422,-378.09735,363.37137,884.79443,-156.29497,528.71265,788.90924,-441.31216,424.25253,794.583,-482.09732,492.51886,767.50287,-464.16205,444.69696,775.4794,-531.40765,500.1659,741.6406,-451.04922,452.42056,744.70605,-515.43146,508.30145,752.7779,-431.04822,453.81534,758.5619,-482.62827,607.8729,1110.8191,-70.5247,481.60486,1104.0901,70.17876,682.12994,1351.3328,-69.09951,465.9719,1305.1047,244.91803,716.07684,1558.8346,117.78873,475.0126,1478.2793,573.9038,715.5891,1587.9467,127.0764,498.42947,1510.9391,596.14124,727.75836,1648.303,-66.26483,406.20267,1551.7981,458.37396
016.jpg,493.70013,615.049,-316.23444,514.34106,590.52637,-313.6116,524.13635,589.493,-313.56937,534.24493,588.26666,-313.62866,493.54626,593.57184,-274.2839,487.34164,594.0169,-274.33234,480.99954,594.6953,-274.645,568.1734,596.86676,-242.24278,498.9204,602.02966,-49.05747,522.7363,639.71246,-289.0943,495.6719,642.4276,-232.81084,660.15857,738.0149,-249.07478,457.59445,728.36755,43.705482,623.2714,901.6089,-374.7554,352.7754,884.3106,-155.47585,520.29126,788.9639,-390.75937,422.328,788.9425,-501.45728,484.80264,763.193,-403.03186,443.39355,767.6874,-552.66565,501.0378,736.04224,-392.58105,454.74625,737.39374,-523.6506,508.8457,748.69183,-378.47488,456.33295,752.6503,-497.92218,604.0349,1112.1526,-85.31216,477.16705,1102.6638,85.164055,670.0518,1358.669,-75.932434,454.4558,1306.5189,259.6884,715.3606,1564.6271,116.31021,473.91464,1475.7767,622.3679,722.3715,1592.7646,127.1756,499.34897,1506.0181,648.96454,712.931,1661.0399,-75.62318,408.52795,1556.3124,520.5447
017.jpg,492.47913,608.84235,-309.40213,512.5013,586.794,-299.99893,522.1907,586.08636,-299.9856,532.16595,585.20496,-300.07718,490.436,589.624,-269.60803,483.85373,590.2583,-269.64627,477.15726,591.136,-269.94244,563.55273,596.3946,-212.69443,491.16418,601.05634,-60.881947,520.4534,635.6814,-276.89743,492.44693,638.18243,-232.81923,656.3757,737.55566,-207.47476,444.73886,734.78436,24.03058,635.53345,886.37494,-329.59488,357.4593,889.7423,-142.16135,509.8249,791.56824,-371.53183,423.4212,789.69775,-461.06516,473.12854,770.9579,-396.5386,443.318,767.71216,-505.07095,480.3199,743.6367,-376.89044,450.51584,737.031,-492.25427,489.089,754.67084,-358.6869,451.88147,751.1268,-462.39996,605.13837,1110.6853,-58.710133,471.8521,1102.1135,58.414104,675.73816,1355.9585,-65.393105,448.82816,1305.2609,157.78084,708.4105,1560.5809,128.21645,472.89722,1473.6782,479.63928,706.2393,1588.7372,138.37067,498.505,1501.9185,501.10217,726.4495,1655.0243,-46.391834,414.7756,1558.5813,376.4615
018.jpg,487.33862,604.63354,-334.15683,508.60898,580.8612,-325.38602,518.79297,580.25256,-325.37106,529.2647,579.46216,-325.46606,485.43835,583.2796,-294.82147,478.37494,583.6464,-294.85468,471.20096,584.2611,-295.22574,561.3458,590.22754,-234.01457,484.28238,593.2856,-80.20049,515.83453,631.3416,-299.6902,485.81406,633.22534,-254.95859,651.22003,732.0721,-225.22708,436.57846,728.6316,10.92511,615.45636,887.6444,-319.46945,345.90192,889.12463,-149.38539,493.29083,796.5635,-328.4335,416.7519,787.95386,-468.9405,455.95853,776.73694,-351.7235,437.08157,764.62836,-516.13635,466.10678,750.6135,-337.5757,445.5544,734.2272,-502.34293,475.6766,760.77277,-317.5531,447.33633,748.7782,-470.58386,600.3601,1113.2356,-63.06512,467.5658,1105.9022,62.894863,668.61096,1357.2351,-44.662586,452.6675,1311.3245,193.98607,705.1235,1561.5814,159.5663,471.09763,1485.4441,511.5372,705.86395,1589.2401,170.43793,497.36172,1515.769,532.837,715.36676,1656.1256,-20.638079,404.36572,1567.8898,404.2224
019.jpg,479.46698,602.0912,-318.68872,501.1391,577.8297,-311.92697,511.23163,577.2971,-311.90085,521.63464,576.571,-311.9825,478.50046,579.66547,-276.13132,471.65158,579.7096,-276.20273,464.67462,579.9934,-276.52036,553.5415,586.2995,-224.88829,478.32812,587.4062,-47.053066,507.07977,628.3225,-286.3315,477.78357,629.5017,-234.54903,641.32263,725.9266,-222.72797,430.65573,724.264,49.43082,617.8621,877.6695,-336.35147,342.05377,889.20746,-132.84647,500.86115,782.01495,-362.4331,414.63214,779.6267,-472.34937,464.07562,760.2665,-387.67227,435.7871,752.5488,-524.37787,473.31058,737.13916,-369.97867,444.11465,723.15936,-501.13574,481.7173,748.22687,-350.77853,445.90448,738.7457,-471.42334,589.49176,1112.1202,-79.06701,459.71863,1105.3954,78.87059,668.7187,1361.3253,-76.17429,457.47122,1312.5369,258.77795,704.72906,1570.7203,127.08418,463.2919,1490.3196,595.96136,708.10443,1597.5945,138.22635,486.607,1523.6558,619.69916,703.13306,1669.3317,-63.830566,394.69028,1569.3406,470.24866
020.jpg,472.40204,606.0781,-348.06168,493.938,581.33875,-344.55325,504.126,580.66486,-344.50714,514.6113,579.80334,-344.56183,471.42908,583.6793,-311.56693,464.4831,583.9367,-311.66342,457.40424,584.4237,-312.0254,547.1909,589.1827,-262.87134,471.7742,591.9361,-97.06263,500.95813,631.62665,-316.48257,471.4573,633.4121,-268.22043,635.9811,728.692,-250.97142,426.63254,723.30206,1.8889292,617.43884,891.6986,-374.59335,335.7902,896.3208,-161.63089,497.42834,791.7491,-426.0922,401.2603,799.4031,-476.6447,460.07532,768.96136,-447.5048,422.6379,777.1791,-519.78253,469.73663,741.6067,-433.62195,429.41962,743.5824,-502.08395,478.9468,753.4269,-415.36783,431.4339,758.8055,-474.9986,587.22626,1106.0677,-73.451935,459.2473,1099.6869,73.136215,658.0363,1352.0715,-42.562748,449.67596,1306.0742,232.09276,696.7826,1560.9655,150.2368,464.4261,1482.76,545.63245,700.7629,1589.7784,160.25221,489.04535,1516.215,566.35,696.40295,1654.0164,-25.067944,394.88095,1558.2582,442.48544
021.jpg,470.38235,602.7425,-320.4762,490.19305,580.17444,-309.7727,499.92535,579.4063,-309.77893,509.97748,578.44104,-309.8868,467.7348,583.0173,-278.0901,460.96814,583.58966,-278.08978,454.09088,584.4116,-278.35376,541.21606,588.8135,-210.94524,466.9388,593.5159,-52.286636,498.31995,628.82025,-283.77206,469.66705,631.2987,-237.68524,633.6799,728.22925,-211.45624,420.1458,727.4959,52.88043,611.5484,881.6318,-329.86227,345.1104,892.4616,-124.912025,478.72693,781.65436,-366.44492,397.00378,783.3481,-484.90012,439.29877,760.8423,-397.4324,411.6363,757.70465,-538.85693,447.30045,733.5171,-378.1373,417.2277,728.0938,-529.93805,456.93216,744.21924,-353.62912,421.35492,742.473,-489.74023,581.02893,1109.8075,-69.485435,447.29697,1102.0934,69.29529,661.6627,1355.4707,-78.187546,440.54993,1313.4475,202.97968,695.5818,1560.5349,154.17949,462.03656,1485.2474,553.95844,694.7825,1587.1296,167.80441,488.255,1515.2598,579.0934,706.57043,1659.0848,-32.060883,396.51227,1569.9037,432.83023
022.jpg,453.67722,604.54755,-334.70764,477.3136,580.18866,-331.69193,487.52908,579.8953,-331.7102,498.0709,579.39734,-331.7847,455.777,581.0381,-287.60187,449.41437,580.6854,-287.6749,442.91528,580.58594,-287.9569,532.7252,590.1104,-247.96323,460.33237,588.27277,-37.384098,481.86795,631.3738,-302.9907,453.21738,631.32007,-241.33882,618.28503,729.2433,-247.81874,416.63794,724.7224,97.75739,579.50604,889.09906,-309.20642,318.70264,890.9173,-82.77844,473.91446,778.41296,-252.67746,386.73932,784.0251,-455.41376,435.98517,755.2356,-262.68567,407.54184,759.1517,-517.2276,451.77954,732.06055,-257.724,417.0267,730.0416,-486.3486,461.1202,743.119,-240.67012,419.73343,745.0866,-453.44626,573.49994,1104.6998,-99.5778,448.47925,1096.882,99.724884,645.7969,1357.8584,-99.15925,437.21222,1307.4293,305.38458,688.86725,1572.573,110.10159,448.9634,1494.9569,674.8621,694.9709,1602.1392,122.044556,475.7425,1530.3013,702.2402,687.6841,1669.082,-101.65126,368.79623,1573.7673,542.2683
023.jpg,450.62198,605.7574,-307.50342,474.66074,582.44885,-306.38174,484.65298,582.524,-306.38028,494.9439,582.39606,-306.5134,453.2742,582.2929,-266.2794,447.0751,581.5556,-266.3106,440.74426,581.08417,-266.54855,528.3501,591.77203,-222.78534,456.6816,586.3739,-32.671413,477.2882,631.6791,-274.03683,449.4905,630.3139,-218.44298,612.97327,718.15875,-223.88414,410.49155,721.6356,90.6762,592.6652,867.6557,-305.83405,324.86063,887.04553,-79.72924,464.78625,782.7293,-251.17592,388.65936,787.89417,-397.9719,426.01123,765.31757,-265.55295,407.44745,763.6151,-447.29382,433.12735,743.2536,-247.5785,412.9585,736.51855,-424.7652,442.8178,753.9237,-235.8344,415.57358,750.92786,-397.53033,573.1401,1100.3384,-87.34179,446.029,1096.5922,87.30124,644.8235,1349.6349,-97.77549,427.94553,1306.7903,219.50732,688.5668,1565.1378,90.13058,446.8946,1489.7684,533.92865,693.3226,1594.6649,100.01163,474.96466,1522.0176,555.55896,691.5187,1658.0095,-108.82306,370.05176,1569.8003,409.39987
024.jpg,444.48538,606.1629,-317.61792,468.70297,582.0808,-318.05914,478.75693,581.97015,-318.01907,489.11377,581.6522,-318.06244,447.6222,582.333,-273.7955,441.5428,581.6748,-273.8733,435.31616,581.26965,-274.15057,523.7673,590.6542,-245.69698,453.42416,586.4225,-34.263847,472.17493,632.0513,-289.47314,444.6032,631.1127,-227.62204,608.7081,721.7726,-256.50974,410.11407,720.0769,84.65369,584.201,881.3886,-358.43954,317.72565,891.5211,-105.57886,469.77917,783.3511,-319.90344,377.09314,789.3061,-457.9293,431.73978,763.1463,-328.6243,395.01132,765.4843,-509.34732,444.26495,739.07544,-318.0783,403.20987,735.21484,-482.28293,453.66318,750.7227,-306.71222,406.11353,750.2747,-456.0351,568.63416,1102.3944,-96.351685,443.49216,1097.1608,96.24065,644.97626,1358.0627,-112.19973,434.2646,1307.844,260.51434,690.43695,1577.5146,65.44064,448.51868,1497.1606,579.8206,696.9409,1607.9843,74.125626,475.19736,1533.4584,601.28357,686.9893,1672.8239,-139.39508,370.57614,1572.7769,447.75186
025.jpg,451.16672,605.14905,-313.40063,471.46304,580.7902,-307.02518,481.16623,579.7815,-307.02167,491.18555,578.57355,-307.08847,450.23245,583.5559,-267.44778,443.93106,583.87427,-267.46707,437.50613,584.4344,-267.68164,524.164,587.1262,-217.27858,453.3339,591.61127,-24.195265,479.43848,629.61395,-279.8649,451.75812,632.0235,-223.42082,615.6047,721.39233,-235.24184,413.31705,723.4255,99.28142,579.63104,878.32654,-359.31567,321.23486,890.80206,-85.33876,470.6618,777.54065,-378.3257,383.1478,791.89966,-482.90735,434.61124,756.7702,-400.36862,402.16177,771.89624,-545.1343,447.7807,732.5618,-391.55957,412.75488,740.5261,-525.39185,456.22076,742.82855,-367.26135,414.62073,753.3964,-484.5956,572.30884,1104.8854,-96.72536,445.64325,1097.9329,96.7234,649.7315,1357.3169,-140.6451,435.5431,1308.792,274.77917,691.2138,1571.1681,64.51284,452.7558,1486.5813,650.6861,697.4121,1598.4686,76.15603,479.98807,1519.0782,679.4167,684.9749,1671.7676,-141.93527,378.42172,1568.4479,524.5935
026.jpg,455.3945,604.5525,-317.4983,477.37515,580.0214,-314.09076,487.49802,579.3158,-314.0664,497.92868,578.4069,-314.1707,455.4828,581.9983,-273.85782,449.04684,582.01184,-273.89325,442.49603,582.28564,-274.14822,532.6735,587.03577,-230.50467,459.0833,588.7454,-35.1284,484.49847,629.3861,-285.4001,455.77054,630.8056,-228.25558,626.61176,718.30396,-236.36935,417.8003,724.7564,76.994865,585.3703,870.34814,-307.45557,321.96246,891.7726,-100.17084,462.32983,791.80347,-227.69142,391.4514,783.6856,-442.67966,425.99548,774.4866,-240.86342,409.37457,756.0456,-495.1554,434.62842,754.37787,-224.91734,418.60815,728.8738,-470.78162,443.83392,763.91003,-213.9566,421.9739,744.37146,-442.27484,585.9923,1102.6458,-89.5128,457.4187,1098.4878,89.41831,657.3071,1354.4463,-106.992775,451.8753,1307.9072,256.05188,699.8137,1578.3812,48.03177,467.73618,1493.9111,571.64404,705.83276,1609.1567,54.988075,495.47467,1528.363,594.72675,697.9441,1672.4188,-151.96072,388.6668,1571.0425,455.40134
027.jpg,466.97043,608.3837,-317.86533,486.57483,583.32666,-316.16852,496.16168,582.0087,-316.13513,506.06354,580.5005,-316.22757,465.73224,587.06995,-277.07047,459.60056,587.7336,-277.04745,453.347,588.63916,-277.2699,539.3794,587.80304,-243.6492,470.47083,595.1552,-48.043694,496.1345,631.6411,-289.9743,469.02707,635.2185,-233.12909,636.84216,722.1952,-256.6999,433.54004,728.0845,70.691345,604.9068,879.142,-368.86795,352.58524,902.5362,-90.906906,479.34924,784.4176,-381.50253,398.97946,802.1919,-445.66083,442.3654,763.8998,-406.076,410.49957,777.01587,-494.89087,452.48248,740.1251,-391.74445,417.87976,749.0982,-479.75735,462.33612,751.24274,-369.3144,423.22064,763.42883,-448.4559,588.9123,1104.4491,-95.26014,463.5804,1098.7797,95.04833,660.75244,1358.9049,-96.09514,453.99716,1308.2139,259.37253,705.6543,1577.5679,82.37527,473.52902,1489.0074,589.2458,714.8192,1607.2146,91.584946,500.7093,1523.0988,612.3437,697.07385,1671.7632,-103.74876,398.55774,1564.7117,485.2089
028.jpg,478.2626,611.1929,-279.1668,496.92722,586.66235,-272.5934,506.4755,585.23804,-272.62372,516.2995,583.6309,-272.73102,475.43924,590.67035,-237.45718,469.05316,591.5061,-237.449,462.56744,592.573,-237.68484,548.4999,591.33374,-188.54718,477.46536,600.1817,-12.821947,507.12872,634.62274,-247.54927,479.52533,638.649,-196.57483,644.39795,727.646,-192.26154,439.0211,730.55835,97.12577,604.8772,888.4126,-280.179,350.6048,894.84796,-57.088478,486.39438,792.9068,-285.02853,409.80344,789.78296,-405.72894,449.65143,771.09326,-311.41003,427.2528,764.9436,-455.83594,461.54306,746.46747,-298.50024,434.43726,736.0138,-442.44238,470.23795,756.7319,-273.77722,437.87943,749.96027,-408.4203,598.9721,1108.402,-82.93485,471.1263,1100.0885,82.79993,676.3611,1363.1998,-105.83076,459.8521,1313.6454,209.95757,711.757,1581.7955,84.18528,485.11993,1493.565,530.4557,716.0584,1611.1464,94.73061,514.3176,1526.8826,554.26526,709.38306,1676.6881,-94.52405,408.73184,1571.5516,428.15308
029.jpg,484.3925,608.79865,-304.1141,503.99744,583.22473,-301.49716,513.80743,581.7032,-301.47104,523.8862,580.00256,-301.54575,482.4723,587.59595,-263.8383,476.14813,588.5311,-263.8793,469.703,589.6981,-264.13986,557.9048,587.6334,-239.3658,487.49347,597.1058,-49.056694,514.8078,632.87885,-281.33154,487.1842,637.22894,-226.1519,657.9413,730.8995,-246.12114,450.843,731.46826,36.629402,603.4608,895.67535,-331.50546,365.5638,905.1394,-122.76115,493.01184,797.3988,-322.80286,415.4085,804.1232,-462.54932,458.89923,773.2892,-343.7426,428.08847,778.44226,-506.90546,473.58572,748.9905,-334.56238,437.0818,749.27576,-490.37177,481.99106,760.0436,-313.49677,442.3808,763.9857,-463.95035,609.76965,1109.2716,-81.47777,480.96762,1100.9386,81.18199,681.5802,1365.4683,-72.648186,469.04428,1305.9391,208.34578,724.8332,1578.7974,91.04514,492.52835,1483.8336,505.1099,732.907,1608.5021,99.219215,520.3652,1517.213,525.4955,719.27386,1672.6311,-76.57856,421.84738,1560.7614,417.42203
030.jpg,488.4627,611.24567,-261.746,508.1882,584.1927,-259.0582,518.102,582.4756,-259.142,528.3228,580.5852,-259.31476,486.93536,588.72754,-212.39386,480.69952,589.667,-212.41785,474.35715,590.8334,-212.67719,563.6901,588.2604,-184.09879,493.4357,598.60846,43.26694,519.2679,635.036,-234.50734,491.44592,639.7422,-168.35487,659.8947,735.12866,-198.36725,466.92062,736.14166,182.04242,598.76965,903.9705,-224.67896,374.20132,908.448,3.8805308,496.80545,786.7439,-116.94012,430.10464,793.46515,-407.2384,458.56815,759.1664,-130.0004,444.00043,762.8469,-473.5406,479.26147,737.17346,-124.447655,456.26743,736.9213,-439.38202,488.73,749.2678,-104.73439,462.82956,752.48004,-406.11487,616.37805,1118.301,-112.27326,495.93292,1105.6707,112.49337,693.5611,1371.7325,-122.7286,485.04144,1307.436,334.17175,732.89,1586.4731,82.285934,497.81714,1488.6997,710.0331,743.3466,1614.3542,94.76333,523.5498,1523.7588,739.65137,718.4263,1685.9858,-114.26204,420.6847,1565.0642,597.01874
031.jpg,499.1586,612.06146,-298.4928,517.94446,585.4244,-294.42062,527.6889,583.7178,-294.4681,537.70416,581.8439,-294.61664,496.28412,590.12744,-254.68478,489.7633,591.1861,-254.63585,483.1452,592.4525,-254.8564,570.3306,589.31195,-219.90887,499.0946,599.9903,-19.859034,528.76843,635.78076,-271.558,500.94745,640.5664,-213.4944,666.5378,732.9301,-244.83423,469.05353,736.45215,108.67654,591.4709,904.38794,-288.53583,392.38834,914.8826,-58.530083,487.40613,797.3564,-212.53754,433.15765,803.8227,-451.85486,450.16797,772.5302,-229.63297,440.36578,772.2187,-507.83478,470.99963,746.86865,-224.50931,450.39264,746.2726,-485.74655,480.83246,758.3564,-201.49771,459.04208,761.2588,-454.7321,623.8381,1110.4917,-105.29354,500.00543,1099.8809,105.34638,693.3794,1369.5775,-120.62399,482.54425,1309.9236,274.31836,739.6518,1592.6362,25.252434,497.4981,1493.5667,605.207,752.45294,1623.187,31.229458,525.73956,1528.1077,629.65265,722.77026,1688.839,-166.8957,417.96985,1570.9724,508.71298
032.jpg,505.42383,616.6435,-251.87175,523.5586,591.1754,-243.38033,533.20087,589.5755,-243.49411,543.1152,587.807,-243.68105,502.09525,595.5591,-206.83345,495.5492,596.60626,-206.7862,488.925,597.88257,-206.91803,575.5897,596.60333,-149.32358,503.9517,607.0584,29.289007,534.68665,640.824,-217.16399,506.74774,645.47644,-165.26913,669.8205,736.9972,-167.29059,471.35535,738.27484,150.94704,630.63116,902.1299,-282.47662,378.51773,893.49725,-32.582096,513.4535,795.6597,-297.0877,433.10562,790.1145,-416.98975,470.88147,773.1203,-318.2753,452.06403,767.8437,-475.8496,488.83945,743.8856,-305.90573,461.03516,737.53564,-455.98386,498.96713,755.1209,-284.23788,464.1664,750.66266,-418.45004,631.8552,1118.4237,-88.50675,505.48682,1105.5255,88.695816,707.05304,1379.4905,-140.07158,486.30093,1302.9382,281.02145,752.10645,1599.2329,27.340601,508.8771,1479.6681,651.8614,757.3494,1628.1841,35.82931,533.77405,1509.9028,681.896,757.59985,1696.594,-172.83693,450.9135,1562.7306,548.9446
033.jpg,507.29507,615.1372,-290.4126,527.40857,588.35645,-287.99887,537.53613,586.9598,-288.10483,547.9256,585.3777,-288.29623,505.98584,592.0165,-243.42488,499.51025,592.6921,-243.4056,492.92447,593.58575,-243.61542,582.7094,594.0505,-213.88934,510.44238,601.9494,3.2994485,537.25305,639.56555,-262.81122,508.65475,643.2335,-199.43892,673.41205,736.54987,-236.11292,482.68265,736.8488,147.07747,597.02185,906.7985,-236.67447,381.71463,907.88873,-21.210587,507.5032,806.71796,-90.50884,434.28226,811.6771,-432.89554,472.4241,782.9982,-90.64001,449.2466,788.6405,-494.84125,493.01794,761.11487,-90.25537,463.63306,759.26624,-468.3043,501.44437,772.1571,-78.1005,469.65543,773.30396,-433.54745,636.63,1116.1068,-119.037125,518.03876,1105.0408,119.197914,702.81067,1370.2434,-136.80807,500.95367,1308.4052,340.0756,751.75226,1597.6033,-4.1214876,511.7746,1496.1941,668.15344,766.7738,1630.2396,1.0737214,540.2402,1533.7594,694.4646,730.04156,1690.8538,-202.25745,421.73788,1568.043,568.9825
034.jpg,509.07944,617.6856,-292.44073,529.7403,592.4953,-290.69482,539.4076,591.40234,-290.73233,549.367,590.12305,-290.8281,509.29172,595.268,-247.77794,503.38953,595.58997,-247.82979,497.36163,596.1491,-248.04706,583.8193,598.39307,-217.74405,515.9939,603.09344,-9.521815,538.0209,642.3008,-265.0112,511.2629,644.8237,-204.2366,677.12964,737.9489,-235.23706,480.01163,736.9116,104.31197,638.90063,894.1036,-351.992,382.9946,899.966,-84.03235,522.1192,810.62897,-352.62476,437.14066,804.20996,-470.0444,483.6716,792.99524,-370.4918,454.01764,782.5648,-528.9458,496.21045,769.6953,-358.76608,465.2507,752.88776,-504.70718,505.84378,778.8882,-340.26776,468.45035,766.543,-470.05026,634.6637,1121.8254,-95.472084,509.86115,1111.8678,95.366684,710.03656,1379.2614,-141.58058,498.9273,1316.4889,283.6218,755.408,1595.7964,32.838623,519.51385,1496.4429,640.3433,763.171,1624.9536,41.686573,545.2361,1529.5928,667.6708,751.146,1690.8218,-167.72119,453.36923,1573.9104,523.98145
035.jpg,512.3945,617.1926,-293.47412,534.56604,592.92786,-286.9631,544.4601,592.25305,-286.98346,554.673,591.37415,-287.05643,513.6754,595.0109,-243.02328,507.67444,595.1817,-243.06885,501.5567,595.60925,-243.30188,589.464,602.1211,-201.45442,520.0961,604.1212,12.123124,541.04065,644.35394,-262.74377,513.934,645.841,-200.51854,682.2698,745.7224,-220.03307,480.65216,744.1273,127.76922,642.8506,903.7126,-356.50845,375.263,906.7071,-99.42942,523.47174,802.3034,-374.30142,435.3336,801.43994,-499.65225,480.80173,783.6187,-389.07056,453.9829,776.50494,-569.37396,496.47256,755.9287,-378.28275,466.39236,747.5385,-530.97314,507.32144,766.4002,-359.65408,469.70258,762.8776,-495.76486,640.42474,1124.9509,-101.64653,512.16846,1115.5712,101.851585,706.92065,1381.966,-167.78456,495.3812,1315.2378,336.06592,763.20575,1595.5562,9.18506,520.55426,1488.1798,782.5236,775.0918,1625.2527,17.293716,547.49585,1519.874,817.5559,756.00616,1690.6953,-221.57253,456.28284,1567.3854,664.03033
036.jpg,515.8937,620.392,-273.8974,535.82153,595.36115,-269.7387,545.5716,593.97,-269.80914,555.6175,592.382,-269.93433,515.2623,599.1287,-224.3068,509.3254,599.8833,-224.30598,503.27637,600.8653,-224.44165,590.6929,600.7886,-190.9982,522.08136,608.71826,29.401234,545.6647,644.5323,-245.06477,518.9101,648.3157,-180.94385,687.227,737.89124,-218.64607,493.0335,742.95764,155.19545,647.0709,895.7854,-333.7881,374.6008,897.82214,-65.95153,532.60754,800.24097,-302.9386,438.43158,803.0342,-454.6181,492.39673,779.80457,-312.45477,458.9484,780.54645,-517.5985,505.75208,754.7774,-297.97437,472.11896,752.3972,-479.0215,515.5746,766.7734,-285.7176,474.92557,768.07007,-449.97705,649.1163,1118.6086,-116.12508,525.27576,1109.9418,116.20933,711.92017,1380.042,-184.43527,503.69812,1312.5504,318.5035,765.8048,1603.7347,-23.083103,528.50964,1489.987,718.8383,782.45953,1634.1561,-15.370662,557.1259,1522.7346,751.29,739.68896,1699.7278,-241.24893,454.03433,1566.7539,613.8642
037.jpg,512.2353,620.91,-287.4507,532.4603,594.1875,-286.4705,542.4337,592.7396,-286.558,552.6889,591.1253,-286.7599,511.57617,598.05066,-242.55074,505.3036,598.8496,-242.59627,498.93408,599.8723,-242.80843,587.8851,599.56464,-218.75627,517.8787,607.8718,-7.0982265,542.4555,645.1803,-261.9798,514.732,649.109,-200.22562,683.36176,742.3532,-237.60402,490.02426,743.06067,111.71153,630.17017,908.55884,-263.0329,382.01816,904.3629,-53.06532,521.9756,801.7247,-154.19371,441.5803,802.00507,-418.23892,481.92947,776.83466,-158.99483,460.45312,777.54376,-474.5381,499.61035,752.2862,-153.08734,472.7512,747.95795,-446.4194,509.28616,764.2722,-141.78711,476.83453,763.1756,-417.3332,648.02905,1127.4312,-105.92806,526.9838,1113.4637,106.06978,720.0604,1384.7101,-115.73453,503.0337,1300.2357,331.05734,762.95404,1605.712,30.07497,511.12845,1476.9878,670.3206,774.0485,1635.9132,38.463936,534.6308,1511.0807,698.4774,749.4278,1700.2695,-151.09192,440.81293,1549.7395,584.8962
038.jpg,502.67282,619.0263,-273.35876,522.49493,593.55634,-275.2966,531.9181,592.19446,-275.34998,541.6491,590.6479,-275.5296,503.31104,597.10516,-223.72466,497.90585,597.7118,-223.71957,492.39157,598.56836,-223.90091,576.58075,598.5176,-220.32253,513.0016,605.6824,27.463243,531.6416,643.071,-252.65839,506.63693,646.477,-180.58185,670.85223,737.0336,-255.51277,484.87872,742.9719,158.94356,596.90424,895.49585,-275.02835,375.77588,901.11664,-43.356365,509.6131,794.02563,-122.53946,435.79602,796.65137,-452.967,476.1586,769.62866,-123.77829,450.45828,769.8179,-519.29736,494.02847,751.3182,-121.52598,467.4107,745.2854,-482.53433,501.67,763.39325,-108.50451,473.17813,761.24225,-451.43097,633.52655,1127.1344,-125.363754,515.9541,1116.0951,125.48524,709.06775,1387.6583,-140.38414,502.42996,1315.7687,338.32614,756.60565,1610.6467,28.583857,524.5791,1499.5209,691.26086,771.7506,1639.767,38.50557,553.7517,1534.6775,720.0207,731.84906,1711.5266,-168.04552,442.2003,1576.1036,593.61145
039.jpg,496.73483,615.5373,-303.5828,518.44196,592.6208,-293.42606,528.2565,592.09625,-293.49265,538.3751,591.352,-293.64178,497.52887,594.3627,-247.3469,491.4738,594.51294,-247.29262,485.28638,594.91693,-247.49013,572.1377,602.94354,-186.35574,502.09912,604.1844,35.165226,524.4379,641.67584,-265.48743,496.75055,642.85034,-201.14156,661.1854,737.58704,-218.34254,466.09018,741.7646,193.65886,625.7683,893.38324,-360.5237,371.2813,897.01776,-32.94153,514.2675,802.15265,-392.48172,424.47153,799.54016,-495.35376,476.0316,786.339,-416.51422,441.3277,777.9139,-575.29785,487.53943,761.7283,-407.55292,454.19196,749.90906,-548.47504,497.34207,770.9722,-379.7822,457.64395,763.3699,-497.04974,627.9339,1118.7367,-120.51909,505.19778,1111.3413,120.57482,703.81305,1381.8357,-165.9497,497.7318,1311.8223,367.30392,752.012,1606.3723,39.706326,509.2993,1498.248,788.8717,763.43164,1635.801,50.53305,536.6277,1534.6648,821.698,737.2417,1706.2437,-193.09265,427.322,1574.3214,648.56085
040.jpg,493.7653,616.4571,-301.9144,515.4594,592.21466,-297.48117,525.2589,591.444,-297.55228,535.36426,590.47687,-297.65616,494.9239,594.3026,-244.62787,489.17627,594.4129,-244.59158,483.3224,594.7716,-244.81082,570.4592,600.2698,-219.41553,502.57144,602.81244,31.853043,522.12573,642.26794,-274.7167,495.52606,643.7817,-201.62425,659.736,742.7656,-258.96585,469.58,739.3451,169.29393,582.92786,900.1374,-308.82343,366.90308,900.1824,-76.75914,495.22308,790.36914,-164.22835,420.148,797.7457,-551.88983,459.477,764.2297,-165.95888,430.3606,770.4903,-632.1813,482.87686,746.92474,-161.16893,449.83984,746.7504,-589.8551,491.37128,759.005,-149.03111,456.82117,761.7992,-550.5056,622.5327,1122.7797,-126.1346,502.84363,1111.3336,126.41212,693.1484,1378.1412,-142.58769,497.40982,1314.8014,384.2297,743.5887,1595.7788,52.511642,515.88947,1497.222,810.531,758.02765,1625.073,63.049583,543.69183,1531.7335,844.46765,725.5045,1694.4996,-172.83565,436.7207,1574.0948,681.4631
041.jpg,489.3576,622.4717,-294.19153,510.68176,595.3164,-296.26144,520.88654,594.12915,-296.33658,531.33215,592.7809,-296.46277,489.44293,598.1456,-248.92407,483.17004,598.47205,-248.90974,476.79245,599.01843,-249.05215,566.7262,600.98376,-236.06754,495.92545,606.426,-7.9630833,519.1488,647.1116,-271.13528,491.16962,649.7753,-204.41315,655.8317,742.1542,-255.8691,469.34424,737.15717,128.96082,592.4879,913.0821,-286.35812,361.72852,896.4553,-56.44007,516.51807,791.55695,-152.51265,418.94885,800.7287,-440.8289,483.24243,761.46924,-148.31665,435.0132,778.26154,-496.13596,506.7245,741.7502,-145.48883,451.17862,751.6458,-461.53714,514.05383,755.69696,-138.21463,456.06708,766.7742,-437.94626,623.62134,1126.0259,-122.10764,505.54675,1113.2255,122.25464,690.67084,1386.5908,-160.90746,479.98395,1311.563,310.27863,735.40454,1611.0109,-13.251469,509.08533,1486.6252,653.55365,750.6783,1640.6182,-5.4584064,537.6594,1519.2153,681.62164,708.239,1712.9056,-206.53632,434.51965,1563.1204,571.75665
042.jpg,476.78012,618.6352,-336.87485,501.43637,593.4828,-334.7893,511.4953,593.22925,-334.81732,521.882,592.7583,-334.91446,481.15652,593.77576,-276.75772,475.60623,593.05774,-276.74557,469.93793,592.6146,-277.00107,558.623,601.87006,-254.0956,491.05997,598.0517,18.803698,504.64374,644.74963,-308.0698,478.22046,643.8397,-228.53462,644.74115,739.724,-282.63962,455.0955,734.0662,177.81036,580.29224,902.00134,-310.70792,349.55835,892.9731,-82.798775,487.38986,785.1772,-160.7538,407.93213,788.75397,-576.4278,448.02908,760.1463,-164.33278,422.3567,761.949,-664.9348,472.17514,741.20306,-160.59058,440.2468,737.14014,-621.7305,482.5953,753.0643,-145.40866,445.45975,752.60596,-575.7235,612.7935,1124.5068,-140.06467,495.12735,1115.777,140.37387,681.63544,1380.6196,-146.83376,490.5685,1316.8134,429.07532,734.21857,1594.2448,74.6188,504.6737,1491.3352,902.00916,750.5579,1621.5635,87.9374,531.4111,1525.3099,940.89966,707.54156,1699.4252,-168.38245,422.6803,1568.8706,760.9393
043.jpg,474.1473,611.6138,-266.74014,493.4221,585.6492,-261.7274,503.18594,584.1862,-261.80933,513.2604,582.5378,-261.97153,472.11487,589.33655,-218.7223,465.7535,589.9987,-218.71611,459.29367,590.88824,-218.92627,547.0089,590.38074,-171.81554,475.47473,598.31824,35.334972,503.35147,635.0903,-233.05049,475.41553,638.8416,-172.69365,642.38617,724.97217,-195.8224,443.45312,731.685,179.58168,591.44226,885.9105,-266.21048,348.32742,895.18195,-5.2160892,487.8043,792.9689,-215.13762,405.16016,790.7411,-424.85217,450.55826,773.41895,-232.67691,422.98633,766.46,-492.7007,466.1358,749.88727,-225.22168,433.62595,737.3711,-467.35428,474.40808,759.2841,-202.74806,437.83926,751.10266,-425.79343,608.23175,1113.2957,-108.21143,485.2449,1103.6621,108.39421,679.6246,1376.6608,-142.5462,485.80157,1307.1157,323.91736,722.0603,1600.5085,40.90909,502.35117,1491.1398,695.0366,731.1486,1629.5881,51.092983,527.36945,1525.4526,724.6897,712.9316,1696.9242,-167.7681,433.0495,1567.2289,574.4326
044.jpg,465.76813,614.64496,-306.07755,486.4459,586.906,-301.5789,496.4061,585.2453,-301.60532,506.69046,583.3987,-301.8046,465.28726,590.4643,-243.90291,459.35754,590.76636,-243.8497,453.3231,591.34467,-244.0496,542.9733,588.0984,-210.04532,473.40906,595.0939,61.15626,495.79553,636.6354,-273.55807,468.94492,639.9376,-194.69826,637.6524,722.31067,-248.64662,447.31543,724.9853,231.7935,552.8274,890.2794,-256.25702,343.15085,892.6801,-37.251812,461.10553,785.4622,-55.776722,397.1279,789.77545,-588.7912,423.8396,761.2663,-57.479233,406.57825,763.0023,-682.57715,447.45596,744.81366,-54.33722,427.3527,739.047,-639.0744,457.44586,756.1108,-40.31909,434.0643,754.08417,-588.97455,600.7988,1115.6605,-141.62625,481.93692,1102.1614,141.95041,672.75793,1376.3049,-115.52104,478.4073,1298.3699,431.80426,716.9934,1594.678,146.76964,490.05276,1474.3802,913.4019,732.2283,1621.227,165.31488,516.0325,1506.8923,953.22876,692.9341,1706.2178,-84.62937,415.01968,1559.2885,773.8731
045.jpg,466.20123,612.29596,-330.70596,486.30255,585.2349,-327.8316,496.28867,583.78796,-327.91367,506.57822,582.15533,-328.12283,465.15546,588.581,-279.5669,458.81317,589.0471,-279.56342,452.35812,589.7537,-279.78885,541.0208,588.94147,-241.06622,469.85995,595.51483,-9.736948,495.4825,634.81714,-298.62375,467.40894,638.1366,-230.95154,633.9063,719.79456,-269.29623,440.8747,726.75793,156.4786,585.9552,884.7908,-308.55627,339.5258,893.5673,-29.784409,481.9793,800.272,-226.02806,388.71667,791.4879,-494.13507,443.4475,783.84576,-234.9095,405.9717,768.5741,-570.611,456.5041,759.7578,-234.47798,418.8382,737.01965,-548.92914,466.91086,769.06244,-214.94025,423.13004,751.5136,-498.24435,600.66675,1112.3435,-131.05252,482.27008,1101.9161,131.0793,671.39136,1376.3551,-147.03873,475.4699,1289.1654,401.87607,713.47424,1601.9126,30.831423,485.6865,1468.5485,797.48816,728.0835,1629.3164,42.034706,511.4498,1503.5631,830.3784,684.62775,1707.9979,-176.70335,408.44043,1544.0616,687.31744
046.jpg,454.36246,605.1813,-285.63147,476.931,580.3686,-293.43378,485.79706,579.78625,-293.40045,495.02966,578.99713,-293.4986,460.19727,581.2737,-231.49472,456.1153,580.76117,-231.52602,451.91827,580.5497,-231.75726,531.7489,586.30927,-248.7241,476.44232,584.5754,39.422417,481.4042,630.75793,-269.40335,460.18488,630.5689,-185.6957,626.0327,722.9168,-279.08368,441.2625,724.3872,197.94011,548.39935,887.3021,-271.85153,342.69522,901.89844,-55.320793,455.85056,773.5845,-95.313965,386.51553,794.28174,-562.1898,418.1373,750.0143,-94.64984,393.38147,763.9532,-647.7734,440.59805,729.45795,-99.75697,410.7355,740.4699,-601.8688,450.4882,741.43835,-82.422165,419.1202,756.15015,-561.12885,592.6722,1106.5383,-134.2495,475.7768,1095.1895,134.55435,661.0357,1364.645,-113.13255,469.5732,1298.341,422.44028,706.213,1585.0295,91.60277,481.58276,1478.6399,870.1706,718.6278,1614.2518,104.45737,506.1851,1511.1985,906.2797,692.2276,1688.2957,-127.62671,411.24463,1561.4932,739.9147
047.jpg,454.5061,604.33826,-317.1299,477.17502,578.561,-312.66373,487.0363,577.2546,-312.71176,497.22058,575.7284,-312.88727,457.42087,581.28656,-248.61125,452.34778,581.34985,-248.56299,447.15204,581.70233,-248.81497,536.7508,580.8003,-228.05696,472.3144,584.7734,69.89914,485.3878,627.0312,-287.98004,460.54135,629.1692,-201.19156,638.56433,709.89026,-271.19995,444.83307,718.888,246.46167,564.5392,881.10376,-252.10568,344.73154,898.46277,-12.79505,463.26434,785.0503,8.3097315,389.38077,800.17755,-597.44745,424.06372,765.03937,13.185556,398.7253,776.33417,-695.6237,446.0257,745.48486,13.751752,416.36707,747.8678,-665.364,457.66138,755.68097,25.178497,423.5788,761.15076,-603.4979,607.9945,1101.0543,-147.7572,485.54254,1090.9269,148.04433,674.0603,1364.2063,-138.1489,473.42938,1290.7092,471.41174,709.4895,1591.3544,88.70235,485.74002,1478.1278,965.9192,721.9804,1620.7583,102.92192,515.0961,1513.1505,1006.34973,690.82434,1700.9573,-149.31468,400.46854,1564.5693,829.75684
048.jpg,464.33218,600.4038,-284.06656,483.97934,573.54474,-276.3036,493.76837,571.8718,-276.34024,503.88205,570.01324,-276.47754,462.5984,577.44727,-224.15425,456.42648,577.9992,-224.05759,450.166,578.8087,-224.21028,538.3727,576.21716,-174.02435,468.06357,584.6112,73.97212,493.87466,622.9741,-248.08469,466.4558,626.7696,-175.99316,631.3847,710.9807,-207.24155,443.03723,716.7984,250.12051,557.29987,878.9266,-241.7024,344.83112,889.47235,18.004885,459.90817,775.02124,-110.14816,390.3815,785.0323,-505.27533,420.7,752.6478,-115.81841,399.29758,758.66284,-592.2212,443.43628,732.1371,-113.5496,416.9235,732.8939,-554.2546,454.10727,742.43634,-95.77522,424.0694,747.14197,-506.00146,601.72943,1094.8013,-134.26538,482.902,1082.3734,134.64964,672.18823,1359.7114,-149.64034,478.67004,1284.8984,395.1437,714.40826,1585.4274,79.54403,495.68073,1464.622,844.33014,727.1748,1612.3667,94.73371,521.16895,1495.3942,881.32605,697.63116,1697.4357,-153.17159,429.22098,1553.9412,707.6734
049.jpg,468.4313,600.5595,-326.36005,489.31058,575.1393,-325.1627,499.00366,573.9926,-325.2457,508.99963,572.6487,-325.399,469.40533,577.9829,-271.8328,463.74017,578.3816,-271.79883,457.96863,579.0222,-271.99265,544.23175,580.88165,-254.62582,478.2832,585.9338,0.53041804,497.4613,624.9104,-301.04352,471.37848,627.47797,-226.68658,637.7786,718.4879,-281.80338,451.5084,718.5693,169.78975,576.58044,887.61316,-281.72342,347.42664,884.0425,-28.475922,480.82465,788.41266,-129.03694,391.71985,779.9375,-497.6424,443.12234,767.04333,-130.41905,403.67828,754.5867,-572.52124,461.0142,744.0843,-129.95174,418.9799,726.9641,-543.3614,471.30524,754.8405,-114.90353,425.4189,742.3721,-499.91547,609.49567,1096.6724,-141.00607,493.24252,1084.4171,141.22128,676.7445,1361.4993,-173.98022,484.52423,1281.7761,399.5026,717.7809,1593.4298,-16.95699,499.00238,1467.4543,794.4979,734.342,1622.1011,-8.035294,526.28937,1502.829,827.1398,685.1831,1701.7817,-227.05145,418.58734,1546.2827,687.34283
050.jpg,467.32938,596.2236,-302.203,489.94232,570.2307,-309.79724,499.47522,569.3777,-309.8262,509.3413,568.3309,-310.00916,471.4253,572.06635,-252.90631,466.46915,571.966,-252.93347,461.40146,572.1404,-253.10686,546.2858,575.5543,-263.9925,485.38638,576.7883,4.9909573,496.1906,620.94446,-284.7637,472.07764,622.0825,-206.37808,641.24493,710.92346,-288.32993,457.55252,716.61975,156.89192,572.86053,874.72845,-269.49097,361.44308,889.07355,-40.06471,476.13928,779.92175,-89.79052,395.97464,781.011,-496.10132,439.0997,758.8848,-86.70719,405.2125,753.02,-567.96857,455.4921,738.5724,-88.12835,418.29037,725.2701,-537.4381,464.88165,749.59686,-76.12963,426.66177,740.967,-498.63373,612.74243,1098.7759,-130.60986,496.83508,1086.9689,130.75056,684.81256,1363.9425,-142.58948,484.2721,1281.7086,385.85928,720.86163,1592.5546,11.531864,498.1275,1461.5562,757.00214,734.6125,1620.3196,20.78194,523.3255,1494.9246,787.6616,694.3141,1700.1979,-182.46971,426.1186,1540.0514,662.1267
051.jpg,487.5069,595.1204,-328.73618,506.02945,567.18286,-325.70685,516.01013,565.1941,-325.75308,526.3118,563.02625,-325.87842,484.71857,572.18713,-276.6642,478.30014,573.2726,-276.61588,471.76947,574.58435,-276.8407,561.2378,570.15063,-241.65591,489.4094,582.3854,-4.241547,518.09314,617.89557,-298.36932,489.8473,623.30084,-228.9953,656.737,711.721,-283.2937,467.8191,715.02203,150.10318,573.9257,880.7028,-353.18182,355.2887,878.231,-90.192894,485.51215,773.90125,-251.01009,409.03766,772.28,-553.5594,449.38892,749.2923,-257.7465,422.0114,744.09265,-628.0506,472.34717,729.35156,-253.06496,439.85355,718.5045,-585.55396,481.07562,740.86804,-236.19029,446.85886,734.7595,-550.09357,623.4373,1106.0107,-133.71873,506.10355,1093.1235,133.91833,687.27527,1370.2815,-125.13743,504.56738,1291.3794,400.66357,730.7776,1595.4539,83.176796,520.90216,1471.3152,816.8634,748.5736,1624.7283,95.394585,547.6127,1506.7288,850.2674,696.40955,1696.0719,-140.17879,441.87732,1544.1187,695.4285
052.jpg,482.83908,587.9133,-296.60046,505.16113,563.02783,-301.12112,514.65784,562.1867,-301.15466,524.51025,561.13275,-301.34174,486.7885,565.25665,-244.28017,481.9988,565.41364,-244.267,477.07578,565.84204,-244.4664,561.9783,569.82214,-249.30084,501.10098,572.33545,20.384975,511.73334,613.6374,-277.10376,488.1681,615.2377,-198.84021,661.049,705.237,-286.36093,471.6228,712.5187,159.91962,595.8207,863.9178,-304.83774,368.97635,874.4349,-89.97159,493.08813,768.33984,-129.92096,411.39185,769.7236,-556.28375,453.57718,749.0103,-125.96553,421.4523,742.2769,-630.5059,470.607,727.0483,-124.11788,435.99753,717.14905,-593.1207,480.1943,738.99994,-113.73858,443.43304,733.6275,-556.4238,630.8611,1103.0144,-128.54398,510.79572,1093.0217,128.7358,699.64124,1366.1084,-139.0125,505.0705,1281.9911,404.7402,743.063,1589.3088,21.30077,525.11115,1462.1694,803.55066,757.53534,1619.295,30.129536,552.407,1497.9188,835.36597,720.7141,1689.8673,-186.90395,448.31577,1536.5779,699.79346
053.jpg,497.89148,585.6068,-326.2952,520.7555,558.5574,-325.78055,531.0321,557.5921,-325.80682,541.6107,556.4363,-325.95047,499.52878,560.8168,-268.23032,493.50732,560.8074,-268.16324,487.3696,561.0412,-268.42975,578.01483,564.41016,-246.58524,507.93744,567.121,24.751312,527.2398,610.2155,-297.30643,499.61456,611.8043,-218.3271,666.34375,703.6457,-290.2089,482.88892,702.3128,202.55164,585.0651,875.31946,-279.66397,378.90143,872.2838,-38.077736,493.37137,759.51306,-67.54386,416.2212,769.02216,-548.70966,454.547,733.72906,-62.341686,423.39105,741.2028,-630.3898,478.8447,714.1206,-58.849934,440.95813,715.73804,-591.2297,489.75394,726.8047,-50.364277,449.37497,731.71094,-549.4101,637.9656,1098.8046,-146.85483,521.91254,1086.2958,147.21683,703.26483,1361.7914,-140.42227,510.59314,1282.2332,398.84518,750.2885,1588.159,86.006256,533.2177,1466.1897,818.97754,769.4964,1616.9481,100.17577,560.1867,1501.2678,852.49713,709.7048,1695.4601,-143.40137,456.97116,1543.8722,697.20447
054.jpg,496.38663,588.0401,-370.696,521.1718,561.7008,-374.75928,531.19226,561.1981,-374.76718,541.54535,560.4791,-374.75745,502.0027,562.6989,-311.11237,496.85028,562.27527,-311.03226,491.5716,562.1211,-311.25623,579.6647,570.04584,-314.6442,516.76996,568.63934,-11.143533,525.6563,615.005,-349.4464,500.26694,614.75793,-261.20117,669.2015,714.6992,-329.79468,491.61316,704.65515,165.33493,588.2085,893.25464,-298.31308,386.45413,879.08234,-131.41882,506.15854,765.4017,-98.97382,421.2331,770.098,-677.8867,466.16257,742.3238,-90.366394,426.2662,740.60297,-762.93823,493.9181,718.45844,-97.60539,445.93173,716.4784,-711.40533,506.2346,730.3797,-82.887115,456.457,733.22687,-674.8315,648.4281,1101.6658,-151.6674,534.8489,1088.2792,152.07481,706.246,1357.7045,-140.87508,520.3347,1295.3662,480.13733,753.5824,1581.359,89.23901,531.2962,1478.9977,943.2324,772.4959,1611.1304,102.622574,556.63446,1513.2333,980.9801,712.1557,1688.3958,-143.73184,451.53378,1561.669,820.6954
055.jpg,501.2634,581.10504,-357.1879,525.1816,554.6974,-354.45383,535.45056,553.8725,-354.40063,546.073,552.8713,-354.38828,504.07516,556.38654,-294.20026,498.36172,556.19464,-294.17996,492.55145,556.2923,-294.40244,584.14984,562.22046,-264.4777,515.39,563.19226,17.070246,531.2742,607.87665,-325.71844,504.3136,608.7508,-243.8838,679.44135,710.2202,-281.77142,484.4811,704.26794,187.72285,592.91205,884.26404,-330.6137,384.07217,883.26294,-115.53625,502.19623,772.1095,-221.23383,425.6832,764.3438,-689.35016,463.1386,749.2726,-231.27003,431.71756,731.3574,-788.4288,490.06738,727.4686,-229.43861,450.10052,707.05096,-736.5336,500.61682,737.3448,-206.20975,459.6046,723.429,-687.3794,648.3428,1104.4397,-129.48557,524.9122,1088.4109,130.01888,708.9622,1368.1146,-95.81264,515.79767,1302.1152,405.58783,752.0885,1586.1594,217.61102,538.96265,1472.7615,933.57983,764.3261,1614.6144,239.3096,562.7375,1500.363,976.6239,735.2171,1693.013,-19.98585,483.7739,1563.6349,788.6654
056.jpg,494.19708,581.3307,-360.73398,517.784,554.6316,-362.49313,527.77075,553.68475,-362.4468,538.0921,552.54736,-362.48526,497.97775,556.61115,-298.7268,492.69376,556.4647,-298.67422,487.29678,556.5999,-298.92694,576.14154,560.3152,-290.20267,511.72028,561.85284,9.138418,523.8653,606.4536,-335.3867,498.29916,607.5118,-248.31808,670.454,702.9023,-318.69553,488.1995,697.91016,190.67183,576.6234,882.0535,-293.8847,379.21585,870.86755,-114.02942,489.82846,771.0987,-74.93766,414.49652,765.78253,-699.85846,450.12573,749.9281,-72.001396,417.0088,737.2343,-794.83527,477.85754,728.7149,-76.521614,439.36102,714.07837,-745.7564,489.9227,739.2229,-59.786114,449.93597,729.71136,-699.47253,643.2066,1093.5671,-150.6967,528.5546,1077.4745,151.11507,697.36566,1355.796,-95.665924,509.85718,1276.077,473.40463,742.8623,1578.4724,167.51067,515.3978,1461.221,951.95935,761.514,1606.675,184.98721,539.7979,1493.848,990.6786,701.99023,1687.7822,-64.640114,440.62097,1547.8369,820.1722
057.jpg,494.3384,587.29846,-331.0532,516.77106,557.6629,-333.49057,527.2204,556.0724,-333.51102,537.9732,554.30194,-333.63483,495.4955,561.0917,-276.88882,489.39923,561.39484,-276.88974,483.18152,561.9456,-277.1611,576.6313,560.12054,-262.30307,505.6086,566.8197,7.509422,526.0581,610.7489,-304.84982,498.0168,613.9144,-226.04883,670.5526,705.3246,-278.69397,483.62344,700.6009,182.07991,586.7499,887.6654,-246.99428,375.52573,880.79956,-27.282894,497.327,773.0497,-46.126923,409.0369,774.41406,-525.31476,458.83472,746.9033,-37.934334,417.66315,745.81616,-602.88965,482.6681,725.28467,-39.94573,433.7855,717.31226,-565.644,493.1583,736.8203,-31.268333,443.56595,734.051,-525.2072,632.90735,1099.7921,-142.1852,516.1308,1083.3556,142.36754,694.01074,1366.4711,-128.04395,507.18503,1289.1133,397.6943,738.764,1591.8733,84.73917,526.97363,1471.2838,803.8372,757.15106,1621.3053,98.11499,554.9897,1506.8293,837.346,703.735,1697.691,-133.83894,443.70215,1549.5514,691.2714
058.jpg,484.56705,572.78326,-369.33023,508.41104,545.55164,-373.6509,518.9045,544.8598,-373.68066,529.762,543.9702,-373.8338,487.80978,547.5709,-320.61804,481.772,547.74133,-320.62692,475.57483,548.1622,-320.84326,567.77264,554.7588,-306.69983,497.85956,556.68744,-49.67048,514.85034,600.05554,-343.82538,486.89856,601.48425,-268.95465,664.54834,703.1274,-323.7028,466.90125,698.1971,110.953926,608.75256,874.869,-378.09033,363.45352,874.6505,-116.25869,498.3606,763.4959,-342.8212,401.73053,771.7929,-590.9402,455.3796,744.0286,-354.47037,416.41656,747.1484,-665.8946,471.8528,716.6531,-354.3443,429.99033,714.8846,-633.56775,483.46814,728.1838,-330.4609,437.34506,732.12616,-590.7143,628.3173,1108.2935,-138.82043,508.04553,1094.1973,138.76,691.30945,1375.8079,-102.85458,505.0476,1289.1475,488.123,731.3417,1600.7515,83.18787,514.22107,1458.8179,935.6459,750.9138,1628.9763,94.35721,538.0892,1494.2041,974.3276,686.0629,1709.9076,-124.07653,434.00424,1532.072,845.68536
059.jpg,489.2026,567.5222,-375.83926,512.12,538.8679,-378.8566,522.7694,537.83875,-378.90002,533.74274,536.6308,-379.0271,490.51215,541.5476,-323.94922,484.04486,541.82196,-323.95108,477.4382,542.33075,-324.22595,571.0144,546.9957,-310.6098,498.2684,551.3269,-47.56803,519.71173,594.357,-350.76566,490.49844,596.70184,-273.803,660.49945,702.7933,-337.23065,473.21225,689.31085,110.268364,567.6818,880.3197,-333.85583,358.41028,858.7291,-117.84708,488.79172,762.32263,-196.0335,406.7315,751.4711,-609.4607,452.46255,734.5736,-197.515,421.19104,724.32825,-690.655,478.79346,712.48553,-205.79555,439.9017,694.6449,-654.1252,488.81302,724.24384,-186.44237,447.1679,712.2846,-609.84393,623.85736,1106.7937,-145.39304,509.03564,1089.131,145.44292,687.9767,1372.5637,-93.43402,506.6271,1285.9266,444.10727,732.2754,1593.2218,125.71608,523.9395,1459.571,869.55414,754.00714,1622.1368,140.35796,550.41833,1495.4873,906.103,682.8364,1699.8131,-86.58393,441.71854,1531.8475,763.4412
060.jpg,487.91318,573.05536,-335.98074,508.8359,544.1517,-336.22437,519.1851,542.4504,-336.26318,529.8769,540.56274,-336.44614,487.52994,548.2444,-282.50534,481.1783,548.8986,-282.5113,474.71527,549.81055,-282.7292,567.3966,547.833,-260.37082,495.32938,556.52606,-2.9657347,519.3811,596.51184,-308.43866,490.72006,600.68976,-233.2004,664.6467,691.2203,-292.55133,468.74512,693.79803,155.54768,598.5172,859.39105,-332.00024,353.78488,858.26337,-54.934532,494.2076,764.8544,-215.92484,397.905,752.0769,-522.1406,455.0142,743.38654,-218.95645,412.23013,724.7108,-600.2254,471.99603,722.0873,-213.64168,427.776,696.1105,-566.57336,482.40625,732.7367,-201.80362,434.23837,712.7328,-523.2867,620.8613,1097.6371,-138.90561,501.82373,1083.5577,139.07639,681.62054,1366.4679,-137.83252,498.7656,1275.1775,434.82797,722.3688,1594.0426,44.015823,512.638,1449.6295,857.30756,739.3903,1621.3047,55.06455,536.79346,1482.859,893.1474,686.8901,1704.8704,-176.4039,441.0449,1528.1088,747.94165
061.jpg,479.41342,568.16626,-314.72488,501.1059,540.9547,-325.83002,510.86786,539.7148,-325.88684,520.9862,538.26013,-326.09756,482.70593,544.2446,-268.36395,477.56436,544.7797,-268.38663,472.28305,545.57007,-268.57062,559.2152,546.5707,-289.4989,496.87234,552.6642,-13.439297,509.55313,593.27216,-299.84567,484.96753,596.3243,-219.57263,660.0518,691.2113,-312.22375,470.4841,693.54333,143.9273,589.31067,862.3262,-282.0671,351.98465,866.57275,-70.38144,490.2949,758.02094,-125.23331,395.516,770.0655,-535.4003,450.67712,734.8921,-125.53856,410.79498,745.93604,-606.0741,468.31693,712.7425,-128.28075,426.922,714.4798,-573.81604,478.10663,725.6825,-112.064384,433.89273,731.9909,-535.5098,624.89636,1096.5114,-148.83865,509.1683,1085.0294,148.79001,685.80176,1368.1106,-116.50995,499.7588,1282.8501,470.46902,724.6888,1600.4696,26.699615,506.37387,1458.5928,867.24524,745.8606,1631.5448,35.573452,531.54144,1496.0328,902.14374,676.3645,1706.4838,-156.01479,419.12442,1529.3254,797.3754
062.jpg,479.62418,570.3357,-327.08612,502.1954,541.94916,-329.2362,512.5165,540.405,-329.2777,523.1713,538.6687,-329.4117,481.6114,545.46466,-266.6457,475.92908,545.84296,-266.61234,470.1169,546.48376,-266.8534,562.5255,545.09436,-261.30045,494.5526,551.7932,35.799908,511.30972,594.0985,-303.13828,484.47556,597.2451,-216.60414,659.3673,691.7132,-293.48648,470.58176,684.9908,210.59749,567.8681,873.7535,-291.79535,352.56317,859.5363,-42.10516,479.4147,755.0941,-126.20573,393.27176,751.67365,-584.97723,440.1168,728.70215,-124.61368,404.50122,723.61426,-673.16266,465.615,706.34406,-129.23593,423.0321,694.66473,-630.3258,476.49265,718.1118,-112.23492,431.04218,711.7005,-584.533,618.07526,1094.342,-157.10692,501.5719,1077.6632,157.37643,676.9742,1364.6012,-142.76431,500.2055,1279.2671,470.35834,716.707,1598.1498,76.008316,519.9246,1463.9635,923.93475,736.71704,1627.9761,90.144165,546.7908,1499.493,961.1346,670.8635,1709.875,-152.22551,441.82715,1545.3105,802.8962
063.jpg,483.16217,565.1885,-424.97543,507.3981,537.51984,-420.21426,518.05505,536.4829,-420.18018,529.056,535.262,-420.16782,485.62354,539.52606,-356.62955,479.58862,539.377,-356.46506,473.44965,539.52527,-356.64984,567.78253,543.2739,-310.9493,496.66626,545.01135,-13.967902,514.01086,590.2065,-386.13962,485.81955,591.374,-299.98386,663.76404,684.5916,-333.73965,469.2482,683.64716,200.79915,592.2579,861.3665,-375.55966,370.71738,871.3967,-145.87323,485.31497,737.7472,-258.77664,403.81656,760.9747,-795.583,441.34808,716.0529,-278.2722,405.83072,730.0033,-907.23456,466.67786,693.55725,-275.64047,425.08847,706.03766,-855.14056,480.3684,704.8989,-243.07124,436.08575,721.2743,-795.3314,630.26514,1088.9315,-155.2724,510.33197,1075.6556,155.8172,677.03876,1357.3672,-91.45329,505.90955,1290.2913,526.6287,722.2905,1579.9747,252.818,516.87646,1465.9391,1139.0933,741.94666,1611.0995,275.19696,542.02606,1498.894,1188.2461,681.7485,1685.6283,-6.638638,443.07166,1550.7633,980.4828
064.jpg,482.3004,561.61707,-421.706,506.3055,533.6059,-420.8379,516.77734,532.50824,-420.77972,527.59863,531.2058,-420.6747,485.76767,535.8162,-357.4796,480.12555,535.6985,-357.42548,474.36105,535.87573,-357.76962,567.4685,538.838,-331.808,499.6521,541.4023,-34.096703,513.76184,587.313,-390.3134,486.86554,588.65076,-303.70816,666.5627,685.99316,-341.62512,472.24994,679.0717,146.06285,575.3212,867.09216,-359.26337,365.26627,864.58405,-195.04866,475.32227,743.448,-223.63573,400.36786,756.2754,-806.6259,431.08646,720.924,-231.37733,404.3002,725.7024,-913.10315,459.78592,697.11053,-238.0472,424.42352,700.39514,-856.4201,472.92056,707.84607,-209.9538,435.7645,716.3325,-803.74097,634.7324,1090.1708,-142.63997,513.21594,1073.6179,143.14227,681.6396,1354.1359,-70.0356,506.37653,1289.3325,520.3776,725.8619,1576.138,249.64966,515.12946,1470.9415,1087.5876,743.9659,1606.3071,269.72836,541.5881,1505.0631,1132.8981,684.3566,1683.2472,-6.266721,433.20627,1555.9648,934.605
065.jpg,477.2891,564.057,-355.41562,501.39017,535.10986,-364.0319,511.63464,533.9525,-364.027,522.24426,532.60376,-364.1078,481.9049,537.6183,-298.4502,476.7183,537.6261,-298.4612,471.40427,537.9131,-298.7756,562.6703,539.2966,-314.5101,498.60727,542.6808,-4.1455245,508.61072,589.4409,-337.07263,483.17035,591.15814,-246.6644,660.84753,690.18744,-341.83282,473.92688,678.50055,160.45172,560.47943,870.73035,-306.25888,356.82175,852.7996,-115.22945,479.7146,744.0678,-79.0325,397.16977,744.7421,-657.707,441.1455,717.56757,-70.27388,403.89786,715.77344,-745.60077,469.66852,696.89215,-78.93292,425.576,690.29694,-695.6879,480.70383,708.7568,-64.68466,435.9786,707.027,-656.0928,623.6384,1098.782,-152.93587,507.07266,1078.4913,153.24243,683.49744,1363.0243,-114.449875,498.452,1274.9614,504.45773,723.8912,1587.3988,112.246506,519.2921,1454.5426,968.54865,742.8265,1616.6976,126.44441,546.1668,1489.7817,1007.1031,678.7855,1696.0538,-114.77554,437.927,1534.1006,859.1365
066.jpg,474.35934,559.79346,-359.93655,496.34488,530.61395,-358.91162,506.6586,529.007,-358.8686,517.3141,527.23645,-358.91635,474.94855,533.9217,-300.3636,468.86847,534.1624,-300.31308,462.68402,534.6906,-300.49344,554.70844,533.1585,-265.97928,484.57443,539.322,9.690963,505.20212,583.5203,-326.1818,477.74374,586.4869,-245.76042,652.4335,675.7155,-290.75586,458.27036,673.9152,194.80727,567.5581,859.2891,-358.1932,348.80655,860.0831,-94.80923,461.80856,754.6574,-279.56277,386.53293,744.737,-669.08453,418.81332,734.21606,-291.63617,395.60474,714.29553,-763.5629,443.16205,709.27686,-290.20822,412.1728,685.80756,-716.76355,455.69894,719.16394,-265.1034,420.75427,702.26624,-667.12024,619.49316,1086.7836,-142.181,497.68518,1069.1292,142.52505,672.773,1365.7166,-113.40476,482.6889,1282.4873,425.904,706.1542,1596.3069,195.28098,506.6322,1454.5908,960.1567,721.4929,1624.3413,217.85185,532.1659,1483.1279,1004.8026,671.8603,1712.4133,-33.174854,445.13245,1547.4509,831.65234
067.jpg,459.80438,561.2709,-301.02026,483.22687,534.80115,-306.6352,492.97986,533.8723,-306.62064,503.08295,532.7442,-306.69458,464.183,536.6635,-246.78339,459.27847,536.46454,-246.79196,454.25458,536.55023,-247.0519,541.61633,539.5882,-249.17845,479.73026,540.91516,30.604055,489.5438,586.62805,-279.6679,465.43155,587.6006,-198.42114,644.35846,681.935,-282.3938,447.75998,680.5259,167.64325,562.5942,845.1506,-340.11902,347.95148,850.05786,-87.63939,458.7212,741.5671,-238.33398,379.99597,741.31665,-572.31195,419.1917,721.095,-245.58557,385.98312,710.6664,-656.91956,440.13403,699.2923,-243.6765,400.38928,687.1189,-612.29254,450.15353,709.2797,-223.8826,409.837,702.7088,-571.5651,611.20557,1084.1409,-127.66488,488.46246,1068.4088,128.10939,664.2793,1354.083,-145.75887,472.28146,1270.7295,403.47748,699.97906,1586.347,43.93948,496.94775,1450.502,855.0317,713.03827,1615.7246,54.32298,522.50824,1480.3335,890.7714,673.7424,1693.7542,-187.31746,435.13684,1537.9047,737.73004
068.jpg,452.74936,554.70886,-378.46387,475.81396,528.87256,-378.42905,485.5528,527.76666,-378.33725,495.66083,526.43915,-378.3874,456.85535,531.03424,-310.32144,451.99683,530.86127,-310.2684,447.0115,531.0165,-310.59964,533.8632,532.709,-291.87283,472.41748,534.4728,22.279377,482.2261,578.2892,-347.8073,458.04916,579.50854,-256.46884,632.1157,668.133,-327.53128,444.4023,671.75464,214.54988,555.3806,839.7583,-336.9748,340.95316,846.6686,-125.04472,443.48935,744.14325,-136.11456,372.32645,738.871,-759.3487,399.91046,726.9718,-138.60506,375.25812,708.7304,-870.3421,422.57416,706.58887,-135.82623,393.47726,685.57904,-821.9314,435.64056,715.8276,-118.49618,403.75882,700.9488,-761.35406,603.37775,1079.3782,-156.35165,487.2803,1067.0607,156.77475,653.0222,1344.1484,-58.332306,483.27994,1272.6049,533.0258,695.46423,1576.764,259.1964,490.55728,1459.3473,1090.336,714.07574,1606.2067,280.872,515.2012,1492.7456,1134.7473,652.7385,1685.4634,3.2812486,417.04962,1545.0413,932.0998
069.jpg,448.9026,552.2096,-338.19827,472.32047,526.195,-338.44202,482.36487,525.2784,-338.4201,492.80444,524.1493,-338.49173,452.30798,528.4389,-276.2414,447.00204,528.50446,-276.22318,441.57663,528.8718,-276.49014,531.44464,532.5957,-252.0709,465.98416,534.9104,39.8506,479.1465,577.9231,-307.0075,453.53952,579.40155,-222.3539,635.2808,673.21936,-282.3906,436.83017,678.12823,214.08769,566.18085,842.9001,-348.58566,342.15076,858.08826,-111.015305,442.15268,734.25287,-234.95175,369.31662,737.2372,-681.56195,395.31866,714.02576,-244.97636,371.5558,701.4182,-778.93134,416.09784,689.6853,-235.08987,386.20386,679.137,-729.32764,428.6965,701.0441,-215.96913,398.06186,696.27924,-681.0265,606.11053,1085.3699,-140.18114,483.61792,1071.4705,140.6814,659.7379,1355.5605,-112.58125,484.80054,1275.1324,502.10608,690.5997,1588.6191,154.16554,501.52167,1454.9368,1041.9506,703.8251,1619.153,170.97398,526.6093,1488.0647,1085.1613,660.168,1695.9259,-90.48449,431.83112,1539.186,900.1734
070.jpg,450.284,549.2395,-368.88828,473.86194,523.4739,-364.9221,484.06378,522.7725,-364.88297,494.61395,521.86615,-364.8804,453.07428,524.9072,-302.85324,447.34152,524.5624,-302.75162,441.50433,524.51135,-303.04373,531.43286,530.5393,-269.5464,462.99307,530.3838,21.466406,479.12335,574.84045,-335.55582,452.18793,575.1919,-250.8934,625.5518,669.7839,-316.26114,431.11548,671.2347,202.65886,536.2762,841.77563,-362.23428,324.7841,849.4268,-127.960434,443.51303,729.1035,-228.6101,363.1822,737.3212,-735.58655,402.5728,706.9697,-237.58,366.3604,705.8726,-841.87024,430.5574,688.49176,-238.337,388.09604,682.3202,-789.2402,442.0293,698.99384,-213.34816,398.8473,697.9076,-735.16327,598.7428,1082.0042,-153.5186,479.126,1069.8248,154.01828,648.8748,1347.4137,-92.10732,471.8778,1279.6865,500.72107,691.6383,1576.1782,210.63055,487.12473,1459.9099,1039.5891,710.75446,1606.4608,230.35252,514.92725,1493.5568,1082.9294,646.3123,1684.6809,-40.470314,404.48764,1544.7289,893.2189
071.jpg,439.64728,541.4336,-388.9892,464.90506,515.92395,-392.35904,474.95816,515.35864,-392.3153,485.3844,514.57324,-392.211,446.0242,517.3442,-325.81958,441.2849,517.1586,-325.77252,436.44086,517.26904,-326.072,526.6982,525.9138,-326.4676,464.76578,525.724,-13.240957,470.6704,570.1112,-367.11014,445.75354,570.3353,-276.34348,630.4515,679.69116,-356.53772,436.031,670.42706,146.01074,535.1737,854.36383,-422.015,329.36618,846.3684,-209.14268,435.25983,734.7749,-333.37997,363.03156,734.8756,-826.2521,391.12152,714.5415,-343.35858,365.90814,703.9105,-931.0007,420.7164,691.3764,-347.93427,388.17072,680.0386,-871.66473,434.45657,701.5158,-318.7234,399.94318,696.31586,-822.6334,605.4752,1085.8877,-145.12065,482.45105,1067.0428,145.71344,647.8261,1357.0874,-119.448296,473.6663,1275.6373,524.5892,694.24817,1578.6637,156.97568,492.60767,1454.6715,1083.171,714.1476,1607.8491,173.1183,518.7314,1486.1366,1129.0154,647.49097,1686.6156,-88.591896,421.64044,1543.0375,956.65594
072.jpg,446.62347,535.6941,-354.93286,469.14948,509.48788,-361.43506,478.6531,508.25775,-361.38077,488.53177,506.8197,-361.46204,451.27417,512.1708,-290.82513,446.9129,512.1958,-290.77103,442.45123,512.55005,-291.05753,528.12646,513.74316,-303.36322,470.2303,517.3928,21.436676,476.69174,560.48083,-335.30206,453.8632,562.2623,-240.96082,629.3567,656.18317,-370.55942,444.91867,661.7248,194.18454,513.1701,831.4596,-378.037,332.1126,845.08716,-166.08212,416.56665,725.22815,-105.530334,360.02985,734.33,-802.5565,377.52594,700.8362,-95.62513,359.2217,702.3467,-904.25916,403.88068,686.73175,-97.33008,382.3067,678.6266,-849.0598,415.58813,699.4604,-87.65173,394.35135,695.41406,-802.4186,602.548,1078.4122,-156.24164,482.7288,1062.519,156.72932,652.6903,1350.4637,-77.88646,469.9863,1270.3501,507.99835,698.44135,1584.4343,202.1603,492.80093,1456.9869,1020.6035,717.92285,1615.9523,219.7423,520.2739,1488.5054,1061.3019,655.8192,1694.149,-36.615707,424.46234,1549.2197,890.1129
073.jpg,450.59567,536.3519,-379.8155,474.10394,509.3913,-394.46762,483.34125,508.58392,-394.4759,492.9649,507.58707,-394.53595,458.03415,511.39813,-324.00754,454.226,511.40408,-323.95105,450.28955,511.70804,-324.21814,533.4535,518.45593,-366.08966,479.67303,520.6316,-36.708042,480.0566,564.3267,-371.21274,458.07962,565.3941,-275.36307,632.81824,673.84076,-426.89868,455.7644,662.9613,135.38469,512.7268,850.8375,-399.7133,342.03824,840.7065,-209.21153,430.35345,718.5952,-114.10027,364.3205,731.2638,-839.4061,390.29553,688.6474,-99.23926,359.88477,699.7472,-930.4124,423.08347,672.83545,-109.350235,387.30194,676.9409,-879.00116,436.33505,687.2997,-99.562,402.2386,694.54944,-839.7404,607.07935,1082.2825,-162.13948,492.22913,1060.6355,162.32133,662.6697,1356.116,-73.87552,485.842,1267.0758,515.4896,697.31433,1587.6055,174.23492,508.38452,1455.9858,970.1048,717.21,1616.927,189.35689,535.2302,1490.3796,1007.31415,643.5383,1700.7701,-42.345894,430.14197,1542.5526,861.3223
074.jpg,456.5862,530.18146,-342.58698,479.07294,504.5046,-356.73727,487.8333,503.56177,-356.7503,497.0028,502.4144,-356.84952,464.06583,506.9113,-288.16956,460.71124,507.10654,-288.13535,457.22946,507.61224,-288.44745,537.7257,512.79266,-330.95078,486.9082,516.1408,-10.964548,485.902,557.65125,-334.32983,465.72507,559.3889,-241.17772,644.7086,668.1715,-381.03455,458.99878,663.5035,138.54361,552.62396,846.22125,-377.2354,352.51447,833.73047,-184.22255,452.4702,733.9207,-157.19972,375.5593,719.1716,-773.232,409.4095,709.30994,-152.4283,375.60645,686.4243,-872.67865,436.10687,689.37024,-157.96623,398.47406,662.4442,-826.0467,449.22833,701.1992,-143.2229,411.24966,680.0544,-775.5375,617.287,1087.657,-150.25609,499.63275,1068.7898,150.52802,669.8924,1362.8326,-72.30796,491.81216,1271.4789,502.82764,702.85,1590.7656,186.63824,506.9527,1454.8254,986.49207,720.20435,1617.8916,203.51042,531.5788,1487.3704,1026.1461,656.31445,1703.5436,-26.542454,437.77753,1540.7659,873.67065
075.jpg,467.83667,532.5273,-447.23523,491.17404,503.40186,-451.90942,501.53143,501.96036,-451.9085,512.2471,500.3319,-451.98196,471.1892,506.61758,-381.3342,465.78247,506.86078,-381.24048,460.25677,507.40247,-381.51733,552.611,508.00925,-377.61606,487.79767,513.5284,-47.73592,499.88303,557.4286,-421.47406,473.42325,560.05396,-325.41367,651.7412,658.9703,-419.0202,468.65326,650.6195,151.6077,536.5648,845.5821,-413.61905,352.7978,835.04675,-206.51007,445.18384,720.57465,-181.48634,383.1404,717.33765,-876.3384,405.00693,693.07513,-181.30724,382.7768,684.1435,-984.5934,436.90176,675.2726,-186.74611,408.09918,660.18164,-930.55414,450.8813,688.0157,-166.75366,421.1019,677.5355,-877.038,623.1528,1078.397,-167.98648,508.27502,1057.1348,168.36945,671.8631,1352.4882,-87.11142,503.5261,1265.1862,570.65674,712.7354,1584.9554,209.04375,516.5909,1450.2727,1129.2502,735.22394,1616.41,227.92508,542.2145,1484.5745,1175.6603,657.1868,1695.3016,-44.698875,440.70142,1535.4772,991.4685
076.jpg,477.08212,538.1051,-447.73096,498.6577,507.86002,-450.11472,508.92828,505.7619,-450.0621,519.5675,503.47864,-450.16962,478.5271,512.1185,-380.0904,473.05045,512.52545,-379.9548,467.47098,513.2496,-380.217,560.37085,507.73938,-365.1041,494.67642,516.80634,-40.155792,510.26514,560.15094,-418.08517,483.8418,564.24347,-323.33582,663.4252,650.87164,-410.46216,478.00333,650.0377,153.94162,552.70776,832.585,-446.67587,383.08002,834.4535,-200.55455,438.72568,739.13586,-245.46948,402.19333,716.18024,-882.50433,396.3659,718.8246,-253.88217,401.31387,683.0349,-995.3339,422.3972,702.13257,-248.13487,419.91672,657.5723,-952.7689,436.89154,711.6909,-228.19531,432.50522,673.30994,-888.45844,627.7341,1075.8977,-159.84111,509.61343,1054.3766,160.22813,673.67316,1355.0336,-63.42657,494.5491,1263.3475,541.9604,725.362,1586.4531,251.4869,508.04706,1447.6595,1130.219,747.2363,1614.2662,272.16544,534.1117,1476.181,1178.198,682.2002,1702.3488,-14.226805,443.90375,1545.2787,982.95886
077.jpg,483.8531,534.654,-401.0339,507.18762,506.2267,-407.83743,517.31757,504.72256,-407.7813,527.81964,503.02505,-407.87006,488.20908,509.5058,-337.12726,483.26163,509.72693,-337.0648,478.19794,510.2725,-337.36288,569.5628,510.12067,-348.37927,507.63962,515.60095,-20.571787,516.45984,559.3335,-381.30423,491.33044,561.9588,-285.8232,675.06586,658.2517,-398.59528,488.1321,657.91895,147.53746,557.25714,843.2617,-394.64435,385.901,842.1704,-194.31035,453.66245,733.22485,-149.50627,404.57785,725.16974,-833.2272,410.48584,710.144,-144.08803,403.28116,692.4042,-936.4347,439.74387,692.92615,-150.69237,424.19275,666.76917,-886.2675,453.5896,704.45306,-135.13461,437.9056,683.51685,-835.4254,644.8442,1081.5598,-153.91408,526.3764,1061.5908,154.26584,686.84064,1354.6292,-39.64357,518.04517,1265.2577,520.38916,730.5137,1576.9006,258.497,540.33386,1445.8367,1038.054,752.663,1604.8674,278.34885,567.62805,1476.4421,1080.1536,678.4743,1689.0566,27.502245,471.0115,1536.948,916.52716
078.jpg,483.87247,533.81885,-429.79398,506.43295,504.73767,-449.99176,515.2149,503.3039,-449.95303,524.3895,501.70337,-449.99878,492.53513,507.51566,-370.3219,489.5958,507.58786,-370.19366,486.52347,508.01715,-370.44995,567.1136,509.1309,-427.10306,520.65405,513.62396,-55.931324,514.4876,558.9469,-422.40143,495.16443,561.0758,-314.55487,671.5551,663.8128,-463.33542,501.17413,651.1217,144.6217,561.7063,848.25916,-445.17,387.14987,836.1415,-222.59822,469.23248,710.43304,-211.64561,408.1878,711.90607,-904.14465,428.8721,680.6888,-216.4444,405.04495,675.6419,-1015.24524,461.4136,665.1008,-227.4425,430.76468,652.57196,-957.79803,476.16333,678.39667,-199.23528,445.63663,670.1141,-905.51117,638.723,1082.746,-181.72647,529.253,1055.419,182.12938,683.28076,1361.4293,-41.749493,519.28174,1267.3352,627.7843,733.7137,1587.9304,279.69403,529.1219,1446.5215,1215.5935,758.94147,1617.9042,300.5525,555.85254,1479.0051,1265.2594,674.5718,1698.51,37.555054,447.11688,1535.0496,1091.453
079.jpg,501.14276,524.9065,-383.4924,524.3634,495.81763,-386.63074,535.0029,494.54538,-386.57343,545.97736,493.1025,-386.59042,503.11603,499.06042,-327.00214,497.06647,499.44147,-326.96216,490.8815,500.09647,-327.27707,584.92737,502.95187,-312.6088,515.0084,508.59302,-30.556152,533.1794,551.8132,-356.4339,504.96487,554.49,-274.6583,687.9163,655.1549,-360.6614,490.65488,651.4385,120.72893,583.9487,828.59436,-465.37564,387.5375,831.36017,-191.95627,466.55316,711.8357,-406.87082,412.857,717.989,-760.0631,421.43597,689.584,-424.6761,415.66406,687.28186,-846.91486,447.9162,665.52124,-419.5959,434.20987,659.4555,-802.9007,461.43015,677.7348,-392.29037,445.93082,676.2485,-759.80945,658.8044,1078.8499,-139.08975,536.3081,1061.183,139.39352,700.4087,1363.1499,-62.075333,534.75696,1279.684,440.34946,736.8198,1597.9758,210.43399,562.4398,1471.3337,915.10706,757.3437,1626.4806,228.11392,588.8983,1502.0002,952.7196,685.89435,1713.3673,-11.270841,500.19882,1565.9948,794.3837
080.jpg,500.88394,531.48663,-381.031,524.6653,504.19217,-385.56418,534.63715,503.0161,-385.44196,544.93555,501.6725,-385.4261,506.0854,506.40598,-311.3204,501.52844,506.3459,-311.3165,496.8559,506.6134,-311.5418,586.25824,510.91605,-311.0236,526.2649,513.4525,26.131435,532.86536,557.93994,-355.04202,508.59033,559.5571,-257.39893,690.5235,659.82007,-363.20093,497.90848,660.52344,220.13794,573.3412,826.9395,-456.29102,368.24142,854.3521,-166.2664,467.02875,712.9872,-350.20212,409.7708,733.152,-870.024,428.0722,689.8638,-373.35303,413.36676,697.1994,-982.8946,455.1046,673.9252,-363.8199,438.3619,671.4575,-926.24536,467.36676,686.3496,-332.07513,448.93994,689.31104,-869.82007,662.4629,1082.3955,-149.29938,536.1471,1064.0642,149.62932,699.95953,1370.116,-91.97174,517.6056,1316.4014,337.6751,732.2291,1606.2529,307.27185,577.74066,1462.1675,1009.9926,750.50543,1634.87,336.66998,605.74146,1477.6152,1070.5715,692.0353,1722.3624,62.626213,535.5208,1564.3806,915.4138
081.jpg,502.53787,532.1878,-451.28925,528.5849,503.6076,-461.45737,539.161,502.77814,-461.47183,550.07837,501.7817,-461.5135,509.13553,505.47946,-386.40524,504.0465,505.3845,-386.32394,498.80832,505.60233,-386.56036,592.4845,513.3598,-402.73538,529.40784,514.49164,-54.043224,534.96686,560.67206,-431.49365,508.5579,561.49976,-330.22366,692.206,672.1185,-442.30136,509.44818,659.3888,142.27899,567.00604,856.00616,-439.2169,405.4446,850.26654,-214.92447,471.81897,711.05664,-236.67989,418.34503,732.2492,-901.49585,427.40625,682.156,-240.90529,414.51254,699.1451,-1005.55054,464.0979,662.941,-252.42793,437.66824,673.1782,-953.4341,479.30017,677.44366,-224.16623,453.0809,690.3555,-903.47687,661.7108,1094.6451,-168.09229,545.64667,1070.5352,168.44235,702.67053,1373.9103,-24.159922,543.40314,1287.2891,549.47107,750.0132,1605.3528,316.7895,570.6146,1472.2999,1116.1345,775.5828,1635.8132,340.613,597.1356,1502.9088,1163.9071,692.284,1715.8201,80.7884,501.18042,1562.5197,992.02893
082.jpg,501.33127,534.522,-396.47583,525.4845,504.86115,-415.98233,535.183,503.65042,-415.99603,545.25964,502.25214,-415.96243,508.87903,507.9233,-347.583,504.89282,508.2459,-347.5551,500.76343,508.85135,-347.7902,588.916,512.592,-401.91754,532.27966,518.0114,-78.30151,533.4633,563.3152,-390.98776,510.7811,565.6948,-296.77823,696.4175,675.6219,-435.2084,506.5401,662.5207,66.071304,577.10254,855.6164,-458.9214,370.23715,850.7635,-250.49231,478.54333,712.7387,-334.62988,413.85965,736.4782,-828.2264,434.6105,682.61316,-339.32504,424.97348,706.5797,-913.2027,466.78702,658.7336,-349.25513,448.8521,673.17,-859.5535,481.52496,673.55493,-323.91992,457.8645,692.521,-823.5859,666.08234,1092.4902,-156.05708,547.6285,1071.8757,156.26825,707.24963,1372.0371,-100.75188,550.8375,1283.5786,558.8855,741.9629,1603.3047,104.834,570.04016,1459.7373,1078.8387,764.62067,1636.2014,115.228355,593.5498,1493.5963,1124.5581,682.5145,1710.1224,-124.11367,502.77707,1539.5042,985.92633
083.jpg,499.0563,530.063,-396.03336,525.5133,501.32275,-412.44308,535.70056,500.85645,-412.39154,546.27295,500.22348,-412.47888,507.2137,502.439,-341.773,502.63242,502.04938,-341.71616,497.93622,501.9673,-341.87305,588.98694,511.9986,-384.19766,528.201,510.88245,-55.1853,530.11633,560.38495,-386.3482,505.43195,560.20514,-290.57858,689.6398,672.0732,-437.24274,502.5129,658.69995,95.96195,551.7909,849.6131,-440.722,384.04626,839.7889,-228.77983,455.92078,712.78986,-189.72458,417.2329,719.34094,-823.0409,413.07257,682.36017,-179.6196,417.98636,686.4043,-910.4318,446.81793,665.21265,-187.3796,443.57538,661.48425,-856.4159,461.2474,680.15875,-175.7727,456.22452,680.1733,-821.3233,663.6596,1095.0771,-150.83481,543.92816,1067.0372,151.2493,699.38074,1380.9867,-68.04717,524.0688,1261.5608,506.44052,734.7072,1610.8057,161.63217,531.811,1447.7957,982.8089,755.40356,1638.9943,176.05421,554.53345,1479.7758,1022.8402,679.81104,1726.8151,-62.58524,465.13458,1536.8015,880.36615
084.jpg,498.42734,522.96674,-458.9993,523.6226,494.76288,-470.51364,533.64374,494.18002,-470.51132,544.0306,493.38293,-470.5064,505.30652,496.0318,-399.77182,500.58688,495.67703,-399.65872,495.75668,495.6248,-399.81946,585.11755,504.66373,-418.4688,524.5198,504.06848,-88.20982,528.77234,552.7417,-441.188,504.1645,552.7597,-345.32034,686.4823,663.7425,-469.32538,495.84894,652.67664,94.37114,558.19214,842.9045,-512.22784,384.87384,848.6728,-253.48206,451.5389,716.1766,-350.5124,409.17914,727.6657,-902.2972,407.42496,688.9159,-360.1118,409.64233,692.97107,-1003.50385,439.32376,669.9537,-363.15747,431.3444,665.50195,-954.2181,454.3837,683.7668,-336.18268,443.91656,683.62115,-903.6295,657.3772,1083.707,-163.82079,535.2619,1059.5222,164.41327,693.13934,1374.6852,-141.02742,511.59442,1275.3179,538.4763,735.5228,1615.6108,78.12152,538.0455,1449.1665,1136.0507,759.1698,1645.6449,89.06257,562.3205,1476.221,1187.9469,678.65454,1734.5334,-180.87573,481.55707,1543.8875,1037.3562
