IMG_20210905_131227.jpg,down,1093.7993,2112.3682,-2047.8751,1121.3326,2053.4946,-2007.6014,1142.4506,2051.3748,-2007.6113,1163.5223,2048.9563,-2007.2413,1065.188,2056.158,-1981.2109,1045.3347,2055.0642,-1980.7191,1025.2749,2054.4517,-1980.8098,1200.9342,2049.3252,-1557.701,1009.3033,2057.1138,-1428.5007,1137.4963,2148.699,-1864.498,1068.1411,2150.5388,-1825.5278,1341.6838,2247.7996,-1207.3466,914.0686,2225.4678,-1069.7694,1398.0236,2576.1545,-1896.8914,794.00385,2562.6938,-1730.2031,1147.6422,2414.6562,-2667.3616,966.2964,2409.0745,-2559.7314,1073.4723,2373.5137,-2850.9272,1013.80695,2364.7227,-2710.3157,1078.2136,2306.6003,-2708.5662,1011.3005,2310.8684,-2586.5513,1086.5264,2327.709,-2622.065,1014.3331,2332.7224,-2520.9495,1251.6616,2630.9626,-64.46699,1006.9542,2609.7944,65.48385,1438.3395,2723.379,-1745.8746,758.905,2673.254,-1445.4082,1373.6681,3069.9973,-635.3201,861.5942,3015.7397,-296.96976,1342.6545,3114.1707,-547.69,913.9781,3066.169,-206.99132,1415.3519,3238.739,-1088.673,767.96545,3182.3235,-678.4216
IMG_20210905_131228.jpg,down,1057.6348,1873.711,-1821.9464,1082.994,1814.8372,-1781.4159,1104.262,1812.2844,-1781.3619,1125.4832,1809.4702,-1780.9417,1026.6293,1819.1006,-1767.3627,1005.81335,1818.9259,-1766.8763,984.83575,1819.2441,-1766.9724,1158.7444,1813.0605,-1349.4232,964.2835,1826.1436,-1281.4391,1100.4482,1911.3196,-1645.8424,1028.0133,1915.112,-1624.6785,1287.3085,2009.4724,-1001.0691,865.2737,2001.7476,-925.4304,1369.2019,2342.6697,-1635.1409,747.46,2347.2327,-1494.9235,1113.7843,2195.6282,-2433.6077,912.831,2199.4487,-2275.3196,1030.9432,2166.2551,-2606.476,968.01447,2164.5261,-2403.7556,1037.9142,2088.7354,-2481.7932,961.3282,2100.4822,-2289.9783,1047.0837,2105.524,-2395.809,960.7953,2117.032,-2235.213,1195.6047,2394.1384,-54.122684,959.70245,2380.4097,54.63862,1352.5709,2480.573,-1528.6594,706.44135,2456.839,-1235.7374,1301.872,2794.9995,-461.6135,799.6873,2780.9333,-190.31349,1269.8347,2833.8696,-376.30923,853.55444,2830.734,-107.577255,1353.591,2967.599,-820.59845,704.57324,2951.7388,-513.29254
IMG_20210905_131236.jpg,down,1273.207,2130.6453,-1707.4746,1282.0132,2076.384,-1631.953,1297.2936,2075.0254,-1632.2126,1312.8517,2073.3855,-1632.2104,1233.3688,2077.993,-1681.7325,1212.4175,2076.861,-1681.4745,1191.4799,2075.9958,-1681.2734,1304.1277,2080.329,-1129.8766,1137.9269,2083.0537,-1349.5696,1286.4215,2169.4668,-1513.2721,1224.4427,2171.025,-1574.7573,1380.8052,2230.9858,-746.7531,991.9486,2278.0088,-1012.5132,1554.8452,2546.6143,-1189.1079,977.2026,2667.0552,-1329.7847,1420.8098,2395.1401,-1871.9731,1228.725,2466.8452,-1532.8474,1385.1924,2353.8818,-2006.6737,1311.2255,2423.9512,-1583.0781,1387.1128,2306.0989,-1896.6134,1275.9896,2349.9194,-1525.5189,1377.8982,2329.3308,-1843.3279,1265.7098,2365.1348,-1498.4009,1275.3323,2631.7104,93.79011,1051.5052,2661.7717,-93.77488,1569.3582,2687.8684,-1003.7869,891.6489,2786.1946,-1346.4535,1436.5236,2988.3716,14.150463,931.75934,3115.9873,-312.61493,1368.7999,3035.626,94.361,960.35187,3155.9697,-234.97969,1595.4683,3154.8123,-270.91373,894.084,3295.8975,-719.4897
IMG_20210905_131237.jpg,down,1402.1902,2011.9132,-1940.7695,1408.9268,1957.6024,-1867.8373,1424.0352,1955.6116,-1868.3279,1439.5511,1953.4437,-1868.4553,1358.4297,1959.8993,-1922.401,1337.0378,1959.0558,-1922.019,1315.5712,1958.4908,-1921.7543,1425.8413,1959.2576,-1326.8715,1256.2928,1964.6302,-1563.8917,1413.2336,2050.2732,-1730.3018,1350.6766,2053.327,-1795.8622,1494.0916,2131.1501,-897.2219,1098.8634,2157.008,-1214.8066,1656.9401,2434.6619,-1424.652,1096.1752,2541.1003,-1507.9895,1536.9822,2272.2964,-2283.4106,1351.7263,2350.9753,-1706.9646,1511.1215,2227.5757,-2463.2673,1430.8928,2307.6318,-1790.1898,1505.4714,2188.8813,-2363.661,1401.0018,2234.1914,-1744.8271,1495.0967,2214.0547,-2267.8982,1390.611,2252.8545,-1685.663,1339.5923,2535.5525,126.904495,1102.1832,2559.7239,-127.18102,1656.2368,2627.3076,-801.90564,981.2999,2696.4895,-1612.2042,1513.3285,2890.2063,346.2156,1017.51794,3045.0469,-430.30298,1440.4473,2929.7832,440.96735,1034.312,3084.266,-333.98032,1669.7379,3070.9006,106.00303,1004.25574,3232.6375,-845.10156
IMG_20210905_131241.jpg,down,1417.4155,1987.0159,-1878.5481,1419.2369,1953.5709,-1762.7225,1429.8328,1957.946,-1762.8802,1440.9045,1962.3636,-1762.4332,1378.4794,1942.2538,-1855.3458,1360.0592,1937.9688,-1854.927,1341.3705,1934.1494,-1855.0948,1413.5133,1987.5869,-1110.979,1276.7719,1946.9126,-1508.3151,1412.8871,2041.0618,-1643.1453,1363.0186,2027.1902,-1751.2223,1398.6853,2208.0273,-667.7699,1086.8782,2164.6287,-1482.0348,1512.7998,2521.1685,-1450.0537,1125.6752,2568.2249,-1798.3335,1537.6641,2356.1138,-2617.699,1416.2621,2340.082,-1759.341,1577.258,2320.8088,-2781.3518,1516.1487,2276.8137,-1861.2765,1526.7474,2268.9917,-2673.3455,1469.869,2217.8347,-1831.4227,1494.6398,2293.0544,-2606.127,1435.956,2254.047,-1736.7888,1099.9524,2590.0278,277.3658,869.98535,2592.6853,-277.04855,1476.2838,2682.4124,-348.0663,996.7841,2722.8735,-1988.071,1284.402,3012.091,512.51117,900.1917,3236.4656,-1304.9513,1188.4838,3068.2542,598.25305,847.54553,3316.3174,-1260.4989,1453.6761,3199.191,329.22635,1020.65076,3427.0017,-1868.1216
IMG_20210905_131243.jpg,down,1357.4536,2196.794,-1828.8047,1353.4075,2150.5422,-1729.2246,1366.1089,2150.2354,-1729.5857,1378.9282,2149.9993,-1728.9211,1309.3594,2152.4316,-1825.4067,1288.4984,2152.6594,-1825.1819,1267.1703,2153.5361,-1824.9849,1354.9061,2170.2102,-1134.4211,1200.7787,2172.5693,-1554.1823,1363.9766,2246.6287,-1610.0868,1307.4845,2249.346,-1723.1337,1362.1912,2360.5217,-728.36005,1042.0603,2393.671,-1531.0046,1523.2803,2626.4065,-1506.203,1169.5579,2790.6677,-1832.5741,1505.8282,2484.4985,-2644.1938,1397.5027,2532.7285,-1805.8134,1542.1317,2449.0842,-2794.7583,1476.0797,2468.394,-1923.1355,1493.9132,2410.9988,-2704.6084,1422.7522,2416.5728,-1902.0594,1464.9088,2436.0972,-2638.4646,1399.6434,2450.6833,-1787.7871,1101.0525,2722.9429,255.33717,885.34436,2781.0483,-252.33017,1451.3229,2711.3457,-262.2946,996.5484,2831.1567,-1873.9115,1281.5033,3016.9258,562.8624,895.69965,3286.963,-1045.1102,1191.758,3080.9097,632.7541,850.1573,3359.2915,-987.3445,1480.4818,3185.595,377.04407,1009.72876,3473.399,-1580.2019
IMG_20210905_131250.jpg,down,1570.3479,2064.4375,-892.2145,1545.0656,2009.2856,-825.8126,1543.9039,2004.2467,-825.70605,1543.5565,1999.644,-824.68097,1530.1083,2023.3274,-970.1738,1518.061,2027.6041,-970.03577,1506.0034,2032.3849,-970.73676,1480.0276,2005.3796,-444.32907,1430.397,2044.0892,-1116.7631,1541.9166,2099.6553,-752.0103,1525.2109,2118.8413,-934.5152,1450.7659,2209.623,-167.6148,1247.4344,2271.6143,-1256.1719,1553.2085,2493.3335,-682.99316,1438.6444,2612.5193,-1094.3127,1635.7404,2341.2012,-1688.7697,1627.1426,2346.7625,-536.54694,1708.5695,2281.9727,-1782.2289,1704.913,2290.65,-637.33093,1661.1454,2247.9695,-1746.6708,1648.1757,2235.5881,-669.54724,1620.6102,2278.013,-1716.0859,1609.6504,2265.436,-527.84607,1113.7267,2645.7026,361.11078,963.57166,2712.0786,-359.67197,1486.224,2662.3992,664.93677,1351.2478,2763.2932,-1550.0044,1277.3556,2897.3777,1156.7631,1116.9353,3185.4998,-1115.6818,1195.3798,2939.6997,1216.1195,1034.9956,3249.5398,-1085.7743,1437.8735,3003.7412,1150.8906,1274.5294,3363.6392,-1476.7843
IMG_20210905_131257.jpg,down,1464.9954,2144.178,-146.6228,1432.1782,2100.9023,-104.779526,1422.2966,2100.4944,-104.35802,1412.886,2100.4321,-103.535286,1436.6322,2104.385,-265.6692,1429.9137,2104.3667,-265.1369,1422.974,2104.9375,-265.04465,1335.0713,2122.6147,205.17436,1348.5076,2125.2717,-541.7448,1421.5776,2195.0605,-29.136206,1424.221,2196.8567,-237.29248,1191.2401,2349.4465,645.1873,1257.0967,2399.147,-792.1356,1378.9491,2601.2761,493.70425,1433.9247,2642.0547,-535.5485,1561.4579,2431.0723,-253.74231,1568.7275,2403.3247,213.768,1608.1595,2346.7705,-272.58215,1609.9305,2316.6836,153.98067,1586.2291,2328.0046,-282.54315,1570.1198,2285.7378,171.48302,1567.6771,2372.0535,-277.1655,1547.1346,2328.4167,244.15192,881.9881,2865.4446,506.17932,880.3665,2912.5698,-503.83456,1351.7725,2789.5842,1074.0874,1412.0974,2899.4238,-1108.1278,1126.7527,3129.3782,1173.6184,1140.2683,3375.6963,-1326.1652,1059.5032,3189.9802,1174.5863,1056.9402,3444.8293,-1352.014,1263.8197,3140.549,1194.4757,1303.9316,3485.4316,-1484.6876
IMG_20210905_131306.jpg,down,1482.9575,2149.716,-129.43501,1456.9463,2110.4912,-121.664185,1444.0693,2110.653,-121.485115,1431.3367,2111.0703,-121.633514,1475.9812,2110.5647,-250.04579,1475.9407,2108.8508,-249.21127,1475.9667,2107.7192,-248.85582,1357.3864,2128.5356,42.518204,1419.5724,2121.947,-549.7655,1433.1786,2194.7117,-57.885475,1452.3849,2191.0488,-227.66592,1146.823,2310.0532,500.65118,1399.2004,2402.8696,-794.63837,1324.0897,2573.5884,660.68176,1573.9281,2655.0693,-566.46204,1543.0845,2447.925,528.0677,1629.0424,2443.515,178.05226,1577.2848,2375.0012,591.4438,1657.8551,2358.6714,169.32275,1578.8354,2357.6904,580.98114,1615.8752,2328.6697,220.96556,1565.9785,2395.4165,527.08734,1596.9175,2362.2336,223.36339,939.8138,2869.9822,449.85852,1054.3097,2936.2861,-448.0329,1292.066,2780.6162,1256.564,1566.397,2829.3884,-418.48038,1160.0441,3154.0342,1461.0802,1382.5759,3294.9338,-633.3242,1089.6355,3229.5632,1487.494,1278.0092,3384.926,-644.852,1282.7252,3195.3833,1732.6138,1555.305,3371.3513,-451.27808
IMG_20210905_131307.jpg,down,1482.3988,2148.9429,12.815308,1457.3214,2108.65,2.7375035,1444.4364,2107.6042,2.887291,1431.5404,2106.7395,2.6928442,1477.3303,2113.133,-117.22519,1477.9106,2112.9233,-116.73206,1478.3058,2113.2483,-116.20081,1365.3416,2124.8975,83.49517,1428.9255,2131.6904,-465.84985,1439.3843,2192.947,59.829247,1459.0544,2194.237,-97.57815,1149.9044,2322.4526,570.72906,1419.3351,2401.19,-767.6431,1345.1006,2579.5374,963.935,1604.0604,2673.1575,-455.43893,1549.0084,2415.0193,1232.2927,1635.1823,2426.3176,274.04065,1595.9031,2341.3484,1348.9773,1669.2975,2340.633,228.96239,1593.3535,2335.6436,1336.8169,1622.6957,2315.8145,233.99568,1573.7363,2373.7334,1234.9591,1597.9802,2352.5142,298.50168,941.9927,2861.4963,444.6042,1076.8328,2919.9155,-443.33618,1313.6746,2743.8152,1301.9191,1559.0183,2848.5444,-366.45233,1164.8334,3141.5457,1375.1035,1387.7771,3334.4456,-582.64496,1090.3115,3218.7578,1394.2606,1289.0823,3427.037,-594.2746,1291.5996,3197.7988,1716.5582,1573.8547,3412.2031,-361.81766
IMG_20210905_131313.jpg,down,1313.9464,1777.3883,457.62344,1293.016,1736.3145,402.48264,1280.0579,1733.0885,403.16626,1267.1873,1730.3328,402.68402,1320.8342,1744.5619,293.69888,1326.7518,1745.802,294.01166,1332.168,1747.8372,294.41534,1220.5044,1743.5254,282.00745,1307.7211,1766.1544,-232.70685,1278.3646,1813.1903,443.45657,1306.907,1820.7838,296.90756,1040.1588,1928.3192,790.04254,1284.2635,1986.314,-614.47815,1201.3556,2068.7375,1471.7544,1417.7036,2189.0122,-91.095024,1364.854,1959.7518,1930.1204,1411.5752,2001.2211,1048.8477,1417.3608,1935.5316,2051.8633,1431.3357,1961.3068,1081.3416,1397.4115,1931.8658,1995.5498,1425.263,1952.2286,1090.02,1370.0137,1950.1047,1920.9194,1398.9551,1960.8634,1085.294,801.3811,2503.4822,487.32968,941.21643,2533.2566,-487.8179,1090.1655,2475.2603,1862.2812,1428.7118,2568.814,-196.58174,947.60004,2839.8489,2070.6133,1266.9747,3005.5955,-569.8349,881.9991,2900.3953,2117.9233,1176.6671,3094.4531,-593.04297,1031.7909,2930.0269,2645.3496,1462.7113,3095.0532,-305.73325
IMG_20210905_131320.jpg,down,1249.335,2014.1835,441.0978,1237.6418,1981.8071,321.19583,1226.0826,1980.5365,321.79175,1214.6627,1979.8093,320.78415,1273.0454,1984.8641,300.80713,1286.1047,1984.5571,301.07513,1298.8162,1985.1588,301.80078,1201.3337,1998.2686,-75.253426,1317.4894,2004.5714,-199.12889,1234.2253,2051.908,317.64273,1268.9376,2053.4902,284.78568,1046.5637,2176.956,195.26094,1419.8386,2242.9795,-427.4223,1070.6671,2333.1006,1104.283,1554.1394,2475.7131,191.44489,1252.4053,2308.0417,2144.2012,1484.39,2342.223,1256.6385,1299.0446,2295.108,2333.299,1485.4713,2312.8318,1378.6074,1300.695,2305.211,2299.1648,1474.1586,2298.0593,1377.8171,1284.4272,2322.194,2156.6484,1457.5052,2309.971,1283.7571,966.2333,2809.2944,240.6491,1187.9413,2839.3103,-239.35611,1070.6122,2679.4595,1430.6581,1580.5525,2709.6162,433.38162,997.8038,2992.6084,1498.4205,1443.5946,3101.2803,290.01788,971.10767,3060.584,1533.435,1387.6649,3179.7732,287.63245,1022.824,3027.1619,2053.1643,1550.8903,3164.3428,743.1217
IMG_20210905_131326.jpg,down,1173.3114,1838.7527,558.1143,1153.5161,1811.6848,425.35233,1138.1753,1812.7043,425.9041,1123.1904,1814.0907,424.7799,1198.6799,1809.989,415.41235,1214.854,1808.5189,415.90045,1230.7244,1807.9014,416.5513,1103.412,1844.0961,-7.6106143,1251.2415,1834.7001,-67.677444,1150.7411,1876.5817,427.8151,1194.3453,1872.0122,410.3106,951.42413,2055.6125,156.36247,1382.2667,2062.8645,-166.60738,940.02405,2255.1072,979.58466,1487.4576,2294.4238,479.8483,1070.0774,2173.5554,1975.4534,1383.9948,2112.8438,1483.8271,1104.6307,2149.75,2164.3574,1378.949,2070.0361,1593.306,1117.5851,2154.253,2126.3064,1356.2305,2058.996,1621.8617,1110.4924,2170.2603,1985.2205,1340.6573,2077.601,1517.4282,941.8306,2644.2705,114.85883,1201.1443,2655.8977,-113.577415,922.37994,2593.5188,1480.867,1549.9042,2574.684,751.0325,910.9458,2960.7432,1226.71,1456.5767,2997.861,228.4666,903.2817,3034.2625,1226.053,1411.2509,3086.134,189.54918,888.4394,2995.7888,1662.133,1542.3888,3039.5557,580.8494
IMG_20210905_131331.jpg,down,1217.8295,1913.3325,605.07153,1206.4867,1875.8296,474.8243,1195.9762,1872.9833,474.1778,1186.0289,1870.2986,473.08124,1238.6317,1884.5667,508.9831,1251.0988,1887.2578,510.10205,1263.5793,1890.5627,510.0361,1184.0051,1893.4181,43.796127,1288.8541,1917.6696,215.51628,1209.8757,1946.351,471.58408,1239.8927,1955.3761,523.2832,1083.6147,2120.0562,-156.14815,1455.3923,2149.8435,343.27304,991.9822,2402.565,390.4986,1445.8799,2399.2095,909.6775,1055.4257,2380.4773,1438.4927,1315.7994,2348.492,1749.1561,1054.5992,2375.6355,1577.5918,1279.8802,2347.0771,1928.8854,1077.2736,2349.1008,1586.1671,1270.0868,2335.1694,1952.1372,1092.8839,2351.683,1464.1492,1277.1111,2334.827,1770.5168,1198.575,2760.0205,-180.2666,1415.1215,2780.278,181.6279,895.3099,2592.3286,797.45013,1536.8914,2635.8801,1234.6442,1009.61346,3028.1162,605.7812,1550.1405,2994.7834,889.94653,1067.1699,3117.1338,607.8337,1563.3975,3064.017,878.6945,881.4342,3074.2874,1006.5393,1523.0032,3048.7285,1322.8494
IMG_20210905_131337.jpg,down,964.4578,1955.6538,566.52374,961.71875,1913.3206,376.0743,955.1958,1913.7261,375.54868,949.37775,1913.9407,374.64597,991.51324,1910.2874,488.78403,1006.3668,1907.5237,489.64096,1021.77924,1905.6088,489.77002,980.6781,1935.9419,-197.73155,1077.19,1926.4762,325.30432,973.94257,2002.4038,386.52753,1005.38306,1997.6327,540.03326,972.973,2192.5984,-454.0576,1265.4232,2115.4988,677.6502,861.287,2376.8547,181.57913,1177.1122,2216.84,1596.5094,888.0407,2120.936,1383.1508,951.25714,2061.8894,2434.8857,878.2446,2062.704,1474.2755,903.14185,2043.6641,2595.2075,943.6,2052.9912,1449.0483,911.76355,2026.441,2591.8967,969.2954,2078.1582,1397.4269,914.81274,2037.7374,2434.626,1308.7415,2824.9727,-426.8709,1482.0532,2777.3767,429.23886,750.55615,2817.906,78.82816,1213.3508,2700.2822,1832.7412,950.6402,3283.5325,-455.66217,1366.9987,3050.056,1896.7537,1050.5271,3369.2148,-481.44125,1436.5891,3110.2932,1915.1191,765.44794,3393.1055,-220.25871,1280.6979,3125.5596,2188.9236
IMG_20210905_131348.jpg,down,929.66656,2060.2485,-332.88785,946.2379,2007.9235,-448.732,953.778,2006.5575,-448.50473,961.7377,2005.1879,-448.49396,943.1945,2006.6819,-298.20654,947.0243,2004.2477,-297.62897,951.3853,2002.3365,-297.59473,1025.9539,2017.5128,-657.59064,1013.2491,2013.277,24.468952,975.456,2110.002,-402.65854,966.4489,2107.9333,-204.49985,1120.7311,2277.599,-1008.54865,1140.9875,2240.038,494.05084,808.1417,2585.9102,-602.8647,898.7371,2524.504,226.91933,812.5163,2263.4026,459.11023,830.67737,2278.221,-482.80624,773.4882,2205.6929,459.41217,787.4495,2232.6104,-535.3287,863.6732,2186.4004,334.18112,854.9377,2185.846,-431.3418,901.61237,2211.488,439.348,882.6826,2206.1748,-469.05457,1416.3798,2805.545,-520.96906,1387.0841,2729.2285,522.463,933.9757,2774.7664,-833.39105,875.07837,2663.8489,1012.0285,1093.0424,3245.8257,-673.70105,1177.7786,3004.6924,1342.7283,1201.563,3328.9968,-649.12604,1285.032,3053.086,1386.8999,863.8657,3373.216,-716.97156,1027.1572,3166.5042,1494.6807
IMG_20210905_131439.jpg,down,1218.5042,1854.9011,-676.429,1264.0571,1796.181,-731.0804,1281.6871,1795.1393,-731.03314,1299.6627,1793.981,-730.9155,1235.4753,1796.9467,-600.8979,1229.7308,1795.9537,-600.63745,1224.4637,1795.3835,-600.61224,1390.2642,1815.5934,-731.96674,1295.9956,1812.3422,-149.97333,1286.7427,1910.8507,-671.80664,1241.5594,1911.1791,-502.66144,1591.7167,2090.4175,-993.67395,1385.4657,2064.8218,297.04218,1384.04,2496.9766,-799.51825,1215.726,2374.7844,-150.44392,1101.2601,2190.4553,-75.75486,1073.4601,2149.5747,-1135.7817,1014.4295,2132.9426,-100.19004,1015.36255,2104.5085,-1238.8066,1082.9183,2087.6328,-115.47224,1051.7428,2052.5005,-1155.0259,1129.1002,2106.042,-55.871857,1089.8688,2070.829,-1135.3169,1891.0249,2639.7358,-415.44366,1740.615,2586.7405,418.10825,1396.6359,2729.846,-1166.8849,1225.8582,2615.9995,561.0002,1652.4648,3173.8606,-963.24976,1559.7274,2868.1084,757.12537,1774.0652,3231.2344,-930.57294,1665.434,2896.637,790.9592,1445.6564,3352.7173,-1031.5994,1446.8538,2995.034,857.057
IMG_20210905_131456.jpg,down,984.35175,2021.3661,-595.0976,1024.9996,1962.3278,-625.18256,1043.2601,1959.5713,-625.29663,1061.7445,1956.644,-625.0534,992.745,1966.0869,-501.2399,985.124,1965.8646,-500.991,977.9108,1966.0001,-500.95923,1146.2328,1969.8986,-553.19806,1039.0566,1977.0636,-6.151941,1051.4248,2068.9592,-565.04834,1002.7602,2073.6624,-406.65292,1347.0568,2208.4036,-838.375,1121.2264,2218.0798,426.22058,1156.4302,2599.2166,-761.2354,1010.20935,2533.793,6.7013755,873.6521,2345.2234,-121.54573,873.91187,2337.8528,-906.32025,791.6542,2289.717,-161.2551,817.14,2291.4346,-1029.1233,847.0899,2252.398,-150.55249,845.84607,2244.0054,-958.4891,887.74304,2273.9253,-95.05624,884.36957,2261.6643,-910.2426,1627.2673,2735.281,-388.33624,1463.1636,2711.7593,391.11163,1163.8909,2794.4194,-1375.0444,1002.927,2758.6638,214.9825,1413.9958,3273.056,-1166.9996,1322.8491,2989.284,470.1307,1528.9615,3333.318,-1133.9058,1421.5386,3008.9355,508.99045,1226.3623,3470.346,-1337.2454,1243.5703,3117.2366,462.4644
IMG_20210905_131519.jpg,down,1075.4446,2110.651,-1386.741,1115.3685,2056.5457,-1356.8771,1137.6752,2053.6418,-1356.7815,1159.8723,2050.4634,-1356.4822,1066.673,2064.276,-1290.3882,1051.4819,2066.5217,-1289.536,1036.3699,2069.3213,-1289.1449,1227.8948,2072.5063,-1072.8481,1066.3177,2095.8757,-787.254,1138.3284,2157.3713,-1277.0752,1069.2595,2165.7883,-1194.7632,1392.0021,2293.653,-1078.733,1059.1132,2294.485,-363.2638,1263.3412,2659.099,-1466.8035,830.481,2617.9197,-965.39856,990.9897,2391.6592,-1794.9005,870.513,2404.399,-1784.5455,909.2366,2338.1423,-1918.1951,866.4734,2355.5889,-1884.2563,963.86633,2283.6536,-1891.5399,909.83435,2313.388,-1779.505,997.66174,2302.777,-1774.1589,929.8084,2340.238,-1755.8706,1530.7662,2723.407,-241.52649,1333.0276,2706.1929,243.15878,1321.602,2822.107,-1623.6102,920.27155,2714.7498,-531.1033,1482.5681,3256.7888,-1092.4454,1091.1106,3074.6958,62.42496,1551.206,3331.2698,-1069.7977,1176.2358,3139.4268,104.91963,1354.7988,3404.687,-1584.6719,900.5394,3207.4697,-171.30328
IMG_20210905_131530.jpg,down,1100.3632,2238.1038,-1548.3527,1123.4435,2180.8853,-1489.7009,1144.9553,2178.6272,-1489.5396,1166.3363,2176.1091,-1489.1877,1067.2068,2184.2766,-1481.9014,1045.3911,2184.2551,-1481.4288,1023.5367,2184.7126,-1481.4551,1194.3674,2188.421,-1059.4297,1001.13586,2199.9841,-1031.0979,1142.2673,2279.068,-1381.473,1064.9283,2282.464,-1372.2306,1323.7122,2389.5647,-801.6499,886.22107,2405.9968,-723.7959,1450.4943,2704.543,-1346.0702,785.41174,2784.3955,-1319.0216,1176.2854,2550.6375,-1871.2687,943.8386,2578.4792,-2032.3479,1098.2548,2513.8894,-1978.8738,988.917,2524.0312,-2141.083,1093.3815,2451.1208,-1830.7025,983.76483,2466.0793,-1995.4124,1105.086,2468.82,-1815.1146,987.6474,2486.8726,-1979.5244,1259.7382,2796.3281,-42.849194,1011.86774,2800.2017,43.366753,1454.17,2826.8503,-1384.8855,727.2704,2864.5396,-1156.394,1389.4952,3210.3464,-513.72406,851.1021,3217.3245,-310.29416,1355.1831,3257.2354,-446.9742,903.37805,3268.7158,-241.73856,1428.1185,3383.1943,-905.8503,770.59564,3383.238,-627.11847
IMG_20210905_131540.jpg,down,1338.1292,2043.1042,-1628.0204,1345.8851,1985.1759,-1546.2179,1362.938,1983.9122,-1546.5482,1380.3954,1982.3999,-1546.5316,1291.3683,1986.0033,-1602.3145,1267.7351,1984.2769,-1601.9586,1243.9773,1982.9604,-1601.5901,1366.3398,1991.3287,-1012.7454,1180.3284,1991.6543,-1252.5549,1350.9036,2088.0503,-1424.777,1280.8939,2088.8618,-1490.2666,1427.4253,2184.9365,-593.9389,1019.2351,2208.5896,-1001.9162,1624.5941,2484.1821,-1263.655,974.70135,2605.8027,-1429.941,1475.9203,2313.3335,-2137.3428,1265.341,2403.678,-1670.1982,1445.4985,2262.7139,-2288.3591,1359.5604,2366.1475,-1745.9731,1432.8201,2224.8174,-2152.5369,1339.573,2281.9612,-1650.5642,1419.0458,2255.6636,-2103.4746,1323.2695,2307.7358,-1624.1194,1277.9944,2628.772,138.25081,1030.6497,2659.0713,-138.57355,1603.9655,2650.747,-1001.5538,988.3581,2721.6138,-1874.6777,1476.7946,2962.9097,132.43303,947.5151,3116.9092,-755.1721,1405.3723,3013.5361,221.01202,949.4923,3158.405,-668.2529,1632.3322,3148.7942,-159.32272,937.0527,3334.2778,-1225.3126
IMG_20210905_131550.jpg,down,1344.8647,2115.7952,-1111.9615,1335.6376,2072.9827,-1000.15375,1342.8344,2071.5056,-1000.64197,1350.6234,2070.3203,-1000.2678,1300.7877,2075.708,-1104.5427,1285.3197,2076.801,-1104.9117,1270.0615,2077.925,-1105.0734,1312.6604,2081.7976,-461.40945,1207.3955,2088.5588,-922.4209,1343.0974,2155.0564,-927.117,1304.4844,2159.249,-1051.5533,1333.1274,2283.9915,-237.8553,1053.0632,2301.0442,-974.35724,1525.8857,2506.9514,-892.17346,1207.4756,2609.7983,-1026.7246,1478.8978,2362.464,-1788.8572,1386.0852,2391.239,-785.5383,1494.837,2316.2954,-1876.5867,1446.5901,2338.2102,-858.82745,1446.4017,2296.7727,-1759.3724,1391.8667,2294.795,-892.31055,1425.7959,2321.418,-1766.1646,1368.2869,2325.8083,-768.7277,1036.2109,2677.5935,258.21115,851.2112,2706.6335,-257.06647,1396.9269,2631.8882,-70.10081,1043.175,2718.2158,-1564.755,1255.5205,2946.0122,421.93863,925.1493,3123.458,-907.21466,1185.0009,3012.426,473.44376,879.62476,3183.5469,-874.9497,1461.2058,3072.5237,235.15283,1041.6628,3278.8684,-1391.7288
IMG_20210905_131621.jpg,down,1199.3385,2157.6409,148.73538,1174.2424,2122.463,182.24152,1166.346,2121.9553,182.1665,1158.5347,2121.5532,182.033,1178.059,2125.197,54.30435,1172.523,2124.9897,54.907536,1166.8652,2125.237,55.06541,1102.5615,2140.3992,396.04736,1112.1102,2142.3296,-188.49648,1168.3901,2199.2944,234.54503,1171.4265,2201.3127,68.29396,972.227,2356.977,770.5753,1069.0297,2354.8228,-444.74973,1151.5312,2542.0747,852.25635,1238.9744,2573.9111,-231.98486,1271.36,2386.8083,669.4636,1297.6476,2374.9739,503.79446,1293.5204,2318.387,713.0131,1325.4147,2297.9854,481.59204,1291.4558,2298.3752,692.9889,1289.6725,2278.2473,490.23215,1284.1655,2329.9158,661.56226,1275.2488,2314.2073,529.14484,764.76044,2800.7554,423.3115,795.4283,2811.5464,-421.7345,1127.6293,2725.904,1091.3805,1232.9421,2824.0166,-653.5983,926.9923,3024.431,1196.1057,1019.67816,3194.2852,-1055.0847,848.3176,3069.3235,1197.8989,927.3569,3247.3284,-1088.6266,1026.6735,3083.51,1324.6838,1155.9574,3286.4746,-1044.8096
IMG_20210905_131628.jpg,down,1137.562,2201.276,120.04632,1127.4313,2156.139,83.315025,1116.5967,2153.5378,83.271194,1105.6979,2151.1487,82.77255,1147.9064,2161.0864,-1.88583,1151.0253,2160.1226,-1.2616792,1154.1514,2159.862,-0.7327904,1061.0792,2166.6047,25.02293,1125.3158,2174.4453,-370.6814,1104.2369,2243.8572,116.19937,1123.0621,2246.0627,2.6152952,843.7737,2363.7192,431.61008,1151.6412,2440.661,-696.0616,1040.6176,2627.9114,806.23486,1354.0226,2665.6218,-337.63135,1179.1688,2481.1172,1189.611,1313.7572,2419.8838,502.433,1221.3197,2432.6377,1323.1217,1332.2112,2350.7102,489.91513,1201.2787,2425.5688,1338.9998,1297.7876,2339.682,480.45688,1182.7528,2452.9993,1208.1765,1272.0168,2371.635,522.9953,630.5312,2965.2136,363.67645,805.0397,3021.076,-362.77402,973.3055,2751.5261,1126.3247,1323.9697,2784.618,-159.0268,901.587,3189.9949,1361.5994,1132.3905,3288.029,28.01846,843.14764,3280.0369,1396.692,1046.4545,3380.6155,62.212208,1036.8817,3248.7385,1787.9454,1270.5801,3361.7778,435.57
IMG_20210905_131639.jpg,down,993.7627,2194.2896,455.3813,976.31537,2163.6675,330.65012,962.9396,2162.2659,331.13855,949.787,2161.3423,330.18195,1014.26105,2166.8347,310.55707,1027.6567,2166.919,310.94205,1040.7845,2167.81,311.52768,927.4503,2179.5818,-70.94644,1050.7953,2187.5085,-180.2543,971.2496,2226.7808,332.049,1009.1903,2228.532,302.39008,769.1808,2354.826,94.69719,1141.9384,2404.68,-360.14423,785.0397,2536.6396,807.8358,1241.8772,2632.7522,168.48384,944.53595,2530.7876,1638.105,1172.8604,2491.6987,1114.7084,987.7035,2524.7048,1792.5775,1172.2833,2461.4136,1227.5814,994.02966,2532.2869,1767.2799,1155.061,2449.576,1232.4711,981.1813,2544.5518,1647.896,1138.0714,2461.4563,1142.0771,694.5531,2958.6292,176.2431,913.7431,2980.239,-174.95816,747.0095,2872.7441,1487.0514,1262.126,2858.0837,629.01227,698.7584,3189.0847,1345.6643,1128.9536,3249.6125,375.69415,680.83545,3250.0178,1353.7764,1072.9944,3330.342,364.86096,699.32935,3228.9497,1837.4768,1217.0518,3297.9517,820.39496
IMG_20210905_131647.jpg,down,1073.6829,2043.2056,625.79346,1053.3337,2012.2355,485.93463,1039.2767,2012.1904,485.6521,1025.7928,2012.4896,484.5315,1094.5339,2012.819,498.90018,1110.026,2012.4131,499.75104,1125.3956,2012.652,499.845,1010.7452,2041.7139,5.7370033,1146.8542,2040.8289,67.46223,1056.0597,2081.2952,476.33026,1095.4271,2080.4817,494.23886,875.0407,2269.111,-41.42206,1320.6266,2281.6543,15.864642,843.53754,2535.9265,530.3,1359.5724,2551.277,630.0455,983.41895,2454.481,1355.8276,1231.4114,2459.0725,1589.1951,1012.4586,2430.963,1505.2124,1206.3444,2441.7034,1719.9749,1038.2996,2419.4094,1484.6486,1192.4056,2434.6113,1749.7334,1039.4592,2431.2092,1368.9395,1184.3293,2442.8696,1620.5107,929.43365,2893.545,-32.487827,1196.6765,2924.5332,34.535393,812.24414,2738.9844,1255.2764,1448.2205,2714.8606,1170.9316,816.3426,3164.7893,949.1493,1366.4677,3142.688,809.9529,827.1165,3255.0952,940.66046,1344.0537,3230.8247,789.61035,749.4459,3186.62,1297.2129,1395.9004,3180.7803,1214.0758
IMG_20210905_131709.jpg,down,882.5697,2313.5183,67.44857,892.6184,2270.3032,-89.61143,895.1579,2269.917,-89.79216,898.2716,2269.5762,-90.02195,904.869,2266.3562,58.102043,914.2079,2263.405,58.806187,924.1008,2261.191,58.925514,950.53357,2284.8818,-479.10556,984.8392,2275.222,199.85648,909.59,2359.7593,-55.393467,918.85657,2355.83,143.85364,998.629,2510.5168,-734.4539,1120.2842,2475.5166,666.5025,775.22876,2723.9683,-201.37617,953.4169,2686.5764,1236.8346,795.6216,2466.7083,906.0486,831.8309,2513.7346,1565.1353,780.3339,2412.0579,933.76953,789.8241,2479.2627,1681.5984,853.7289,2415.05,828.2419,829.36847,2451.2114,1727.5428,881.64716,2446.4626,896.41724,844.01556,2468.3733,1578.6898,1268.6536,3071.3406,-503.6767,1332.617,3016.3657,504.38754,763.2865,2980.4783,-390.10184,986.0692,2928.1687,1522.4944,975.92816,3426.0374,-389.29123,1252.8129,3224.1663,1847.7544,1080.4945,3516.1924,-368.6013,1337.7637,3279.622,1902.6677,756.38367,3522.6938,-188.83667,1146.332,3301.9766,2148.7869
IMG_20210905_131218.jpg,up,1147.5321,1281.1595,-769.7713,1192.6692,1234.0399,-751.4184,1212.7964,1234.601,-751.27454,1233.4631,1234.868,-751.4235,1150.2593,1234.5366,-673.4469,1136.8362,1233.769,-673.164,1123.1301,1233.4451,-673.7288,1292.1737,1264.5459,-532.7933,1149.0175,1257.2745,-143.76251,1197.0758,1337.5807,-687.4627,1137.6544,1335.1027,-574.9725,1426.5925,1541.0643,-642.4791,1079.8849,1529.3021,190.01312,1277.6843,1809.4193,-818.30707,881.9028,1825.2255,-499.08044,1052.8129,1565.206,-708.0409,910.41284,1604.5677,-1546.6891,970.87854,1514.089,-765.37256,900.93384,1535.604,-1689.7443,1016.75806,1480.3225,-729.92114,938.8645,1498.689,-1625.7358,1040.2211,1511.8285,-680.01855,963.669,1534.0884,-1557.8695,1353.5802,2320.9053,-275.02423,1142.2904,2305.1108,274.62766,1467.9695,2820.385,-134.32896,1129.4042,2764.4363,848.95996,1542.5773,3306.6648,203.48865,1135.1608,3143.6667,1634.4977,1582.8334,3377.8083,211.42758,1188.4044,3221.371,1695.458,1430.8693,3491.9458,-233.08833,924.35425,3276.0527,1420.6663
IMG_20210905_131218_1.jpg,up,1201.725,1260.4796,-740.30096,1242.1217,1213.2037,-702.54895,1263.0168,1214.101,-702.72186,1284.3972,1214.7092,-702.923,1193.0023,1212.754,-653.36334,1175.6954,1211.9285,-653.09045,1158.1697,1211.5077,-653.3915,1330.1033,1250.2926,-400.46402,1161.4766,1241.939,-145.21497,1246.5214,1320.7462,-627.4201,1176.9178,1317.2974,-553.9901,1441.3601,1533.4296,-540.3551,1085.8428,1526.0559,272.81906,1307.418,1797.074,-710.9556,934.59515,1833.7426,-229.35146,1088.4974,1556.3445,-691.3326,942.42285,1643.4513,-1220.9102,1011.969,1504.3834,-770.0338,936.30707,1588.4655,-1372.1747,1044.536,1464.3794,-735.2017,959.352,1543.602,-1362.6335,1065.1881,1493.4774,-668.8876,983.0859,1571.6926,-1249.8461,1371.4108,2302.851,-274.20013,1158.1582,2286.2466,274.0325,1477.6177,2826.3127,-249.46252,1153.1626,2752.862,722.5478,1532.3524,3332.0034,21.972517,1139.9072,3140.6055,1430.4678,1567.492,3400.2146,27.859663,1187.0796,3218.9402,1484.7325,1423.3546,3522.7112,-393.03192,944.5236,3271.1274,1197.8724
IMG_20210905_131233.jpg,up,1253.5594,1242.8955,-910.41565,1275.1971,1200.1935,-820.9583,1292.9202,1201.425,-821.0615,1310.9932,1202.375,-821.29987,1220.9746,1196.917,-854.54755,1199.7815,1195.0234,-854.3636,1178.5048,1193.4872,-854.434,1317.505,1230.3628,-281.05914,1134.9705,1218.6978,-439.3897,1276.7612,1298.8994,-705.89905,1207.0325,1293.9371,-751.33594,1424.4695,1493.4272,-59.013584,988.8842,1500.3779,-161.67487,1552.6787,1796.9768,-648.4102,996.59094,1853.3119,-604.8148,1407.3849,1561.7181,-1508.2566,1223.8853,1599.6658,-1225.6086,1367.0142,1504.2756,-1680.7675,1311.1329,1553.5646,-1331.2656,1358.3411,1452.8411,-1611.679,1282.0554,1479.1906,-1323.3209,1350.4515,1481.1138,-1494.7378,1266.627,1503.8419,-1216.4205,1371.3749,2218.8997,52.05733,1106.1257,2224.005,-51.83484,1416.0234,2690.2458,413.55362,1008.29596,2716.4377,122.09702,1459.0455,3069.0107,1244.2881,962.94324,3151.9028,742.68774,1417.4388,3135.0657,1297.3385,984.43225,3204.4487,771.6162,1623.3762,3214.736,811.56696,892.7012,3361.0532,231.9326
IMG_20210905_131245.jpg,up,1218.3401,1259.287,-1033.3252,1220.2008,1213.1375,-925.3199,1234.5122,1213.823,-925.2707,1249.3173,1214.2465,-925.7505,1170.4042,1209.9209,-998.93835,1147.3877,1207.8141,-998.68854,1124.3647,1206.3657,-999.0636,1221.52,1236.6086,-302.06567,1056.3328,1228.407,-665.4433,1224.7955,1313.1387,-801.9579,1159.9446,1308.9828,-903.89307,1283.4397,1525.4124,34.52081,894.9307,1518.156,-591.7557,1370.6257,1844.4966,-641.51465,1003.8757,1904.5732,-822.32227,1354.4081,1638.8658,-1706.993,1257.6042,1604.6494,-887.8094,1360.6725,1580.6272,-1946.5094,1344.2593,1542.3044,-973.3787,1355.6099,1537.7498,-1878.6398,1305.5636,1475.6857,-974.27734,1326.4545,1555.5349,-1712.9045,1287.1368,1499.3344,-869.62476,1225.7635,2223.81,287.4319,1008.6891,2236.6108,-286.91388,1245.8007,2647.3003,1211.7092,971.84265,2758.4075,-157.985,1260.5105,3028.657,2342.273,896.65875,3262.0637,96.09999,1202.1923,3105.3906,2434.5464,852.6708,3336.79,88.483246,1509.6958,3152.7173,2116.0757,1021.83984,3455.6975,-465.71075
IMG_20210905_131245_1.jpg,up,1196.821,1247.2363,-1050.8287,1203.5465,1204.206,-940.3118,1218.4023,1205.2463,-940.19226,1233.7211,1206.0,-940.6454,1154.1028,1200.6243,-1001.76355,1132.1129,1198.4689,-1001.46106,1110.1157,1196.9741,-1001.622,1215.1681,1230.5272,-314.33826,1051.6318,1220.3969,-626.55096,1208.0109,1301.0876,-820.7705,1143.516,1296.1301,-907.7164,1278.1636,1517.1578,2.6851184,898.8888,1508.464,-563.4119,1365.1117,1818.3961,-763.9785,986.6218,1874.1823,-951.2087,1341.2312,1614.2091,-1812.7059,1244.2247,1591.276,-1225.596,1348.9993,1554.3435,-2051.7324,1331.732,1531.3695,-1337.9617,1338.7186,1518.6774,-1962.4069,1297.0204,1468.5536,-1326.4773,1309.6221,1536.0504,-1808.7522,1277.6875,1492.0173,-1207.4758,1207.235,2212.1616,284.24332,994.83215,2221.9495,-283.72446,1230.9177,2632.785,1271.6744,950.26886,2738.86,-331.31717,1247.5568,3017.5142,2435.7434,875.8919,3254.5981,-153.87851,1187.9543,3092.3787,2530.2163,832.21594,3328.658,-170.88536,1500.0188,3148.1565,2200.5713,1006.511,3453.124,-745.9476
IMG_20210905_131259.jpg,up,1323.2384,1263.3071,50.72102,1289.0988,1205.1545,88.76538,1279.9827,1202.381,88.9555,1271.4752,1199.4441,88.22181,1293.2346,1210.9103,-65.29075,1285.8846,1210.8506,-64.49193,1278.4509,1211.4431,-64.489105,1203.0005,1221.2229,311.9796,1209.473,1237.7893,-387.93695,1291.0876,1315.311,152.15572,1290.7731,1320.3888,-45.51899,1120.0444,1528.78,631.8688,1138.2073,1502.2948,-720.4734,1177.1559,1935.2747,922.90765,1328.7552,1820.8635,-752.47327,1279.2273,2122.1255,787.1233,1445.0951,1621.1135,-105.013596,1292.9987,2186.8691,779.85645,1471.8026,1587.9132,-88.8519,1313.8138,2155.1978,689.179,1449.4576,1549.8545,-100.239975,1301.5084,2131.6626,748.2917,1434.5712,1563.7902,-80.660034,1128.1477,2257.0825,483.36813,1127.0892,2276.8928,-481.65836,1149.685,2678.4478,1455.5345,1121.3922,2844.6978,-406.13626,1092.9374,3076.825,2542.9941,1050.2924,3404.5544,-434.62863,1015.80865,3150.1855,2637.9185,983.659,3485.8127,-454.50052,1342.3215,3196.167,2607.1143,1250.7487,3579.546,-799.6043
IMG_20210905_131309.jpg,up,1272.4089,1366.5872,-273.03595,1233.4272,1320.0546,-267.78326,1222.8878,1320.363,-267.39566,1212.6652,1320.7087,-267.58502,1248.5549,1319.1622,-408.24582,1246.4277,1318.3292,-407.69833,1244.6548,1317.9421,-407.91553,1149.684,1350.188,-57.5032,1194.4753,1345.0055,-708.8324,1243.7286,1419.5457,-168.2523,1255.1736,1418.189,-354.14307,1026.3666,1618.9608,350.67072,1265.4429,1609.6329,-853.2473,1231.1792,1885.9296,415.76236,1480.1597,1891.5049,-562.9681,1415.6909,1715.8726,18.433855,1478.7502,1673.5209,98.441505,1450.4579,1674.9839,-31.024817,1485.31,1608.9327,81.70961,1449.0127,1636.0242,-75.033035,1446.3883,1578.684,53.52761,1437.8325,1656.6923,-15.541216,1433.1603,1606.3993,110.4164,1101.0177,2343.8906,429.12695,1239.1183,2361.082,-426.99878,1119.983,2751.573,1449.3684,1301.4224,2859.0386,-342.37286,1050.4183,3158.5283,2344.2065,1281.2853,3393.3115,-420.38223,991.9479,3250.6138,2432.6138,1238.2557,3501.0708,-436.23553,1208.102,3201.3896,2495.1274,1426.1879,3460.7805,-653.51074
IMG_20210905_131315.jpg,up,1241.0511,1263.7814,542.8441,1210.5349,1214.9027,474.79965,1196.2368,1213.3574,475.58005,1182.1682,1211.8041,474.84723,1244.7238,1217.9242,381.13287,1252.5153,1217.6206,381.62604,1260.3867,1217.8289,381.7306,1133.684,1231.7393,253.01094,1243.2407,1238.0223,-177.08025,1212.7069,1308.2388,494.00317,1243.6978,1310.7649,371.427,939.3521,1480.7827,466.562,1338.2612,1494.9235,-539.5284,1036.8535,1811.0671,1115.2128,1540.197,1786.6578,-42.02349,1240.4606,1820.776,1751.9943,1586.2485,1629.708,845.433,1281.675,1818.9324,1883.3004,1622.8447,1594.6089,886.2513,1295.5774,1804.8242,1845.7803,1596.8036,1557.6937,889.8322,1287.6725,1809.4447,1750.4152,1572.2235,1573.7756,876.53357,995.36346,2223.1814,347.26846,1225.0303,2252.1465,-345.39508,996.08606,2613.9812,1039.2855,1281.5297,2727.8618,-54.92594,937.26373,3046.1294,1348.3141,1275.0813,3247.55,-42.310722,904.5744,3140.9746,1386.1688,1238.3894,3359.456,-47.129803,1042.4336,3077.6619,1605.1727,1416.9347,3276.552,-9.014181
IMG_20210905_131322.jpg,up,1223.4922,1137.2968,660.30444,1203.0056,1100.6844,549.5875,1187.9534,1100.9707,549.7613,1173.5399,1101.1847,549.31384,1245.2615,1101.603,522.31116,1259.2748,1101.7275,523.5663,1273.3113,1102.3673,523.8396,1148.882,1136.5088,177.16887,1283.8162,1135.4739,61.902843,1200.5256,1184.1355,559.34247,1239.1804,1183.6372,526.17175,993.13727,1395.6327,154.84087,1410.2982,1399.4365,-109.682945,1028.1781,1760.5918,619.4085,1457.1132,1765.005,333.2774,1147.6274,1888.8798,1085.9685,1373.6714,1740.9639,1140.097,1167.1617,1931.455,1151.8794,1361.5923,1743.4556,1234.7482,1180.1436,1918.4722,1136.4552,1329.0728,1726.968,1217.2535,1188.8387,1899.8223,1088.8337,1322.5009,1726.0859,1151.7576,1048.3497,2098.3398,182.19957,1293.7399,2103.751,-179.28632,975.2242,2522.8853,840.2743,1360.7795,2558.7786,254.7873,906.4367,2984.2092,990.1153,1407.1884,3069.593,187.21815,890.216,3083.6077,1010.7324,1383.5889,3176.7722,184.68376,951.5821,3006.4268,1205.7705,1502.798,3111.703,285.51
IMG_20210905_131330.jpg,up,1343.9509,1119.3611,657.3172,1332.2308,1078.623,522.9903,1318.6238,1076.994,523.2434,1305.5328,1075.267,523.11975,1373.282,1084.7052,548.67566,1388.8585,1086.3302,549.8846,1404.2994,1088.5769,549.6187,1303.1528,1108.3044,75.58303,1434.2653,1122.4518,210.72218,1332.0641,1163.2216,527.0501,1370.7759,1168.0385,568.5869,1184.8561,1360.1764,-91.08261,1589.1254,1404.8068,227.7726,1037.0693,1649.7941,708.2161,1589.2924,1751.1621,902.5057,1099.7059,1544.9396,1993.8732,1477.7834,1651.4141,1796.5134,1096.8171,1525.2579,2140.0562,1455.9987,1636.4663,1969.5686,1120.1196,1491.9976,2136.0605,1433.398,1606.8517,1947.3179,1140.0045,1500.3497,2016.7195,1437.2814,1612.8856,1810.1748,1254.0365,2098.1062,-92.17274,1472.875,2097.8132,93.28109,1150.2626,2582.4907,162.20354,1528.5597,2546.342,451.3716,1054.4211,3086.4275,341.90796,1610.9451,3036.3477,586.67444,1060.7041,3202.5366,360.3167,1618.8291,3146.6138,604.22107,971.6486,3063.494,368.8035,1594.5209,3058.5442,691.7183
IMG_20210905_131336.jpg,up,1005.57776,1160.6873,761.73126,999.3522,1109.621,573.70764,990.0632,1108.2828,573.00696,981.6683,1106.3645,572.9214,1038.0309,1111.2113,685.99756,1054.3998,1110.4779,687.34186,1071.0421,1110.5858,687.05334,1004.43445,1126.5,-56.98268,1125.1493,1128.195,491.67633,1005.94403,1206.7625,566.8037,1041.592,1207.5017,728.5571,954.24634,1402.6035,-478.84982,1360.4241,1409.2186,691.42126,797.4062,1760.4653,168.1403,1360.2673,1755.0995,1501.9554,752.40686,1706.0709,1577.0299,1205.5526,1784.0977,2448.4646,726.19635,1704.0079,1701.5972,1166.9185,1809.7697,2648.7622,736.71783,1665.6345,1716.2855,1157.3373,1784.238,2614.3342,764.29755,1667.7516,1617.5951,1168.2308,1769.8533,2446.84,1119.892,2170.3315,-398.7384,1354.1757,2160.3372,399.56235,1035.7616,2700.789,-248.695,1383.4294,2593.0837,1435.3527,994.6684,3276.6409,-282.51028,1455.5254,3032.1987,2094.8062,1032.8346,3399.4136,-284.3114,1479.8722,3130.3655,2166.5544,790.50793,3300.297,-369.1998,1364.8328,3073.8428,2256.9128
IMG_20210905_131342.jpg,up,1056.1277,1177.7017,3.0180392,1077.8153,1132.2891,-147.43437,1078.6968,1133.4457,-147.9932,1080.1245,1134.6519,-147.73717,1093.9911,1129.2865,-25.194448,1104.4153,1128.3893,-24.484167,1115.255,1128.0958,-24.95629,1123.1902,1168.4375,-539.4042,1172.9967,1154.7714,12.426143,1069.9928,1238.3066,-112.27145,1082.7268,1234.1868,50.872135,1055.0042,1472.7623,-787.44507,1341.8962,1439.6149,380.33414,782.3812,1763.4414,-391.4378,1186.5659,1699.0874,1073.1779,872.4876,1485.408,540.5238,988.6944,1516.5017,1732.4926,868.3739,1413.1117,555.6606,939.4382,1461.1628,1842.8005,920.2253,1393.7716,540.40594,938.03784,1441.2443,1813.1011,941.56805,1429.1812,551.0719,957.0538,1468.1881,1718.4292,1134.5773,2200.7856,-383.1177,1299.1451,2167.7544,385.29938,1071.518,2719.0037,-202.16747,1294.8418,2600.1643,1301.2255,1053.6005,3237.0542,-201.37863,1332.2721,2984.6145,2029.9677,1092.098,3347.2788,-205.87714,1367.8031,3076.8262,2112.007,847.31085,3254.8464,-311.2188,1164.5255,2993.6367,2210.691
IMG_20210905_131453.jpg,up,1188.5438,1068.0369,-699.5351,1243.854,1023.2416,-752.57697,1261.9287,1023.99585,-752.68427,1280.2705,1024.6602,-753.11053,1216.2843,1026.0273,-624.1149,1211.1951,1028.0392,-623.2201,1205.8016,1030.5347,-623.6051,1357.1194,1061.7156,-761.9674,1262.7601,1065.5614,-161.18831,1235.1289,1136.1879,-690.78204,1197.1831,1137.5336,-516.0828,1431.6064,1392.3488,-862.1213,1296.8549,1381.1909,299.99625,1233.5491,1690.5092,-685.809,1234.5355,1740.8307,706.4776,1027.6962,1428.5789,-270.84225,1114.3452,1826.5029,614.228,981.97046,1345.5004,-334.8051,1088.3491,1840.4033,602.7515,1017.4247,1302.5535,-351.08588,1098.6528,1808.816,520.81885,1036.1953,1345.1229,-264.82858,1114.9968,1807.9135,572.0781,1358.4869,2155.7043,-393.8951,1277.1251,2119.993,393.86063,1423.0349,2717.2756,-1.984433,1302.8134,2633.653,961.61847,1445.1245,3232.2124,299.99515,1350.2767,3028.214,1566.3737,1482.6349,3324.617,312.00146,1411.2452,3118.2312,1620.1426,1255.2109,3358.1545,4.26361,1096.9249,3107.2983,1501.7457
IMG_20210905_131457.jpg,up,1657.9141,318.8681,-958.7084,1725.2109,280.59872,-1016.32544,1742.4025,285.12885,-1016.2444,1760.2128,289.50455,-1017.0162,1699.8644,275.47275,-871.0776,1696.2936,274.67606,-870.5064,1692.3994,274.3699,-870.87085,1837.799,338.07242,-1008.82385,1754.5944,313.72003,-329.3892,1698.4144,394.03406,-949.2016,1661.1377,383.97156,-751.5581,1930.9196,704.8304,-1056.1152,1700.8433,625.5007,190.10414,1722.4496,1054.576,-759.06537,1544.0524,956.2151,279.0347,1502.6807,762.94666,-229.02475,1430.9746,849.7337,-353.07996,1429.99,691.4693,-259.78757,1410.5461,813.6993,-448.7822,1472.8148,646.4817,-291.4598,1414.5718,773.50757,-455.58554,1499.6049,680.9655,-219.23203,1439.4353,795.50195,-383.7781,1771.1907,1510.5774,-411.54788,1644.1127,1440.2761,412.09146,1781.7286,2047.9402,324.48526,1596.0911,1913.1265,1345.7668,1798.9535,2518.0828,1077.9089,1577.2983,2277.3232,2324.586,1844.1462,2595.342,1135.3,1624.3646,2361.2327,2417.9248,1600.255,2655.392,769.50903,1329.2888,2361.3035,2262.3184
IMG_20210905_131502.jpg,up,1157.8534,1268.8981,-767.6959,1198.7683,1223.8411,-739.0399,1218.9808,1223.4777,-739.2958,1239.6777,1222.8027,-739.67316,1153.4994,1225.8584,-676.9421,1139.1299,1225.8724,-676.6776,1124.4408,1226.4021,-677.1245,1296.7888,1251.1373,-483.03046,1143.8696,1251.5736,-178.59561,1209.9994,1322.7017,-671.35205,1146.933,1323.1492,-583.7541,1435.3749,1527.3835,-572.655,1091.0132,1526.9156,180.79588,1314.4458,1794.3066,-618.4675,1029.3452,1783.7571,-80.79472,1085.9866,1574.0525,-484.04382,967.63916,1684.4252,-773.73114,1011.76685,1526.2006,-557.254,951.2042,1659.4105,-894.639,1032.8468,1476.6171,-543.4692,947.4005,1621.7977,-923.14124,1051.0785,1499.657,-471.1483,968.503,1633.7909,-816.38336,1369.242,2293.6965,-241.1568,1157.4417,2280.0115,240.99005,1460.0662,2792.0293,-16.917704,1154.7496,2730.3057,611.56335,1524.5273,3267.0476,453.0136,1161.1364,3113.639,1299.4381,1559.3967,3325.8293,477.0316,1219.0076,3186.193,1347.0724,1424.7268,3455.9917,31.797993,953.88434,3248.7908,1022.20166
IMG_20210905_131516.jpg,up,1212.1152,1298.935,-759.63635,1257.9479,1254.6829,-729.5694,1278.2367,1256.391,-729.6512,1299.0913,1257.7388,-729.8281,1213.6344,1251.6564,-657.83594,1199.2557,1249.6498,-657.58984,1184.5863,1248.0898,-657.96497,1353.194,1289.0627,-456.71915,1201.9596,1271.6042,-106.191795,1257.0474,1356.5195,-658.32245,1195.1989,1349.6572,-557.1919,1466.5996,1550.3173,-567.9593,1117.2582,1534.7206,253.36536,1329.9205,1787.2604,-697.9751,941.3855,1818.6758,-349.94983,1120.8124,1554.2461,-552.44275,964.5941,1639.667,-1384.2977,1048.509,1504.7053,-612.7914,964.06805,1589.2976,-1545.0375,1079.6821,1472.8196,-577.1741,991.1413,1547.7341,-1520.0841,1099.4277,1502.0863,-526.4697,1011.1387,1576.0581,-1409.2748,1378.3978,2309.881,-277.56766,1167.0282,2292.0977,277.4456,1493.9921,2811.9434,-193.17375,1171.4076,2744.7449,814.2044,1552.3202,3311.4878,113.7083,1173.0698,3120.0493,1607.5002,1587.331,3376.9229,122.285,1225.8143,3195.5933,1672.4478,1443.2236,3511.3386,-346.73575,967.25757,3254.1272,1362.152
IMG_20210905_131537.jpg,up,1245.9076,1143.2367,-1047.8909,1271.4425,1104.0615,-940.6763,1291.3478,1105.8331,-940.4496,1311.5654,1107.2974,-940.4532,1212.9875,1100.5958,-964.9381,1190.528,1099.0034,-964.6828,1168.0342,1097.8743,-964.82294,1326.2662,1144.511,-356.87848,1128.0798,1131.871,-475.95093,1276.9379,1205.203,-833.3218,1199.1603,1200.1454,-866.91547,1447.7202,1431.8501,-132.8611,984.5752,1433.1174,-229.55571,1594.7306,1742.1584,-868.6075,972.58405,1741.1074,-797.66797,1421.2522,1498.2683,-1770.4751,1223.5061,1502.4854,-1468.6298,1370.6873,1439.2068,-1955.0183,1311.3318,1461.3689,-1611.1521,1363.3787,1391.121,-1867.0757,1295.083,1398.1934,-1571.9769,1357.3213,1419.6854,-1751.5354,1279.346,1422.561,-1453.1288,1393.2827,2174.394,47.17331,1116.2026,2185.7583,-46.92433,1414.478,2674.0947,606.55365,1045.2441,2717.7808,208.8309,1498.8895,3063.1055,1645.9012,999.13617,3179.3354,987.4838,1466.5239,3129.2498,1716.2584,1016.49634,3231.8728,1027.751,1653.1633,3215.5112,1162.8682,948.452,3398.9524,406.9996
IMG_20210905_131547.jpg,up,1233.7717,1352.7601,-965.7093,1243.3488,1309.9884,-847.48627,1258.9294,1309.6437,-847.3598,1274.8486,1309.0922,-847.7072,1194.922,1310.3759,-902.61145,1174.4714,1309.9341,-902.2908,1154.078,1310.093,-902.4214,1268.2876,1333.9061,-225.21461,1108.3169,1336.6792,-501.00922,1253.1421,1401.9437,-738.4985,1189.0582,1402.4365,-815.8013,1332.5536,1601.6915,100.05786,991.3547,1593.0759,-473.27936,1451.4028,1842.532,-603.9825,1045.3845,1868.6411,-944.8823,1393.9084,1645.0334,-1535.7229,1286.4768,1632.865,-1262.1562,1396.1378,1584.8035,-1743.4639,1360.5938,1581.0896,-1386.3933,1375.8783,1555.1609,-1677.0112,1342.7129,1536.4401,-1366.2356,1354.3666,1575.676,-1539.7137,1323.3783,1559.1624,-1246.8203,1273.1805,2282.2026,270.49545,1081.3485,2284.7354,-269.78738,1295.1677,2684.313,1151.5403,1047.1561,2784.9688,-203.58255,1312.2983,3060.5562,2240.724,988.13043,3261.6086,-23.463974,1259.4404,3134.8835,2325.4172,957.38934,3332.6274,-41.77617,1538.7136,3175.4316,1972.1368,1089.0922,3440.629,-608.8162
IMG_20210905_131613.jpg,up,1205.7195,1384.8281,-824.31464,1209.334,1346.2876,-715.6532,1221.0831,1345.6351,-715.3645,1233.5078,1344.7328,-715.6412,1169.0762,1346.9122,-786.0579,1150.5627,1346.043,-785.5064,1131.9218,1345.9037,-786.0812,1218.1659,1365.3718,-131.83109,1084.8667,1368.2888,-470.9176,1217.0809,1429.435,-613.4884,1164.5101,1430.391,-707.01776,1252.5629,1607.5225,331.51773,998.8747,1608.1482,-651.28186,1295.7441,1869.0555,-77.40558,1182.8322,1890.2491,-694.121,1317.3031,1765.2032,-1072.4226,1343.0046,1671.9888,-191.96382,1335.1333,1744.5409,-1261.1437,1388.4885,1631.5839,-215.29872,1330.3942,1704.3477,-1261.615,1360.9729,1596.0696,-233.86026,1303.3921,1706.3921,-1105.2057,1346.879,1607.5923,-172.07533,1232.4375,2234.7214,366.31674,1074.0132,2255.6924,-365.9441,1240.1774,2598.2532,1279.1537,1081.2207,2729.1729,-295.5728,1184.2365,2938.7842,2342.3396,1016.1627,3176.1624,-225.71841,1120.4072,3008.4016,2429.4268,960.9257,3245.812,-248.68141,1409.9248,3059.0117,2138.2734,1185.247,3348.5452,-796.8476
IMG_20210905_131618.jpg,up,1079.3354,1503.8407,-230.64746,1046.9432,1456.9656,-197.80493,1039.3237,1455.073,-197.22688,1032.2434,1453.0123,-197.53683,1049.1263,1460.8323,-334.39728,1042.0392,1460.7501,-333.75803,1035.0093,1461.2676,-333.81924,974.23175,1474.6523,54.887074,976.72034,1485.8595,-572.1308,1054.1511,1554.4469,-123.07667,1054.1324,1558.5107,-300.2793,891.82825,1732.6334,493.72488,991.07776,1725.0312,-830.7434,984.8275,1997.9728,798.60956,1203.8857,1947.7197,-492.09967,1117.5151,1954.6427,606.17224,1223.8683,1756.3936,440.7787,1146.1388,1955.6371,583.78204,1225.682,1712.9313,492.48718,1158.9596,1920.6016,504.7381,1196.8491,1684.1143,467.99548,1146.8976,1921.5039,559.9392,1182.8866,1701.9996,463.81973,960.3558,2343.0862,444.17072,993.7971,2362.1863,-442.62994,988.2035,2717.3545,1235.5836,1036.7874,2815.6172,-414.5043,971.14606,3084.7224,2076.804,1003.1238,3276.3145,-403.6349,916.5905,3170.609,2147.162,946.2464,3361.1162,-414.97852,1175.9705,3148.7947,2082.0283,1193.3586,3390.6174,-707.92834
IMG_20210905_131625.jpg,up,1086.7139,1271.4769,281.41916,1049.1824,1222.3539,253.14384,1034.6962,1222.534,253.93224,1020.3358,1222.7834,253.39972,1077.8616,1221.1398,113.351006,1081.2213,1219.335,113.85927,1084.8564,1218.1221,114.05983,952.881,1244.1982,220.08495,1046.9911,1235.5378,-438.1305,1051.7313,1323.3972,302.06543,1077.1725,1321.0844,113.990074,721.9737,1513.4994,556.4348,1123.0647,1504.956,-756.102,801.57916,1840.5609,1107.6802,1266.0731,1803.1034,-204.98502,992.5356,1851.3213,1623.1895,1243.0581,1606.5028,842.2972,1033.313,1858.9498,1742.4915,1257.7131,1558.2678,902.67426,1056.5569,1850.3257,1701.5017,1226.227,1525.1471,884.5533,1045.6273,1850.1042,1612.165,1213.6246,1544.8173,871.9689,817.1045,2256.0168,472.76743,1044.2297,2275.716,-469.63104,834.10266,2642.1255,1417.242,1077.7495,2761.0854,-228.73444,769.48535,3076.1113,2105.7656,1061.6697,3292.133,-58.555637,722.6848,3171.8247,2177.1067,1022.98193,3399.1072,-46.243423,887.7695,3114.4644,2319.3416,1195.3331,3343.0996,-131.21823
IMG_20210905_131635.jpg,up,1046.6682,1361.1702,599.1764,1021.71423,1326.327,501.96902,1005.536,1326.5122,502.5775,989.9166,1326.4631,501.96893,1065.1168,1327.3466,463.618,1079.0804,1327.2081,464.32346,1093.0625,1327.6028,464.46185,960.20435,1356.291,164.5428,1100.6287,1356.2345,9.814433,1020.4905,1403.5883,507.45926,1061.4966,1403.3055,463.0881,803.23865,1594.9608,197.7,1232.3937,1610.3447,-211.05725,869.35626,1904.2612,821.5705,1331.4475,1950.0393,320.23727,1011.3996,1949.7599,1477.574,1239.0293,1922.2281,1278.2397,1038.4413,1967.6544,1569.1616,1232.7703,1922.357,1409.5657,1051.1897,1952.8788,1541.3606,1192.9929,1904.1836,1396.1711,1055.1763,1945.0591,1475.216,1182.6216,1903.5175,1299.2604,869.7524,2301.949,158.98944,1123.7485,2320.2605,-157.20168,797.831,2709.5125,781.8659,1175.1648,2746.4114,388.72064,750.1386,3161.0088,795.19366,1214.6815,3235.016,392.88577,745.7781,3262.0662,801.9292,1197.4098,3346.3396,396.94574,752.94836,3171.355,973.1021,1269.4329,3247.7668,517.679
IMG_20210905_131644.jpg,up,1071.4102,1224.2864,500.44885,1056.7316,1185.4128,388.36487,1042.0153,1186.147,388.86057,1027.8798,1186.6925,388.62622,1099.9846,1185.4015,389.47626,1114.8417,1185.4432,390.9332,1129.8251,1185.9644,391.45966,1013.59955,1228.6349,7.9543285,1150.461,1224.2968,23.921925,1051.2059,1275.8458,394.95804,1090.2894,1274.3838,399.5607,850.6329,1517.4653,-142.92842,1318.9023,1496.1345,29.960169,860.8609,1932.711,139.66814,1359.086,1844.1863,593.7952,898.03467,2157.8804,576.6894,1258.5657,1819.5321,1579.7571,901.03253,2222.524,629.7003,1248.1819,1812.5463,1714.924,909.8182,2215.3262,613.14404,1202.921,1799.9557,1714.0486,924.264,2191.4856,581.12634,1192.7069,1809.7924,1601.6465,934.288,2263.6333,18.026155,1210.2548,2254.1167,-15.611934,834.3476,2732.7322,648.4388,1269.6547,2711.4958,535.5062,768.9177,3220.8396,938.2006,1347.1826,3202.4783,625.41614,768.62573,3329.7412,968.268,1347.2837,3311.3525,642.15466,727.49774,3207.1724,1057.748,1357.4392,3220.1487,730.5569
IMG_20210905_131655.jpg,up,1146.6034,1203.4794,683.11707,1126.0106,1159.9965,523.02893,1109.0868,1159.3782,522.9161,1092.6846,1158.6768,522.549,1174.0034,1161.4144,553.623,1191.0552,1160.7343,555.19543,1207.9481,1160.6677,555.0969,1078.9158,1186.5432,29.936884,1233.5592,1183.8506,187.12737,1126.7443,1243.9954,540.647,1173.1965,1243.7588,588.4973,941.5349,1450.1531,-238.96661,1395.8541,1452.4613,255.1387,818.74133,1811.1399,492.11478,1367.3102,1800.9508,1032.2198,952.5958,1754.984,1772.9089,1205.5531,1735.402,2067.6936,971.23486,1751.1105,1916.5437,1160.9811,1733.5988,2261.2615,1001.48615,1715.6892,1904.7378,1144.3843,1707.0187,2226.6697,1010.94006,1712.3087,1791.8135,1157.0829,1703.3074,2076.2053,1035.083,2212.8782,-166.36115,1284.6704,2196.5657,167.64021,955.5852,2736.1333,167.44354,1344.2289,2661.383,793.07446,854.3524,3275.8225,336.1841,1416.0779,3153.5642,1106.4425,864.01294,3390.2366,357.78745,1425.6115,3256.679,1140.6627,759.6931,3273.4082,395.78253,1384.5397,3189.0298,1258.971
IMG_20210905_131705.jpg,up,1048.4236,1497.696,90.8963,1062.6821,1451.1011,-54.413803,1061.8633,1449.8757,-54.745514,1061.7299,1448.6552,-54.63915,1082.3087,1453.3164,66.51255,1093.2186,1453.5908,67.214775,1104.3398,1454.4192,66.78255,1103.564,1469.8176,-470.42596,1165.4308,1472.0823,86.66595,1062.7266,1544.6934,-39.395695,1080.3452,1546.5612,125.05218,1069.2565,1729.6504,-740.3133,1303.58,1734.9788,418.56552,811.15875,1996.1287,-367.207,1124.9823,1988.8616,919.218,868.8633,1786.1033,620.60425,976.3029,1830.4166,1267.4702,860.4103,1727.9501,679.4137,941.3991,1776.0504,1331.7191,911.07104,1711.0363,652.4371,939.9903,1757.9707,1328.0565,928.5661,1738.0634,636.4467,956.5958,1782.0134,1256.594,1078.418,2415.8206,-382.81683,1222.9387,2408.412,384.18823,1004.89557,2876.8306,-204.05762,1226.1082,2804.5142,1453.9966,946.1578,3375.1538,-161.16714,1258.0535,3181.0254,2197.0117,972.16986,3482.3586,-163.13522,1278.033,3269.9883,2275.0002,768.9679,3380.0918,-305.4031,1140.5718,3189.4543,2320.698
