001.jpg,486.8008,551.7241,-614.00604,511.4903,513.63763,-629.7927,527.0711,514.24225,-629.5869,539.51044,514.28534,-629.66284,474.30923,507.56143,-596.12537,464.3289,504.82275,-596.15924,454.89685,502.5318,-596.244,570.3145,514.2947,-545.58136,451.76035,501.4652,-394.823,508.48535,583.88293,-568.70044,472.1539,580.05225,-526.3884,684.314,633.1915,-414.78714,388.6102,622.22845,-187.15883,729.6265,855.91797,-315.41638,286.06354,834.2481,-345.83105,529.98096,798.70935,-193.93243,409.63416,786.6469,-613.8937,492.70206,791.1995,-179.6253,443.78702,777.4249,-646.6583,498.9542,746.02045,-143.37814,447.74466,739.4544,-591.8171,502.09998,748.2127,-163.86426,440.4163,742.98804,-592.0014,640.85956,896.1293,-59.916157,506.70575,887.3885,59.434765,688.4426,1080.7617,-502.2266,366.23224,1049.9991,-201.36528,706.9494,1163.3956,68.010925,445.00763,1105.8401,404.3944,705.4739,1169.3367,126.12387,481.64874,1112.5386,466.73184,735.91644,1268.638,36.69916,379.73608,1182.5416,451.72818
002.jpg,490.8161,551.8743,-559.1266,521.02606,517.93646,-569.7057,535.2378,520.1077,-569.47894,546.53784,522.0314,-569.61053,479.70078,509.09912,-537.71924,468.6051,505.58853,-537.75214,459.10165,502.94885,-537.81433,574.4031,528.80725,-480.09152,456.2577,503.04337,-338.90204,513.74194,588.52625,-515.0254,473.09607,582.9687,-475.8095,683.4243,640.0072,-375.6311,389.1579,632.3655,-133.90729,724.0185,856.1146,-251.30772,299.14978,848.47186,-286.18054,539.57245,809.9078,-72.153275,417.01398,790.11005,-548.9441,499.92703,804.40295,-38.314087,445.77805,781.7377,-568.51746,503.9821,757.8822,-0.61496514,445.46005,743.6936,-509.9592,513.9142,768.1816,-39.26101,438.1604,746.00867,-524.1926,638.4616,902.6102,-75.693405,507.4914,886.5076,74.85989,662.33307,1067.0668,-526.9911,370.88815,1039.3364,-194.1863,703.59576,1165.2712,-42.342766,435.27716,1116.9742,256.68158,701.7894,1168.6107,7.351462,461.64603,1135.3783,302.68616,740.7721,1272.6405,-78.47852,369.68634,1195.2583,263.32285
003.jpg,490.23346,556.66284,-682.2742,518.5558,521.4124,-694.7411,532.55,523.26154,-694.5454,543.34393,525.004,-694.6688,479.95117,512.60077,-663.84235,470.05466,509.11862,-663.893,461.088,506.12836,-663.9954,570.4195,529.1244,-594.78723,459.8451,504.5124,-459.87592,511.22806,589.91705,-632.20264,474.42053,584.083,-594.6545,679.53455,639.2191,-468.6405,391.84598,628.34235,-239.88058,713.82324,850.1998,-370.69244,290.19202,848.68823,-403.35077,540.62836,815.9919,-249.96492,415.53146,793.9899,-676.9367,529.0636,827.0978,-234.0441,444.52307,786.73145,-705.7116,532.76263,793.01276,-201.1274,443.71347,748.1513,-649.8414,539.0995,794.15454,-221.3726,437.19418,750.1475,-653.84705,636.9558,882.69775,-66.95663,502.78577,883.1219,66.20075,672.96075,1069.8301,-492.63553,373.4493,1051.3627,-222.5197,706.71606,1167.3525,28.695948,447.09158,1107.1483,338.83368,709.154,1173.059,82.442406,480.41513,1111.7931,397.41956,744.84155,1274.3069,-5.7086344,397.15726,1191.3817,375.6665
004.jpg,485.41403,545.99316,-793.1409,515.22736,513.3249,-804.2278,530.55334,514.7556,-804.0524,542.8824,516.5094,-804.1638,474.82996,507.5333,-770.97534,464.52734,504.4638,-771.0565,455.63385,501.60062,-771.16376,572.6214,522.7335,-695.3984,453.16144,504.39194,-548.6384,505.16702,582.50366,-740.39777,469.12738,580.44183,-698.9905,682.4968,644.334,-547.5657,389.54205,630.5074,-317.9586,738.5317,864.62286,-516.823,285.443,849.3979,-468.08475,540.23224,811.8705,-493.21686,411.0304,795.1016,-760.6894,496.6798,806.696,-501.33286,442.6586,788.737,-802.6149,494.58102,762.77954,-466.6338,442.2746,746.4798,-745.0189,507.34305,768.6565,-466.07208,434.8018,747.9784,-737.70276,644.8114,898.2201,-59.45441,502.79202,895.86365,58.83467,694.6934,1052.3323,-582.55096,374.20016,1051.6027,-264.7235,705.3605,1161.4213,-5.567001,441.2836,1115.7192,384.8623,705.5463,1179.9277,51.150654,474.4628,1123.763,450.18744,732.2496,1272.1672,-75.84005,377.09534,1192.4048,413.268
005.jpg,487.9184,544.1598,-748.5906,517.3046,513.12506,-757.09406,531.35046,514.6216,-756.89246,542.9409,516.241,-756.97095,477.64548,506.49377,-726.0488,466.91592,503.04395,-726.11676,457.13266,499.86282,-726.1889,571.6185,523.0055,-647.1662,452.52374,501.825,-510.50284,510.22046,580.43933,-696.00653,470.91098,578.1244,-657.7346,679.31445,644.5689,-512.9285,386.45605,631.4708,-287.05573,736.2422,864.0238,-431.48492,287.81177,847.9624,-437.3582,538.75616,818.14014,-350.6498,408.88623,796.74084,-765.1218,495.5833,814.806,-344.55194,440.0144,791.0149,-812.0475,498.8047,771.2133,-318.53464,441.80414,749.8751,-759.1271,505.12393,771.4472,-325.8728,435.70612,750.61163,-745.7432,642.021,902.4649,-66.82201,505.28867,895.22327,66.13736,704.34424,1110.1528,-424.94907,357.74866,1051.7343,-211.4214,708.08295,1156.5865,202.15193,449.94498,1108.1207,381.38025,710.58563,1163.7301,267.4498,488.28928,1112.1255,443.60287,730.9247,1265.3622,210.6798,382.18646,1191.6016,455.03433
006.jpg,485.76465,544.0923,-685.369,514.19965,511.6242,-697.68396,530.2596,514.29456,-697.46155,542.6792,516.46454,-697.5371,473.75986,501.616,-665.2415,463.72443,498.16287,-665.27673,454.63763,495.36182,-665.3324,572.8375,521.3238,-601.7049,451.05316,496.0135,-456.50937,512.7335,581.4028,-636.9984,470.02274,575.41626,-596.25714,684.60474,641.06006,-459.7235,384.53537,629.33496,-248.13194,740.9834,861.0425,-362.88956,279.00568,848.29663,-385.05276,529.4735,814.92554,-280.66702,408.86725,795.2101,-691.59033,489.49423,810.6549,-269.62515,443.6186,786.79596,-729.3347,492.42703,764.5185,-238.00587,444.84488,745.5747,-673.63184,502.62387,764.9065,-252.67937,436.89835,747.32324,-669.49335,640.528,899.1607,-56.533424,504.0424,895.8627,55.83714,707.54224,1094.6617,-444.23465,360.3718,1052.1959,-178.59895,700.7377,1162.4613,99.25764,448.90274,1102.6426,403.19388,700.08966,1176.5763,155.04941,485.45428,1105.508,463.84152,726.36554,1274.6118,73.28794,391.04,1189.2648,468.92252
007.jpg,484.03537,541.9084,-601.07855,514.75854,510.0304,-611.6211,529.20544,512.19196,-611.36786,540.6314,513.74976,-611.3403,471.2153,501.45572,-582.8195,460.94284,497.90857,-582.8182,451.69156,494.7127,-582.8097,571.60614,518.60266,-527.0345,447.1477,495.03485,-394.38174,513.6495,580.52856,-558.25854,469.52454,572.8797,-520.54785,687.6205,644.0509,-392.42358,380.1802,631.81476,-207.6923,740.6225,868.6244,-343.6802,287.1185,853.942,-261.79623,558.06824,820.59033,-349.23843,405.76614,796.1241,-483.37122,521.1624,845.60046,-349.02283,445.31735,788.3989,-505.34485,520.4419,805.36053,-307.68665,445.6648,749.2195,-463.3512,527.9204,804.1875,-321.53723,437.01535,750.1094,-464.00314,637.72797,898.5135,-49.69198,496.102,899.86224,49.344887,707.88257,1071.9316,-470.5321,364.98877,1052.9261,-193.59552,697.99945,1168.939,43.381336,448.70502,1110.1252,368.98425,681.94946,1174.2906,91.41455,483.1121,1118.9978,422.8561,735.1627,1281.342,-7.602148,379.2234,1193.1068,404.6895
008.jpg,480.67075,544.5702,-757.9088,506.35477,511.37762,-772.2909,521.47437,512.8376,-772.0487,533.32983,513.6166,-772.09393,466.20987,502.80643,-736.96063,456.36536,499.57077,-737.044,447.79086,496.85016,-737.14276,563.62366,514.0288,-674.2205,449.1301,495.1109,-514.49475,506.0709,579.60846,-708.4517,469.09756,574.7897,-663.43677,681.29297,639.42615,-524.73254,383.49478,629.50244,-289.08408,743.8312,861.0438,-477.96616,276.47995,845.1812,-422.62448,540.5717,816.8117,-441.76608,405.44458,795.6475,-687.3621,490.07608,817.5066,-444.84323,440.33685,787.6267,-720.7407,490.12326,767.1279,-407.12613,442.0267,747.2257,-669.3718,501.99088,768.20435,-413.611,434.89,750.27814,-665.5322,635.4784,894.4872,-66.91375,498.01288,891.7072,66.326515,696.214,1082.3312,-597.4021,354.94617,1051.8088,-251.96542,700.9183,1169.4099,13.162539,447.28644,1117.2976,355.01703,692.32825,1173.4718,73.2152,481.5624,1129.163,415.42377,737.04596,1281.3438,-44.299538,379.1835,1197.8728,371.7071
009.jpg,476.6186,542.9087,-725.6169,506.04153,509.45663,-741.55676,521.0387,511.06305,-741.35944,533.14734,512.3554,-741.39417,465.63303,502.7094,-704.57336,455.58688,499.29062,-704.62134,446.5072,496.06476,-704.70245,565.1159,517.45966,-652.00256,445.31714,498.4128,-486.0087,502.8307,579.7039,-679.0943,463.36334,576.3024,-631.9776,678.5671,635.59644,-519.97253,381.60834,628.31555,-255.71106,721.87,855.98553,-466.0912,271.73776,850.7747,-386.21362,508.00705,811.2155,-422.47244,400.41516,794.7457,-673.814,471.2533,808.57544,-427.68192,436.72873,785.4997,-714.4489,476.34918,756.25073,-397.50156,439.3741,744.24365,-660.3681,483.15027,759.1121,-396.60593,430.44806,746.6743,-653.0988,643.3586,895.48456,-64.57655,502.5832,895.7005,64.133,712.6437,1090.5458,-490.8576,352.02045,1056.5428,-203.1945,699.42584,1163.322,109.43303,437.50415,1108.8934,419.54562,691.59753,1170.3971,168.46321,475.81216,1115.4025,481.8791,733.28357,1277.1378,65.35726,369.04996,1190.5133,466.8454
010.jpg,474.95392,548.03986,-485.9698,503.10825,507.2017,-501.39685,518.2827,507.9103,-501.1683,530.16736,508.249,-501.25623,463.29547,502.85123,-464.19794,453.08017,500.7401,-464.13895,443.6664,498.82715,-464.19025,561.638,510.9167,-437.00967,443.20648,497.4483,-266.89737,499.32944,580.19226,-450.06064,462.60168,576.8306,-401.9579,682.00635,640.7915,-315.87442,387.02423,623.5535,-88.21438,737.734,862.58044,-192.68433,276.0689,834.4345,-210.87965,528.86426,803.96655,-61.492817,399.09082,792.34503,-482.18512,488.77692,793.0717,-36.177517,434.22858,779.8317,-512.9109,490.21396,748.02423,-0.13384078,435.7852,744.452,-458.06946,495.5971,750.83514,-30.567598,429.4606,747.36786,-460.09842,638.605,897.905,-58.48135,500.03436,890.03687,57.899174,707.94574,1105.3842,-477.01868,351.37677,1053.1764,-180.37473,700.2421,1172.9629,89.262024,452.08813,1106.6562,408.37146,688.30707,1176.8607,145.79843,491.0234,1116.7778,467.66266,735.45874,1283.8937,50.6315,381.14432,1187.5472,460.17175
011.jpg,474.0464,539.00275,-552.4658,502.75595,507.35568,-562.7641,516.9334,509.48947,-562.523,528.2306,511.07175,-562.63416,461.4179,498.25613,-528.6996,451.434,495.33966,-528.7359,442.92184,492.97943,-528.8119,559.81586,517.2482,-475.11658,442.4316,494.03754,-323.9961,499.9022,575.83215,-508.54974,459.21732,569.2414,-466.31616,674.1689,638.448,-376.31866,379.3068,623.9454,-125.01893,721.8501,858.42236,-294.56635,278.8324,832.12354,-257.6676,539.6157,812.3065,-190.91756,401.1762,787.6094,-534.88293,498.02902,814.1711,-177.44061,434.22385,782.9274,-566.5684,519.82513,796.39404,-144.53139,437.9609,742.7102,-513.24634,511.21585,775.9958,-162.93631,429.0842,745.1207,-513.93207,623.9233,882.6654,-71.04825,491.71072,879.476,70.243195,668.85425,1069.619,-553.0313,353.69,1043.9417,-265.0988,696.4447,1163.3208,-43.025105,433.9879,1110.2058,274.47513,696.7917,1167.8082,7.861676,467.9976,1114.1597,328.70895,730.7988,1275.3373,-102.59817,379.19498,1185.8303,291.27118
012.jpg,468.9336,542.9341,-558.6731,495.21265,506.7406,-572.80524,510.65247,508.46295,-572.5582,522.2482,509.56174,-572.7002,455.4734,499.4776,-535.18713,446.2388,496.8869,-535.22797,438.05975,494.76495,-535.31744,554.9401,514.7214,-493.12308,439.09567,494.83395,-324.96124,495.89453,579.55206,-516.9179,456.96454,572.1144,-469.97513,665.52124,640.28754,-406.73376,378.13074,625.34863,-109.55278,716.86993,850.8343,-328.78784,276.18655,837.7563,-268.7479,525.1093,812.59576,-212.57368,399.22473,789.18463,-573.6153,483.27917,810.3792,-200.0978,432.90402,780.0284,-603.9106,514.421,793.2472,-166.8831,433.9391,741.2104,-551.3225,524.07556,793.5467,-183.79129,425.75897,745.1855,-553.09717,621.3792,893.7405,-94.02243,492.76257,882.2628,93.231926,638.1525,1071.2539,-617.1441,346.6963,1043.4873,-254.99614,695.3744,1159.9619,-99.350174,448.862,1106.0513,222.47661,697.04736,1154.9244,-44.868504,485.10474,1110.4097,272.7606,721.9467,1271.6572,-132.18321,387.90054,1184.5958,243.79697
013.jpg,466.62552,541.7599,-615.58777,495.84866,505.34756,-627.6884,510.07162,507.333,-627.47424,521.05206,508.77817,-627.5953,454.48077,498.56702,-590.3366,444.55328,496.4517,-590.39374,435.8489,494.72476,-590.5086,551.231,514.4244,-543.17944,435.57285,495.21216,-375.1344,489.5557,577.0354,-573.1087,452.5829,570.1529,-525.99194,666.39264,634.68256,-442.0884,372.8697,623.7076,-157.27545,731.7608,854.5223,-369.0957,265.54498,827.4422,-307.49564,539.7252,808.4175,-263.76865,393.6036,787.4091,-602.8118,493.77396,803.9715,-253.11082,430.2865,779.3014,-635.0977,495.81265,757.89453,-221.46664,432.22778,741.4427,-582.3832,504.05435,768.2055,-235.7697,423.83218,745.13275,-581.5238,625.1102,881.661,-89.12038,491.4119,879.96375,88.35885,665.9727,1072.8822,-630.54034,349.7139,1038.9502,-247.48409,690.35565,1160.8794,-81.29262,435.11725,1110.401,259.61407,694.84033,1162.0596,-25.891663,464.61237,1124.762,310.80228,715.7535,1271.9729,-136.04855,367.85574,1187.6387,265.5712
014.jpg,463.9306,542.0458,-844.4999,492.90128,503.97516,-858.6505,507.84842,504.27887,-858.41315,519.669,504.60812,-858.4627,452.01285,501.5122,-820.3369,441.29144,499.93143,-820.4113,431.70663,498.3756,-820.5369,550.18195,509.22946,-751.9623,430.84473,497.25912,-579.4673,487.8988,576.63025,-791.2741,449.82925,572.1848,-742.415,667.2062,637.16626,-589.2923,370.83493,624.0907,-346.13644,717.8102,869.3496,-557.03143,260.71848,830.8435,-514.83325,506.2616,805.826,-512.5454,386.8515,789.4674,-788.57446,470.2456,801.95,-518.5312,421.98218,787.9087,-833.97,474.0328,751.34814,-479.62823,426.01022,747.775,-772.1622,479.42886,757.4547,-483.65057,418.78238,750.99475,-763.84564,634.8658,891.8027,-65.16051,493.15662,891.5331,64.74855,685.2215,1065.981,-640.04987,347.66498,1042.4507,-278.13443,693.2665,1163.0516,30.593742,441.6162,1114.6997,423.57047,688.8187,1176.3555,95.49453,474.44998,1127.1918,491.21155,724.4999,1279.844,-46.062847,365.1667,1194.1233,431.3905
015.jpg,456.8879,540.08386,-725.62213,485.58218,500.98538,-741.70325,501.53705,501.89987,-741.47144,514.1257,502.51648,-741.49445,443.29816,497.3282,-704.9784,432.352,495.48975,-705.01245,422.38818,493.66815,-705.1275,548.89813,508.3239,-647.776,420.51355,493.23462,-481.78244,481.91312,574.87585,-676.14233,442.82208,571.16156,-629.1735,663.0537,636.9421,-492.6854,368.1588,622.1783,-261.64145,712.40955,868.2836,-418.72556,256.49368,836.9528,-399.027,511.9546,808.3115,-361.90457,376.8282,790.5169,-686.8875,461.91638,799.379,-353.64322,415.2007,783.8724,-729.57935,465.69516,752.78424,-318.71558,418.73746,745.1355,-669.1933,476.25693,754.25104,-332.26,413.17133,747.5065,-663.0345,631.805,899.06305,-57.447662,486.30173,895.4503,56.913372,707.5425,1113.1217,-502.58072,345.4712,1050.2102,-253.39902,688.80615,1156.7351,202.23335,436.58636,1105.427,467.2319,691.2022,1170.5093,271.98834,467.5172,1114.2434,540.2292,715.8276,1281.0497,164.17433,367.17963,1187.2205,533.34
016.jpg,451.97556,541.83746,-913.99756,482.1822,503.88892,-929.23175,496.47583,505.14175,-929.003,508.12756,505.99628,-929.074,438.9832,500.84537,-890.855,428.62543,499.75284,-890.9285,419.2556,498.73535,-891.08026,542.63104,509.45593,-815.052,419.3412,498.37582,-642.01556,475.95676,574.3983,-857.03485,438.43762,570.4632,-808.0721,657.8899,633.0131,-645.4038,366.72592,621.4316,-394.3617,708.8916,865.4199,-625.9401,252.51195,833.8905,-584.21313,499.154,807.3586,-605.0593,374.9954,790.4804,-904.6102,459.42584,796.9556,-616.3101,409.54166,785.674,-960.6682,463.22717,752.9828,-581.2132,413.36984,746.0266,-899.87573,473.36197,753.3967,-577.87335,407.5391,748.44543,-882.2957,626.4196,890.37915,-67.932655,488.71814,889.74414,67.395836,679.2813,1087.8118,-578.5917,344.86234,1047.6884,-234.64317,688.2023,1160.433,139.94849,433.33353,1107.9264,507.48892,688.49536,1173.6139,211.97173,474.38324,1119.6017,582.2304,718.5719,1283.8474,92.913795,356.50714,1188.511,560.28253
017.jpg,447.20758,533.2582,-785.29645,478.3855,502.86505,-794.25195,491.7303,503.78986,-794.03455,502.30203,504.2599,-794.1127,435.10077,499.49042,-760.18884,424.66492,498.48083,-760.2306,415.94965,497.44302,-760.3138,532.4343,509.20932,-679.0308,415.28958,498.07977,-524.55066,471.43616,569.21576,-730.3696,431.0542,567.2529,-686.80145,646.50696,632.0394,-550.68195,355.6006,629.8194,-281.0101,703.1756,854.22565,-502.07498,244.5086,848.9248,-437.03195,492.4655,813.73975,-428.6876,372.48172,792.2002,-721.5531,448.93375,804.7252,-426.391,409.54724,783.1306,-765.97424,451.43707,759.4557,-387.1438,412.45267,744.5045,-700.1381,459.43372,761.93964,-397.5426,405.88797,747.5703,-695.7593,625.6497,900.7186,-79.41587,482.4246,900.44867,78.82368,681.06104,1100.773,-564.3997,332.30966,1053.3268,-237.93759,681.2286,1158.1775,160.37749,426.63675,1120.7749,412.9937,678.9665,1166.3212,233.42216,456.70035,1134.1953,477.6862,700.80804,1271.9238,130.83678,355.02072,1205.197,451.06647
018.jpg,442.55548,543.954,-855.6435,471.40686,506.911,-869.39594,485.2029,508.65286,-869.1499,496.45105,509.70822,-869.2211,427.49628,498.45404,-831.4402,417.9928,495.89795,-831.4777,409.94815,494.01306,-831.5924,529.09406,512.7179,-760.0906,410.43164,494.0351,-587.9332,466.70224,576.13745,-801.56384,429.59158,572.1506,-752.77014,647.98047,639.06885,-603.6814,350.72018,626.746,-348.29596,695.5662,869.7761,-552.0044,244.49129,842.85297,-512.46625,482.63245,807.1362,-484.4324,363.7008,793.33344,-795.60645,439.97043,799.5775,-483.32977,399.60086,779.6824,-844.3651,442.8565,753.19055,-448.13443,400.9317,741.941,-785.2157,451.0712,755.3631,-455.81653,394.62912,746.24725,-773.21497,620.53015,891.76874,-67.51119,477.14615,894.348,66.99005,669.47766,1057.263,-617.36957,328.60556,1045.6818,-251.33997,673.986,1165.5048,73.73533,426.90347,1107.6406,472.8557,668.4213,1176.9879,140.44612,469.64017,1123.2207,542.76355,700.8702,1283.7383,-7.3238277,347.67358,1191.5858,487.34882
019.jpg,434.82776,541.8855,-646.24493,465.1452,504.68765,-661.2072,479.08316,505.99307,-660.90314,492.00858,507.07993,-660.9653,419.68594,498.8719,-627.57745,409.41605,496.7964,-627.5763,401.5408,495.08658,-627.6257,526.8184,510.9653,-577.0203,402.60107,493.4619,-426.0984,459.33563,574.71967,-601.4862,421.34827,571.3226,-559.0444,640.7368,639.70056,-462.78973,347.828,624.75,-194.79672,678.8164,866.66046,-342.25705,233.60785,848.6255,-294.62027,475.76062,806.1451,-236.55975,356.40424,793.18677,-558.4,437.06744,799.2028,-222.21832,390.55432,785.43964,-593.2148,435.80896,753.77704,-193.38605,391.75262,746.2731,-532.19977,440.83533,756.011,-209.68887,385.0537,750.0077,-533.94507,616.23517,893.6284,-87.11859,474.91476,888.3795,86.45039,657.60254,1125.2502,-452.03442,319.50092,1047.8943,-147.76639,671.6452,1171.7064,161.8362,428.7751,1112.6302,421.51025,669.65375,1164.8292,226.20601,460.00204,1122.8624,479.48373,695.9666,1282.4326,162.41565,346.19583,1197.3182,488.41507
020.jpg,427.9684,543.2754,-795.84015,458.4614,507.34393,-811.5074,472.20758,508.00095,-811.2395,483.58685,508.484,-811.3268,416.14496,504.68787,-775.3152,406.07568,503.615,-775.35425,397.4707,502.68286,-775.4338,517.0497,513.2189,-717.00696,398.8206,503.1997,-552.9651,450.74026,578.5208,-747.31036,414.98285,575.71967,-700.8935,639.6904,637.20636,-584.0349,343.07242,633.0465,-303.38913,684.9453,862.5975,-533.4002,234.62375,848.40857,-447.31052,474.35898,809.54065,-482.51956,355.13892,793.758,-746.7517,437.26883,801.17267,-484.93692,386.187,779.40515,-794.1082,438.97897,756.4011,-454.16934,386.52463,744.4633,-732.2982,447.6389,759.0494,-456.44925,380.82626,748.755,-723.43,618.9838,896.01917,-85.073296,474.04898,891.44415,84.482254,647.19495,1089.5519,-570.62524,317.98254,1048.2762,-192.92427,674.9247,1170.3275,43.40517,427.67914,1111.9867,406.21222,678.37427,1180.8558,105.058754,469.6691,1124.8562,465.72418,698.3938,1280.3976,-4.7391987,346.6373,1198.4075,445.64587
021.jpg,427.86966,545.74146,-736.19934,457.29337,505.53473,-753.20233,471.24423,506.3416,-752.93835,482.7115,507.03244,-753.01086,414.91898,503.19098,-715.67664,404.6406,502.26086,-715.6795,395.68732,501.52084,-715.7286,518.71136,512.0025,-668.7149,398.32004,501.4317,-497.51987,450.80844,579.4983,-691.269,415.94052,576.85724,-642.62415,639.4216,640.1719,-538.01025,344.6736,629.8622,-262.01047,688.4285,863.1649,-489.40213,236.1632,847.8645,-390.88492,472.48465,810.0728,-442.13345,354.5249,792.4382,-671.8044,434.31824,805.1087,-444.68423,386.68457,782.8713,-716.4825,434.80057,758.9598,-410.98102,388.7457,744.1499,-658.098,443.29288,759.6393,-415.53543,383.06967,746.6556,-649.6025,616.5239,895.396,-83.124115,467.9753,891.1238,82.67545,633.90735,1081.3333,-583.0512,314.12256,1045.0166,-205.24483,673.8479,1171.5192,-0.13148278,428.413,1113.6738,375.13626,677.55994,1182.9644,57.259285,460.69205,1124.47,431.1458,696.49316,1282.5168,-67.769394,347.30475,1201.6615,388.66986
022.jpg,424.67926,545.7489,-810.8386,453.31946,503.83975,-828.4438,469.16626,503.56396,-828.2308,481.8344,503.58994,-828.322,412.92438,503.35263,-788.5311,403.79327,502.13824,-788.6052,395.39227,501.0111,-788.7113,516.4877,509.5625,-734.4807,400.842,500.97702,-553.0476,447.4816,577.2199,-761.57306,414.69284,577.20355,-710.21204,639.3498,639.83435,-593.78455,347.28485,628.20496,-299.19635,682.1823,862.4456,-554.44006,234.58841,847.8504,-455.4867,471.78378,809.01306,-505.47253,350.69543,794.19525,-770.2895,432.8355,798.9318,-511.12143,383.24997,784.37665,-821.1339,435.57715,756.1865,-479.1495,386.71597,745.26685,-754.8788,444.6409,759.3609,-478.38132,382.08905,748.65686,-745.6312,618.97833,899.06934,-86.736664,473.9329,897.52704,86.236824,661.46783,1111.8204,-543.4534,319.68237,1048.1606,-197.75276,678.35205,1158.7323,173.85747,422.05948,1114.0953,459.75977,686.3268,1162.6666,247.75925,451.29114,1125.7058,526.85516,693.7175,1273.5479,152.70885,344.37946,1194.61,511.1316
023.jpg,437.08405,545.3701,-727.37616,466.52484,507.2213,-742.968,480.0395,508.2386,-742.6491,492.07294,509.18768,-742.6954,421.20856,502.98123,-707.3338,410.58905,501.5226,-707.3186,402.17654,500.28143,-707.33234,529.004,515.05304,-650.61224,403.06122,500.3167,-491.06436,461.73004,578.9258,-679.39746,423.24313,577.4067,-634.22266,646.01624,642.93646,-536.25793,351.71298,629.7871,-246.14038,683.90576,866.068,-446.7863,240.9354,842.482,-386.39792,478.7865,816.74475,-359.52786,357.1072,788.7005,-691.75665,440.60632,813.4224,-354.71106,391.28244,777.4673,-735.9312,440.51834,768.366,-331.26996,393.30597,741.1489,-678.9774,450.3551,767.97644,-335.62186,387.4948,744.6876,-670.8379,623.99054,893.6737,-92.67596,485.3736,890.7913,92.02297,642.4447,1095.8774,-537.87366,324.2562,1047.3458,-124.065254,679.015,1175.2698,35.846703,440.768,1108.5018,413.06223,678.5265,1178.9983,95.38267,488.69446,1120.1282,467.55966,709.98364,1288.9742,15.968809,355.25104,1192.2062,465.33255
024.jpg,441.40338,540.63995,-859.5081,471.11496,504.17517,-880.4784,483.4987,505.41876,-880.188,494.1786,506.227,-880.3047,429.70853,500.91327,-839.66254,419.20428,499.83032,-839.7055,410.65878,498.6803,-839.79407,529.0786,509.9682,-794.23663,414.21255,498.6518,-611.2214,464.57092,576.0688,-812.68036,428.67395,572.6367,-760.83777,650.6861,636.1707,-657.2889,362.249,626.19446,-354.1439,686.3383,862.6196,-619.62213,250.71574,837.7818,-527.9702,476.0523,807.53876,-567.2861,364.5693,789.5832,-848.0947,440.2119,800.7311,-580.5574,393.4129,779.95874,-903.40405,441.99588,757.16205,-550.1053,398.84158,742.3482,-845.87274,450.7862,758.3525,-542.4196,392.62778,745.13715,-827.79767,627.9072,882.56506,-93.27521,490.54895,876.8149,92.68163,627.4614,1063.3823,-648.18756,333.73196,1029.0797,-151.28403,687.1159,1178.9667,-36.785767,439.0808,1106.7664,455.53415,687.4636,1183.7323,24.694159,470.94992,1122.7957,515.1501,714.59265,1290.8828,-109.43662,354.93118,1194.3922,460.10098
025.jpg,441.4518,546.5465,-771.1035,470.232,506.7247,-795.3467,484.1835,506.4078,-795.03406,495.7498,505.91092,-795.10034,429.4781,505.43164,-757.61395,419.2486,504.06085,-757.62,410.4502,502.79434,-757.6075,532.1723,508.67758,-719.64813,417.12466,500.38113,-546.3151,467.31464,579.15027,-726.7448,431.5101,579.37946,-677.50055,659.8224,641.3616,-579.3428,365.74185,629.0099,-302.0181,701.64215,870.88196,-526.11914,253.43988,843.45544,-432.67014,487.2678,821.9363,-480.81873,366.98767,792.1394,-728.4037,443.71936,816.3144,-482.30518,404.06396,777.89874,-769.5981,443.41666,770.2522,-438.2865,405.91956,742.34436,-706.11847,452.41345,768.40826,-449.30493,399.7279,744.1981,-703.86163,642.3563,902.86255,-83.40575,490.88608,901.5045,83.0049,657.9577,1079.6761,-499.85486,343.45084,1041.5621,-112.86824,688.89777,1160.847,76.62659,430.84866,1109.6809,421.70078,695.99255,1145.1154,133.93292,476.44193,1123.3225,474.0162,717.24445,1284.1537,34.551006,356.20667,1190.8914,457.1431
026.jpg,448.46225,543.9649,-711.193,475.92056,503.96335,-735.21747,491.82343,503.7845,-735.02997,504.58627,504.14462,-735.1471,437.26804,504.05823,-689.28436,427.8212,503.33105,-689.3413,419.3385,502.54886,-689.45935,538.15204,510.87054,-674.26807,425.33377,502.66016,-467.30472,470.03387,576.6173,-674.17175,439.68707,576.4037,-615.548,667.5927,644.4689,-577.758,380.45203,630.5344,-211.62317,694.7091,872.9893,-469.99994,261.18137,845.27496,-396.90262,475.92276,818.1107,-291.08554,375.1073,794.76917,-763.3513,437.29285,812.34174,-281.0922,406.61337,785.2903,-818.1686,444.71573,765.2721,-255.31091,408.44144,746.6071,-759.4785,449.56262,766.98535,-263.499,402.42694,748.94794,-744.3595,653.25836,913.6876,-116.96439,506.13202,898.5057,116.35693,669.1836,1147.3833,-316.90958,348.82693,1046.9338,-73.43137,709.1844,1166.4508,402.26843,451.36792,1113.2565,508.4116,740.1984,1150.697,479.76868,487.4591,1125.3339,570.6655,719.17865,1274.7041,439.93735,373.60965,1195.004,580.98425
027.jpg,456.49716,547.6864,-609.8173,483.93344,507.36987,-638.19824,498.73492,507.254,-637.9156,510.60757,507.22858,-638.01917,445.61142,505.4089,-590.62305,435.81464,503.90515,-590.5595,426.96625,502.51346,-590.6222,542.90674,511.80392,-594.88116,431.3174,503.0276,-377.70572,477.37515,579.6334,-579.2105,447.21713,576.9146,-517.6256,672.6277,642.07,-498.5833,383.24884,625.99365,-143.15952,701.7151,891.0476,-407.73557,273.56766,837.33435,-318.00946,490.56717,808.6012,-282.25366,379.98172,786.60693,-661.85376,455.88196,802.96423,-272.4755,412.11252,773.9447,-702.0107,459.3439,757.35406,-244.73912,415.6515,739.62024,-649.5796,469.639,758.71265,-254.65526,410.63895,742.712,-643.5976,657.5633,910.07874,-106.31362,517.8405,891.8593,105.62213,664.2054,1087.9684,-590.5729,350.06445,1037.3488,-67.80403,708.0971,1175.0554,-39.995876,462.46725,1107.2598,431.80823,717.76044,1174.9192,18.558144,504.98578,1115.7874,484.34534,729.67035,1287.2815,-67.94312,380.40546,1186.2852,473.88562
028.jpg,461.20352,552.2676,-867.1245,490.10468,512.8923,-893.1898,504.50647,513.8815,-892.92535,516.25903,514.78204,-893.042,451.25162,509.60678,-846.4131,442.11716,507.81326,-846.4278,434.04343,506.35046,-846.5351,551.71576,519.84296,-817.74023,440.8134,507.6875,-610.2805,484.93372,585.4416,-824.1807,452.4601,581.3824,-765.3694,672.3829,644.6716,-709.94324,395.07864,629.4919,-325.53476,689.4817,884.71716,-679.0195,281.75955,837.79553,-540.9695,490.24823,807.2811,-583.85266,390.2043,790.29095,-895.2208,454.65765,798.0588,-595.55096,418.24454,776.49054,-953.4688,460.20135,754.36084,-570.0179,420.69473,743.3382,-894.5437,471.50363,760.28375,-558.98517,415.52594,746.63403,-876.5438,672.2236,902.7439,-117.21446,538.2791,885.61743,116.59722,654.3896,1084.1437,-622.9027,360.28482,1033.7828,-68.537674,711.0924,1178.0851,-17.04201,485.9008,1106.773,465.07388,719.97534,1180.3915,48.579266,532.51953,1120.7327,520.45337,726.2905,1279.2324,-31.608088,396.8062,1183.6204,503.0545
029.jpg,472.33087,546.05963,-631.73083,499.82242,509.60986,-655.7432,514.8731,510.21573,-655.4911,528.10425,511.3869,-655.63,463.04514,505.0859,-609.5356,453.96185,502.62268,-609.5014,445.89542,500.5077,-609.5708,563.0989,519.97797,-608.84705,449.18378,502.82645,-401.36038,493.91235,581.3171,-601.86835,461.1008,576.966,-542.89185,685.4928,647.4819,-539.33997,405.94897,630.2076,-160.98262,695.71857,878.752,-469.10693,290.38278,830.65466,-316.41406,503.30875,821.53625,-346.73145,395.71902,788.3566,-656.85535,463.9096,812.297,-346.45502,427.4117,778.9057,-704.4274,465.7723,768.0645,-327.76355,430.991,744.33,-653.91376,489.86093,793.08466,-324.2774,425.35538,747.0344,-641.4867,677.7154,904.49414,-109.808044,544.9819,891.2595,109.08209,670.9279,1092.9828,-582.6645,375.47717,1033.3264,-111.04767,723.9511,1181.493,-46.679993,489.80713,1109.0023,347.5367,736.57477,1183.6794,10.562668,527.31775,1116.6349,395.34048,741.87585,1290.7649,-66.638245,411.79697,1184.6794,387.28064
030.jpg,481.34433,548.56555,-455.92612,509.7252,510.59338,-482.20157,525.3587,511.43256,-481.89615,538.6263,512.7759,-481.99615,471.4869,504.9859,-433.78574,462.96024,502.39996,-433.65448,455.6037,500.32883,-433.6737,574.1095,522.01135,-456.52292,461.71988,503.0964,-238.66833,503.84637,583.0137,-435.0755,470.42426,578.1971,-373.2187,693.80023,656.5974,-412.39618,415.5422,631.8922,-19.538614,683.96674,890.5786,-297.2077,298.03162,829.1366,-152.97318,492.12506,809.1109,-100.39837,403.72702,788.18616,-441.39798,458.97995,803.78815,-80.91252,436.72946,774.1704,-474.8106,465.46432,759.8949,-56.416214,438.31277,740.8557,-425.1621,473.55365,761.2201,-73.5344,432.1806,744.11743,-424.7878,684.736,902.86945,-116.68832,548.90814,889.7551,115.97093,667.8704,1076.6035,-574.827,379.41562,1028.3721,-76.04353,727.83575,1183.2074,-131.64632,496.93973,1109.6421,298.41553,738.2577,1188.6509,-84.35257,542.32074,1119.7739,336.31314,751.9037,1291.3689,-164.8846,408.08224,1188.2322,318.26428
031.jpg,495.87836,549.0091,-784.997,524.7671,512.6421,-801.9806,539.01,514.2622,-801.71533,551.4989,516.1831,-801.8025,487.6764,505.9499,-761.3493,478.29257,502.9715,-761.3772,470.26117,500.66043,-761.4309,586.3957,526.8532,-719.51196,474.3649,504.52573,-540.5736,518.7352,584.5366,-742.92566,483.0497,578.4354,-692.30444,694.56903,653.2753,-619.9777,426.3573,629.62115,-304.3309,717.8994,850.5657,-583.1596,318.0185,825.62177,-498.94543,556.43616,825.68,-516.5918,412.75864,790.5999,-867.2687,512.6499,826.39355,-527.0792,444.75134,782.11957,-927.4538,511.86148,789.5212,-505.37006,446.03677,747.3407,-885.7924,521.7466,791.3933,-495.5187,440.86188,750.0356,-856.13074,672.21405,900.10004,-104.978134,549.5111,883.3345,104.32775,668.95056,1052.1501,-576.4974,389.78976,1029.6306,-159.75607,729.76495,1167.4333,-98.95846,530.9342,1086.6285,269.89066,741.43036,1174.162,-48.556774,577.0894,1093.4799,314.5198,747.07806,1279.708,-136.9265,505.52396,1182.8291,288.53506
032.jpg,500.54242,548.1283,-534.87823,530.0971,513.2474,-560.8653,545.437,516.0119,-560.5609,559.0954,519.2148,-560.6282,493.0279,505.83606,-517.409,484.1965,503.32605,-517.35114,476.27588,501.38135,-517.31805,594.0508,530.47186,-532.0228,479.02686,505.02417,-339.9391,523.6266,586.81946,-512.0458,487.3347,580.0908,-457.43,700.2341,654.2974,-484.6323,447.82785,634.1803,-112.89704,663.5453,857.5241,-348.04388,326.3097,814.6123,-256.88858,517.7699,810.0846,-104.04282,422.642,782.21533,-549.6773,476.5991,802.69086,-86.08724,450.98,768.40906,-588.8971,481.64914,764.9844,-69.89165,457.53912,739.12866,-546.87445,491.15503,771.10474,-81.65836,453.11246,742.36414,-537.1847,686.8219,910.2471,-120.10559,566.07025,889.21954,119.62854,663.96606,1109.9995,-431.81284,398.71957,1020.63055,-16.459558,740.1722,1171.8606,8.209738,512.55896,1107.1594,274.9569,748.5129,1177.0719,56.940693,560.3675,1130.3724,304.62006,746.59265,1270.4608,14.526771,439.382,1186.5166,282.7479
033.jpg,503.62872,541.2439,-614.18176,532.95337,506.21863,-642.3325,546.64325,507.61572,-642.03766,558.12225,509.2165,-642.11993,495.3394,503.8548,-597.2173,485.89423,502.66376,-597.1472,477.4215,501.47232,-597.13916,592.8894,517.9618,-608.92267,481.6601,503.79456,-408.58414,524.30725,578.7347,-589.3741,492.63086,572.7688,-532.2531,707.0781,653.1587,-550.72687,445.11224,628.96014,-171.6475,694.8483,870.04126,-452.07718,331.44296,831.35046,-308.70914,530.80945,822.9208,-282.38916,426.67197,786.8771,-602.96124,483.44354,803.095,-276.26312,454.2673,773.4421,-647.16156,491.6088,772.66003,-256.82474,454.97278,741.44214,-604.23785,501.26184,779.59784,-259.89743,451.1843,744.362,-590.29114,702.3891,903.3431,-116.177704,571.7203,892.9079,115.61638,684.9628,1080.231,-530.1424,403.49228,1037.5958,-41.94054,744.4007,1176.6248,-54.977806,536.2487,1105.1167,345.3036,759.217,1163.1558,-2.7694771,590.99274,1106.6781,384.94327,756.2138,1282.6698,-62.22853,458.30594,1183.9464,375.64087
034.jpg,506.79517,539.0585,-441.35727,536.48834,504.89496,-468.18164,549.93713,506.28186,-467.89648,561.69183,507.77853,-468.0243,500.25143,502.06708,-419.8041,491.4794,500.78195,-419.70337,483.9326,499.46344,-419.68716,599.0116,516.94977,-452.89288,491.8345,502.70187,-235.00465,528.3414,575.4525,-425.1165,497.31845,569.587,-363.1319,717.3786,647.9386,-422.51273,474.44568,639.1834,-11.826319,708.8132,870.2757,-277.20703,335.08014,831.9603,-127.697075,514.0629,812.6673,-27.019157,425.67712,787.325,-415.1495,488.59415,805.12256,-4.7155657,456.27393,780.91925,-446.0409,491.8229,765.25037,13.258729,458.13214,743.71454,-405.38907,505.9116,785.4766,-2.1620808,452.75723,745.10065,-402.62192,718.5484,911.8983,-129.79349,582.6697,891.6513,129.1205,707.2355,1123.7931,-489.44098,406.3667,1030.136,45.981888,745.8407,1175.3273,-11.7376585,530.0278,1107.5132,380.2191,763.1758,1176.1467,42.869263,580.24365,1120.759,415.8958,763.52563,1286.8629,15.288225,441.19257,1185.6456,433.82404
035.jpg,511.82413,544.5345,-439.50635,541.0587,510.6221,-459.11346,555.38934,512.7175,-458.7806,567.9762,514.77405,-458.8123,504.10922,504.17117,-416.9754,495.45068,501.77158,-416.91034,488.09738,499.62366,-416.8937,600.9746,522.9396,-417.86554,491.90802,502.5546,-228.17513,532.80725,578.1602,-414.24875,500.7771,571.28735,-360.41055,716.1268,653.03076,-374.67838,444.15607,629.32983,-27.164354,735.899,880.63715,-284.10602,333.931,833.11615,-109.074684,550.18427,823.8629,-153.41475,423.04556,788.2969,-353.15018,491.83636,811.5935,-146.665,454.93222,779.6935,-380.71866,499.92676,780.1152,-124.44271,454.93414,744.641,-335.11337,512.9408,782.3527,-131.22296,448.96744,745.7452,-336.65533,716.9653,907.63,-109.18071,579.58813,897.486,108.69467,695.36346,1089.5453,-520.0581,408.77747,1032.4038,1.24756,744.5539,1180.0077,-71.567726,541.1336,1111.4429,337.05154,746.9905,1181.9884,-23.464808,595.2032,1122.8053,369.89752,766.94916,1288.4292,-95.35716,463.9313,1191.3593,347.33136
036.jpg,521.83124,542.4369,-550.9076,552.5031,507.84003,-573.1195,565.44714,509.21912,-572.7816,578.3975,510.49634,-572.83997,512.06586,502.916,-531.0266,500.91986,501.21545,-530.89996,491.9445,499.55325,-530.82666,615.87317,516.7219,-527.4893,494.42,499.44214,-338.37454,544.67194,576.9793,-522.416,507.54166,572.8912,-468.64346,719.1125,652.3794,-474.1752,454.98996,626.0725,-100.954285,738.414,870.64856,-346.891,339.01,832.78564,-231.02377,533.7941,810.33826,-143.86218,426.0316,788.24603,-522.25195,503.65616,801.39355,-123.295944,455.04138,779.88513,-558.9571,509.4169,763.11,-102.9243,455.9102,741.34534,-515.3072,520.8123,770.34064,-119.199135,449.59436,742.76056,-508.49374,729.29626,912.87396,-123.61601,593.1444,901.09015,123.005646,685.6537,1091.659,-548.5256,412.79965,1021.03455,4.8347526,749.34143,1157.6163,14.593329,527.8579,1110.4863,410.1741,761.3787,1156.8932,78.22128,576.09924,1128.3522,452.70288,761.645,1275.3234,47.017643,435.21524,1196.1705,454.09128
037.jpg,523.199,537.7138,-495.9674,553.5255,504.76993,-517.1705,567.2656,505.77875,-516.82697,580.94214,506.5995,-516.84436,510.3938,500.79688,-474.14224,499.312,499.26852,-474.02344,490.9019,497.7968,-473.93964,619.06976,513.128,-476.98575,495.20956,501.0005,-283.4445,546.8114,574.50757,-470.71024,507.73975,571.56085,-415.53256,719.4217,654.0674,-435.78897,462.99866,629.3985,-64.22622,742.4549,873.0043,-337.50464,341.90594,832.60504,-191.17204,553.2085,830.44946,-164.34871,432.1286,791.09485,-459.13693,499.1929,810.1643,-153.50755,456.79773,783.2033,-495.12524,502.09924,778.0954,-129.7551,458.34167,742.4669,-450.31937,514.0116,784.9475,-140.63777,454.6031,746.4509,-444.61343,736.4027,915.1416,-123.9509,600.58215,904.79767,123.509705,675.5123,1078.4951,-577.49384,417.25555,1022.27106,5.9299307,755.5119,1172.3882,-53.589634,539.26166,1109.4873,365.59094,768.5383,1183.9615,4.718424,592.11475,1123.9338,402.12823,746.25757,1289.7979,-45.001717,445.3278,1186.919,380.49557
038.jpg,521.9856,539.5179,-658.3675,550.5102,504.64343,-686.5364,563.0728,504.18445,-686.24976,574.80066,503.89847,-686.3342,510.38474,504.69772,-641.72235,499.403,503.86035,-641.6477,491.06955,502.89127,-641.6045,613.8179,507.19293,-638.52136,496.94803,504.06458,-438.4873,544.0873,573.91296,-626.1635,508.24716,573.4869,-568.9511,718.1342,648.29156,-575.7836,472.7515,640.0516,-173.56618,736.22614,866.7388,-477.48724,343.58752,830.9827,-345.5153,553.94495,837.7345,-296.31857,433.334,788.0566,-698.49756,502.31815,819.96906,-286.4714,461.15518,779.1544,-748.28375,503.0905,793.28546,-267.1575,461.61838,742.0902,-703.5001,515.8913,797.6696,-271.9895,456.76477,744.90906,-686.0871,734.6253,916.99445,-135.06796,606.0517,897.8895,134.52815,670.7467,1106.9268,-542.788,415.14062,1029.5361,12.2590885,756.4033,1167.4767,18.863682,539.14856,1109.655,427.66962,769.1983,1166.3136,83.29595,584.703,1130.9309,472.97095,739.2387,1264.9852,61.371834,448.00433,1189.9937,492.25925
039.jpg,524.4256,532.99054,-639.96155,553.97107,500.9508,-664.5568,567.15784,500.734,-664.2282,581.2186,500.20544,-664.2898,510.77094,499.74518,-621.04425,498.50894,499.023,-620.9286,489.54022,498.17206,-620.8588,619.7614,507.14035,-618.1015,491.5616,503.4923,-423.92603,546.1877,572.3013,-610.39825,507.1401,570.0495,-554.91046,721.37134,646.99115,-560.3834,473.05753,624.66144,-167.70317,732.0048,865.3361,-441.80408,343.62137,828.3439,-320.3703,553.1859,815.63873,-235.97368,434.12268,790.3976,-642.4209,499.24374,805.52527,-220.65694,459.0313,783.0067,-689.9751,505.39847,762.203,-201.65685,459.53998,744.7727,-647.271,517.277,770.5952,-211.7689,455.19135,747.4171,-630.88885,742.0806,910.9241,-128.74083,608.67224,895.6329,128.16171,682.88214,1092.4766,-548.0516,419.10852,1020.28094,15.84544,756.7477,1169.563,19.024862,541.51196,1108.6803,436.86673,770.3515,1171.8059,83.00913,586.9887,1130.571,481.12466,753.388,1273.1443,48.617626,454.59183,1190.886,484.74387
040.jpg,525.6931,537.47394,-589.52527,555.214,503.15186,-616.70074,568.4662,503.56647,-616.3916,582.3133,503.98923,-616.4502,511.90598,501.17065,-569.8963,500.31314,500.39304,-569.7591,491.92224,499.72995,-569.6636,622.51044,510.19934,-573.5568,496.77905,502.38705,-365.16306,550.41504,573.96436,-560.7013,510.49097,573.0172,-501.02084,729.3097,650.5403,-537.5484,483.48502,645.76013,-99.90374,738.1833,879.6703,-432.8594,348.43555,835.6018,-247.42659,521.8716,811.7081,-231.47621,430.97556,785.797,-567.111,489.86972,798.348,-218.77138,453.3119,773.2063,-612.8768,495.85922,760.6404,-196.85574,457.01553,734.9541,-566.7402,502.78622,765.14294,-206.57475,453.66373,739.05115,-554.3792,746.312,923.32806,-143.52869,613.2007,906.89954,143.11021,660.0167,1094.7065,-598.1442,418.74146,1025.8842,-2.2120461,757.70465,1165.7499,-58.768604,556.2245,1100.5876,352.2762,773.57196,1166.5537,4.452195,612.8391,1132.5929,391.36908,753.9078,1277.1765,-14.465466,462.45325,1185.272,394.97595
041.jpg,524.94135,537.4101,-696.23126,555.11334,503.30017,-725.2573,568.01074,504.53717,-724.98755,580.24615,505.47845,-725.1066,514.3049,498.99158,-676.208,503.53122,497.5118,-676.13367,495.1759,496.2038,-676.08325,618.909,510.8487,-681.5079,501.45975,498.35547,-464.50748,547.4553,573.57294,-667.01196,512.8682,571.70184,-604.81946,727.02844,657.098,-635.65155,481.0069,624.9654,-180.05476,733.27106,881.0139,-546.4776,346.2571,827.78204,-354.75143,519.7209,805.2426,-351.0251,435.8315,790.34845,-725.6855,489.99728,786.4448,-346.70532,450.72113,776.24585,-777.2466,498.54044,749.9786,-326.23138,456.12366,739.29266,-732.75793,509.65433,755.4411,-326.3982,454.8943,744.16364,-714.57825,748.50104,921.002,-146.39552,615.3516,899.59467,145.83942,674.9233,1121.283,-559.6885,423.48657,1031.6136,37.386703,762.8136,1173.0356,31.330017,549.61707,1115.8956,480.31076,783.5146,1173.9646,100.55489,598.4708,1139.4762,530.02594,765.8529,1287.9772,96.09228,464.63324,1199.4446,564.9643
042.jpg,524.24255,529.9104,-669.243,555.5799,499.39578,-695.7429,568.20557,500.63074,-695.4589,579.6157,501.88007,-695.6056,516.6841,495.71445,-646.8803,506.7256,494.0578,-646.84265,498.96844,492.26846,-646.86633,615.8485,509.55466,-652.36646,506.98114,495.58252,-433.9374,545.95325,569.3101,-641.2662,511.2528,564.55615,-579.0122,732.37714,650.327,-605.0368,488.4465,643.6317,-164.76959,751.774,877.3815,-515.73175,348.18002,831.76044,-333.18427,562.3523,824.5172,-332.23337,437.17612,785.7328,-696.123,506.78558,809.82275,-326.00037,462.21674,775.74744,-745.0131,511.33838,771.5695,-306.36417,463.70068,740.06525,-700.32,526.6595,777.8828,-307.42188,458.6392,742.5292,-683.4193,750.6806,917.22046,-143.53032,616.12274,901.86774,142.79758,688.46564,1105.1091,-611.04407,425.79797,1027.2465,24.217152,763.2129,1170.5619,-28.455679,551.1462,1114.2749,441.17624,781.9838,1170.9259,38.527794,592.7789,1128.8386,487.28217,760.314,1279.377,4.3979096,451.3395,1190.9697,500.9907
043.jpg,522.70483,527.20917,-614.0022,553.1089,495.5692,-639.03564,566.9888,496.74258,-638.7688,578.627,498.15833,-638.906,514.62494,492.14584,-591.76294,504.98676,490.2127,-591.683,497.35132,488.23666,-591.66626,615.87195,505.6097,-599.7505,503.20462,490.7001,-388.29257,542.96796,565.1015,-588.235,510.53693,560.5804,-527.85297,739.0014,652.1099,-559.85443,486.49817,643.9936,-133.86633,742.154,880.3706,-464.42096,354.1971,829.5334,-275.24307,533.7015,808.7234,-288.5705,433.3501,786.4908,-609.34546,500.62875,801.8334,-282.14667,458.49603,784.3531,-657.4077,506.31064,753.7628,-262.44873,459.77063,745.6731,-614.8635,516.2447,780.7926,-264.6604,457.82773,747.86395,-598.1229,748.55865,920.21375,-136.84242,611.3175,899.21985,136.18062,688.65,1098.581,-573.2017,426.26422,1028.3496,-7.2043877,764.858,1163.7874,-23.469168,548.9995,1108.7921,382.47882,777.8736,1165.0184,39.991528,591.7029,1130.408,425.84128,765.92664,1277.3121,6.7067914,459.45374,1187.7211,437.07144
044.jpg,517.814,525.46686,-672.5608,548.8754,493.31348,-699.62537,562.6454,494.09763,-699.38336,574.3683,495.15814,-699.54016,510.4942,490.8863,-648.7713,501.0541,489.2578,-648.7548,493.39413,487.53845,-648.78394,613.2787,502.8435,-656.1011,501.7543,489.73492,-427.79935,538.0028,565.663,-644.5127,508.03467,561.6329,-579.231,738.35443,647.87695,-610.4812,488.94247,640.64105,-157.22713,755.9923,887.8832,-557.3329,346.69516,835.60486,-304.6319,535.8768,807.26404,-431.59097,431.92236,787.83417,-656.3713,498.09534,793.2682,-438.30515,454.80386,776.3336,-706.80054,504.96536,751.7755,-418.581,456.26642,738.20233,-661.11005,517.03467,754.41235,-409.1339,452.07147,741.23254,-643.31934,756.29004,924.0056,-145.78616,615.42145,906.6272,145.22408,686.5426,1108.3505,-643.44727,425.9941,1022.533,-7.0036063,767.73334,1169.0781,-29.528456,560.69183,1109.14,410.50418,792.09393,1157.2092,41.821953,612.24976,1134.9858,457.3055,747.77606,1281.0166,18.942574,469.49384,1201.8206,470.20267
045.jpg,520.07355,525.6861,-606.76794,550.2136,494.41144,-633.4233,563.25415,495.57495,-633.1605,574.6233,496.85257,-633.31793,512.6968,490.80896,-583.36707,503.1229,489.11105,-583.2814,495.21545,487.30475,-583.26764,614.6233,504.52765,-595.35187,506.4008,490.55786,-372.391,541.2208,564.03094,-581.2129,510.5137,560.20654,-517.4071,729.5881,649.8316,-564.69666,485.4452,620.78436,-106.871574,726.3957,873.4089,-488.86374,344.74814,823.7983,-283.87332,533.8644,801.026,-311.0792,424.37628,787.28955,-654.027,502.8059,796.22,-307.60794,453.66074,776.906,-702.1403,504.66095,754.27673,-290.20312,452.74805,738.8301,-659.20184,510.60504,755.1672,-288.34,451.56436,741.58765,-643.111,748.3933,921.6143,-148.51941,618.46423,907.3254,147.92352,671.0541,1109.8224,-615.1185,425.6555,1035.0908,-31.651407,769.26355,1178.3206,-60.796677,561.4583,1109.7035,381.37933,792.99677,1189.9598,4.914025,610.26685,1136.4093,428.72357,751.72656,1285.5662,-9.428825,473.04233,1200.1285,453.94833
046.jpg,514.85345,525.83154,-550.8785,544.9156,492.76492,-577.0214,558.74994,494.01495,-576.73645,570.7603,495.68332,-576.8478,507.67993,489.4836,-527.5786,498.4634,487.6506,-527.46625,490.9722,485.55554,-527.4092,609.31354,504.327,-547.2216,501.63864,488.38943,-323.58316,535.5395,564.8584,-529.23724,505.8068,559.5031,-465.1573,730.3001,650.3643,-512.09436,474.95325,623.09375,-85.96989,747.2558,869.4916,-423.2449,353.4373,826.98303,-234.39476,543.01,807.78125,-240.79814,431.90207,785.1676,-563.8239,504.36862,808.7987,-231.5683,455.89963,782.9813,-610.3394,506.43546,761.8876,-213.56094,457.55606,740.57556,-570.00275,519.07697,764.7588,-217.91106,455.3427,742.516,-553.3951,750.0283,920.3048,-136.28001,611.71454,907.9006,135.70695,669.55023,1083.6438,-625.71326,421.80026,1022.6667,-2.8643816,763.3562,1175.585,-62.253414,546.773,1112.1624,381.09625,781.52496,1177.7622,2.4588575,589.6648,1139.7556,422.8727,761.5499,1290.3124,-38.43278,456.22302,1192.7565,414.19608
047.jpg,513.58276,523.6262,-609.12225,544.0523,488.65436,-643.3821,558.6169,489.91333,-643.1189,571.27435,491.4401,-643.292,506.9074,485.1804,-587.3301,498.0801,483.40805,-587.2468,490.8014,481.6987,-587.2206,610.8858,500.66666,-633.1357,504.39474,484.64246,-380.73654,534.967,562.64166,-593.4619,504.9779,557.55896,-521.0141,733.1728,650.3162,-601.28217,495.58252,637.00134,-122.360504,729.35565,877.8967,-510.66452,349.7566,819.7043,-278.74777,531.5679,807.1916,-311.28152,422.13712,785.8989,-633.46844,492.93356,800.039,-311.03824,440.3398,785.79663,-685.03125,499.27466,759.1026,-295.68286,450.55505,744.49756,-650.413,510.74948,762.51685,-289.47162,447.56653,744.5853,-626.6917,757.1552,922.04224,-147.65825,620.347,904.61725,147.06505,673.87244,1095.9733,-625.91394,429.43207,1032.5359,8.93895,765.7874,1179.6923,-44.96712,544.58813,1115.124,449.1131,792.03064,1188.9928,23.117805,589.45325,1149.6288,498.66754,747.19904,1293.0138,-4.7752466,456.17874,1200.9741,514.86926
048.jpg,519.60364,522.0837,-723.9428,550.2476,489.10144,-748.89105,563.11334,489.67838,-748.6178,574.6539,490.24448,-748.7473,512.8936,486.38226,-699.2314,502.94092,484.97656,-699.217,494.6634,483.373,-699.22705,615.4327,496.42114,-695.2932,506.54077,486.38922,-474.06152,540.49243,560.65796,-692.15533,509.9883,558.388,-628.8088,736.2175,651.1335,-647.6127,484.58044,619.03595,-197.39441,753.98517,878.5189,-592.4497,344.90656,824.4948,-371.0413,547.5677,810.2033,-471.8285,428.31476,787.234,-767.65845,507.35,805.7325,-483.38763,455.3021,780.45465,-827.47644,510.3487,764.0436,-468.03424,453.28207,744.31104,-786.4041,515.92975,764.4829,-451.41135,449.50488,745.6178,-758.0341,758.758,921.5189,-150.02875,619.218,901.9724,149.45863,670.3799,1109.4985,-650.6489,423.23456,1034.3942,-27.287243,769.6978,1184.6738,-68.78435,558.1252,1117.8628,391.30533,795.0403,1192.1273,-1.0764735,606.6782,1147.1608,438.2892,767.74115,1303.5305,-24.46298,475.01144,1210.5718,452.26205
049.jpg,518.54205,523.2302,-647.93353,548.87744,489.8957,-676.4286,562.5004,491.23248,-676.17914,574.1669,492.62735,-676.30206,510.5902,485.99933,-625.45624,501.45465,484.18298,-625.4001,494.133,482.31616,-625.37067,613.83966,498.52994,-643.68066,506.2694,483.87292,-414.46265,540.69446,562.66376,-623.9164,509.47232,558.0227,-558.0251,737.24384,647.411,-602.89307,483.7856,618.17035,-152.04507,751.1698,874.6305,-531.76685,355.87814,825.0438,-300.71603,544.953,811.35345,-374.88248,428.47015,786.7932,-648.56476,505.7549,811.52356,-377.2442,450.72787,782.2315,-700.8374,510.6335,770.0616,-361.6973,454.21542,744.5077,-659.5461,515.8199,768.1923,-353.81076,453.84027,744.34454,-638.38153,759.74884,920.95935,-144.80562,619.382,902.1341,144.33072,681.4789,1104.4045,-614.92505,425.69882,1024.708,26.655405,768.2029,1177.8301,-29.322206,557.55804,1121.3479,422.96738,790.91876,1177.5723,38.086605,600.9159,1144.9102,466.2162,743.335,1276.7338,8.562476,462.5238,1200.3973,472.14822
050.jpg,525.51697,526.30176,-703.77765,553.57904,489.14087,-730.5162,567.0953,488.90854,-730.21326,578.8066,489.0603,-730.2826,514.648,487.91656,-680.35706,504.7292,486.49176,-680.29266,496.81003,485.0338,-680.2463,619.6182,493.10245,-678.1956,507.66162,486.1484,-452.85068,551.24677,562.80383,-671.4863,516.5083,560.9189,-606.6662,742.8343,642.2745,-627.40204,488.31613,619.6299,-187.86945,753.82294,877.9989,-562.83746,348.77557,825.6728,-367.43524,564.7523,843.4115,-429.60568,424.08917,782.7518,-756.31824,503.36783,816.72784,-434.11325,447.51053,774.307,-818.44775,510.89777,795.5128,-420.1256,451.92297,736.7109,-773.7648,524.3871,799.9925,-409.4596,452.32956,736.2238,-745.9726,765.3852,927.3857,-144.52211,626.83887,920.46674,144.168,667.0541,1110.064,-664.5503,426.74225,1030.1493,6.9953094,776.27423,1187.0265,-66.412704,589.2909,1134.6993,406.88937,803.4072,1193.5044,1.9926231,646.8716,1148.5837,450.38498,767.6195,1302.8726,-27.02176,527.30334,1220.981,450.67526
051.jpg,526.2692,528.4692,-766.49097,555.6159,492.54834,-797.59515,569.78345,493.96533,-797.2945,583.23364,495.72568,-797.3646,519.50684,487.021,-743.3699,510.3089,484.57632,-743.3457,502.465,482.30197,-743.30634,627.64044,505.59958,-754.34894,516.36914,486.26828,-512.19867,548.3131,564.24695,-736.71356,517.9152,560.5952,-667.0862,744.8643,649.108,-698.1276,495.44138,613.36865,-218.71169,753.05225,881.836,-619.0217,395.6834,849.50745,-381.41187,541.1563,808.0941,-456.25,433.33347,787.60657,-779.912,503.322,802.28204,-460.9174,450.16757,784.04944,-843.8984,506.88672,757.1187,-444.8227,457.691,743.5809,-802.1675,518.5248,757.61536,-433.9619,454.96222,744.1387,-771.383,775.09174,926.1262,-150.10732,634.5522,910.0704,149.6715,682.60443,1114.7654,-642.5985,435.58163,1027.9502,3.8041785,777.9105,1188.5605,9.229682,570.10516,1113.0076,475.18137,800.75256,1184.8634,82.754944,626.17816,1151.6367,526.2009,780.2972,1308.7959,55.179497,472.33572,1200.5391,536.1978
052.jpg,526.5853,525.9663,-730.51,555.9779,489.77795,-759.9454,571.1972,490.83658,-759.6994,585.3229,492.36053,-759.8228,520.214,486.2495,-704.77203,511.99118,484.33475,-704.75006,505.10254,482.5083,-704.7477,628.6883,502.141,-718.3744,520.29846,486.74677,-471.00012,549.7833,565.0575,-702.3928,520.1651,561.1535,-631.1439,752.4091,652.40753,-674.4747,507.34595,644.73865,-185.99556,773.77814,890.73474,-623.36755,360.64517,835.24054,-354.6277,552.09894,813.9535,-495.47842,430.65585,794.36975,-760.71826,509.33768,802.9671,-508.13412,453.97665,788.38983,-825.95447,512.34766,760.3057,-496.39417,454.34067,747.9372,-786.435,524.72406,764.7749,-476.19296,454.63187,748.6702,-753.11145,779.72485,932.98096,-154.9814,636.4266,921.19946,154.61328,688.5237,1121.2045,-679.56104,432.3411,1031.5455,7.943201,782.4125,1199.8136,-16.128891,571.1514,1119.8483,455.55978,805.9214,1199.8813,59.01552,632.3803,1158.0222,504.41364,777.71686,1315.0645,25.499825,478.77655,1205.0294,504.02917
053.jpg,532.877,532.8534,-773.8364,563.10266,495.60632,-797.02216,578.09155,496.93967,-796.72894,592.68445,498.4973,-796.7613,526.4725,490.43976,-746.69,517.27563,488.03546,-746.6922,509.52652,485.76587,-746.6726,636.92584,506.2317,-727.49725,522.1437,490.51733,-504.88104,555.5946,568.4568,-735.79944,524.0352,563.84845,-671.71924,754.9927,654.2837,-679.4313,504.14468,644.81647,-217.44197,776.8608,896.68945,-638.8654,354.78204,828.47675,-398.4103,553.19653,816.0413,-556.22974,430.25787,787.4967,-825.8721,515.90466,811.7575,-575.46045,453.87988,779.3364,-898.78424,518.7021,766.9259,-565.2102,455.81244,740.92523,-855.19745,529.5899,769.62524,-538.91223,455.85883,742.9042,-816.8092,781.7028,938.45685,-150.42032,638.1248,925.9813,150.05566,681.425,1122.1704,-698.50696,435.0478,1033.5283,-44.143272,785.483,1199.2548,-24.552422,584.58655,1115.6333,422.10135,811.09424,1205.0343,51.396133,645.4155,1150.4387,472.91885,775.398,1324.1105,25.31714,506.08835,1213.169,477.79776
054.jpg,529.5053,524.1741,-759.7417,560.1297,489.17163,-788.46045,574.6274,489.48605,-788.216,587.1686,490.38367,-788.301,523.7103,487.00168,-733.26166,515.48267,485.34256,-733.2623,508.61932,483.8404,-733.27423,626.1509,500.50415,-744.1267,524.7099,487.79147,-496.98904,552.632,563.1743,-730.7903,522.5519,558.2775,-659.5825,754.8153,652.2689,-696.31757,504.81763,622.7851,-215.44664,767.0516,891.17993,-636.2782,356.537,827.9214,-404.89508,556.27966,825.5357,-507.9227,434.05933,790.9305,-832.5639,513.462,820.6667,-523.5922,454.52945,783.07104,-905.5029,514.9899,779.61066,-514.5979,460.07733,744.15845,-862.813,527.4862,778.9402,-489.7405,461.97882,746.14343,-824.56824,779.83624,940.8654,-154.47484,639.02747,928.1556,154.10175,684.6716,1127.6307,-658.89417,435.5794,1037.6886,41.31235,790.65894,1212.6426,16.188192,573.9718,1125.4384,518.0291,815.9049,1212.3842,91.74738,632.2231,1164.94,569.86444,778.34326,1329.7373,52.02189,490.0094,1215.1606,575.6992
055.jpg,535.0113,530.12775,-785.8739,564.10846,493.9476,-816.0014,578.4848,493.79138,-815.7181,591.5325,494.2159,-815.77295,527.8151,493.11963,-762.2269,518.664,491.74268,-762.217,510.8711,490.23456,-762.13666,634.3427,502.68976,-766.50714,526.11774,493.42804,-525.75745,560.64435,565.2946,-753.0151,527.81696,563.9872,-683.29333,763.0871,656.35803,-701.6819,508.34424,623.7324,-240.88809,765.13055,899.38965,-641.7661,360.15762,831.5892,-405.98172,551.93036,820.72314,-529.60345,423.45096,794.5116,-812.27094,511.81183,815.7797,-546.2756,439.60825,794.5485,-884.94244,512.5272,773.05334,-537.64087,453.60825,750.5596,-844.878,528.11017,774.60504,-513.0982,455.22537,749.3375,-805.5724,788.5105,946.57355,-140.8974,645.1647,937.06824,140.76714,697.4435,1128.4539,-666.3163,441.54263,1038.5902,-2.2332697,794.35535,1204.7712,27.63747,577.2431,1120.2078,508.90082,819.1035,1205.9153,105.35717,629.96545,1159.4767,563.91754,780.4215,1326.1421,82.00217,476.75723,1203.0103,573.6231
056.jpg,534.81824,533.9999,-881.2921,564.10986,498.07193,-910.13513,579.6348,499.49466,-909.85046,594.9556,501.6186,-909.91864,529.3425,492.363,-855.62683,520.8764,489.55994,-855.7393,513.4764,487.0024,-855.74475,639.197,512.068,-848.4687,528.8703,492.4839,-609.0747,557.9112,572.1206,-844.23627,526.16003,565.4739,-775.40955,758.5374,662.7929,-783.51984,512.3104,616.32855,-298.173,756.37744,910.16907,-719.294,402.24332,844.45825,-484.03705,555.8536,825.02515,-605.26776,420.38647,799.6807,-980.00415,515.5413,817.6371,-626.09985,437.53174,800.42474,-1056.6725,516.1608,773.79114,-621.4313,451.72592,761.90247,-1019.83813,528.9926,774.80566,-589.3768,448.59927,761.03186,-975.05585,789.73004,944.7642,-159.23276,645.3676,924.5587,158.83134,686.222,1146.6372,-624.574,446.18112,1051.8999,-57.260426,798.4335,1200.753,30.839256,609.82965,1109.7145,446.4208,823.9423,1196.7872,105.906876,675.3225,1140.4175,504.5709,774.8351,1320.0026,113.789734,589.7531,1232.0104,555.28705
057.jpg,540.0014,542.6509,-807.6036,569.9159,506.4231,-838.07855,585.41797,507.97314,-837.7891,600.09076,509.7188,-837.87585,533.18964,500.9364,-784.75305,524.32745,498.63293,-784.7918,516.7527,496.52875,-784.773,646.81555,518.27673,-781.76025,531.55963,499.43744,-547.7072,564.5142,579.9621,-772.5596,531.77167,576.18555,-705.2484,759.3886,671.10846,-725.9644,515.04016,628.00256,-243.3992,761.04486,911.2864,-662.4349,407.12015,859.00397,-436.4097,551.5523,826.03235,-551.31976,420.56967,802.99493,-904.69495,511.2427,817.0014,-567.85834,431.84158,806.34106,-976.21106,512.258,777.33716,-559.3187,447.70917,765.70325,-936.8929,526.41327,779.6362,-534.1179,448.57565,765.64386,-898.4099,793.65784,955.3758,-154.02617,654.9712,939.2945,153.54834,692.11676,1158.8885,-620.3478,445.87714,1060.1866,-18.074903,804.5457,1233.4962,18.966877,585.3779,1131.1897,528.82495,837.0728,1230.6188,92.65883,643.2377,1158.0056,590.602,785.9717,1357.4354,90.05052,497.26398,1214.8306,646.4786
058.jpg,543.00946,541.6839,-822.076,571.1337,504.4387,-853.6063,585.50586,504.92224,-853.30096,599.31244,505.82944,-853.357,536.4221,501.2025,-797.40686,527.7168,499.02856,-797.43207,520.1735,496.8306,-797.38007,643.9348,511.92776,-802.05554,536.48083,497.74612,-551.4401,568.0756,577.7786,-788.2493,535.7356,575.7052,-715.93353,766.67645,671.0711,-734.4192,512.3301,625.4769,-253.93149,769.6333,916.0043,-674.94037,375.10074,835.9689,-414.62604,559.3496,835.5715,-568.6372,426.4253,807.9821,-847.40845,516.81525,825.48425,-587.67346,438.22403,810.8811,-922.5581,517.9213,781.1666,-576.85596,452.0413,768.6342,-887.12787,532.8278,785.70795,-550.83563,453.81927,766.9132,-842.3876,798.41724,957.083,-146.82527,650.5266,939.897,146.57394,699.23755,1143.8298,-718.0296,447.799,1041.9738,-43.02467,799.9452,1224.9745,-1.4336691,580.2317,1133.2095,484.96945,823.9133,1224.8097,78.45562,632.2068,1143.8339,541.40533,787.26404,1345.2947,45.70346,487.3421,1215.2444,539.30005
059.jpg,544.5676,542.13367,-824.2528,574.7851,505.93976,-853.92505,589.4839,507.9693,-853.5988,603.13916,510.23895,-853.6564,538.5542,500.20117,-800.41113,529.741,497.78754,-800.4347,522.39703,495.60837,-800.4373,645.8003,518.79663,-792.8691,540.0206,498.91342,-556.9826,569.8739,581.956,-787.4249,537.51685,576.7644,-719.5579,770.5978,674.66724,-727.6854,513.51074,626.8055,-266.11285,764.0005,923.1681,-702.1631,402.20294,865.3509,-453.96384,560.36597,827.8816,-644.5184,434.41293,806.6517,-887.73444,519.53784,817.38165,-671.0734,452.09616,805.4106,-960.0337,521.22986,774.02673,-659.1033,457.87286,768.333,-918.1664,534.0241,778.7268,-628.23,460.21255,769.3476,-879.5114,803.46796,957.94073,-144.64783,657.5038,943.192,144.28296,703.3904,1139.2177,-720.7856,449.05673,1063.9282,-52.354103,802.53644,1231.8032,-25.361128,602.2785,1134.0406,475.78732,828.3973,1230.4586,53.93625,655.5385,1133.1205,535.02344,793.7557,1361.424,34.647903,565.0636,1250.3451,561.17804
060.jpg,543.9459,547.0637,-884.4622,573.4613,511.6819,-909.88776,588.2583,513.84534,-909.53955,602.04846,516.29974,-909.56824,537.41473,505.96396,-859.8147,528.0879,503.88696,-859.88727,520.4448,501.98215,-859.87494,648.22766,525.4264,-831.3436,535.0512,506.25497,-612.44226,568.8101,585.3714,-840.9508,535.0207,581.4574,-778.0385,765.57904,679.7806,-759.67957,511.1638,633.8025,-309.95285,767.5642,917.7505,-700.7793,398.2729,863.8207,-500.6753,564.08484,837.1344,-606.96594,437.63184,808.54376,-950.354,524.4323,834.31104,-627.1293,455.23618,810.57446,-1026.6279,524.5287,791.16907,-619.6099,461.53778,772.86884,-982.1236,539.749,795.0817,-590.6603,461.7264,771.52563,-940.85895,800.4738,958.68286,-145.47156,654.40857,941.75354,144.99217,707.13715,1162.7267,-669.7753,446.7396,1060.5294,-89.15439,800.8857,1238.7444,46.990376,589.519,1132.4629,477.961,827.9519,1234.026,128.10765,645.1886,1157.8977,541.38043,792.87384,1370.3037,121.64074,507.7533,1209.7601,583.5345
061.jpg,533.2533,553.22766,-933.38965,562.31464,515.315,-967.11127,576.8472,516.54205,-966.8403,591.1169,518.3155,-966.9624,529.6217,511.21176,-908.012,521.94836,508.8928,-908.1248,515.35046,506.52832,-908.15405,637.36584,527.68866,-907.93274,538.40607,511.28705,-647.47766,558.4975,590.3301,-895.45215,528.9875,586.40845,-820.4249,759.1324,682.9026,-837.0,518.93164,634.3791,-322.90454,761.2856,926.3301,-801.7296,373.98892,844.9129,-563.47253,547.5271,841.07587,-696.14905,429.48257,811.0514,-1087.7451,511.2937,838.1875,-723.13403,446.1442,806.20135,-1170.7622,510.8031,795.4153,-713.15186,452.6236,766.3958,-1123.177,526.16956,798.6281,-678.0347,456.42007,767.7136,-1078.6818,796.7793,968.6686,-161.30333,654.0899,950.93384,160.98311,693.27264,1171.7456,-753.2601,443.66553,1069.1162,-60.099354,795.94507,1232.2631,17.046782,578.76355,1139.1116,566.5641,824.6504,1228.38,105.76684,628.55444,1141.5737,638.56744,779.35547,1363.6843,113.97658,500.5826,1209.7334,700.6244
062.jpg,529.0747,550.49146,-832.9936,560.5672,517.147,-863.35223,575.0016,519.65735,-863.0642,589.26135,522.559,-863.1812,527.9636,510.69513,-806.72095,520.1486,508.30942,-806.79504,513.1642,506.2599,-806.82,633.9929,535.50415,-812.0102,537.4944,511.08783,-564.07153,552.6128,590.7495,-800.6495,522.3298,584.7211,-729.4068,757.94025,686.60864,-773.7831,507.09818,642.3344,-261.7752,756.64124,936.5858,-703.8132,393.5045,873.3505,-501.7273,553.65027,856.0467,-545.7054,423.6714,809.0774,-1022.9046,518.5983,851.5164,-564.8569,449.49203,810.63354,-1103.5431,517.6319,822.59,-566.1673,454.58517,770.02844,-1058.8262,533.35834,827.43506,-531.165,452.8072,770.7108,-1014.8231,792.60443,974.45044,-169.4778,655.8113,957.42004,168.9386,674.4704,1181.5991,-658.3604,430.8271,1071.4202,-41.123955,798.15076,1263.1246,31.378237,621.52997,1151.2825,452.99863,826.9529,1259.6168,113.45832,675.35767,1159.7195,512.9812,775.948,1378.9154,141.35532,590.9496,1248.2583,577.0369
063.jpg,530.1804,553.37585,-858.80634,560.4986,518.06744,-885.7118,574.97144,519.9318,-885.388,588.6637,522.21716,-885.471,526.72473,512.99426,-831.0574,518.2373,510.71268,-831.1553,511.02783,508.51025,-831.166,633.3347,531.32043,-813.97375,529.7536,513.5946,-576.36035,554.02026,593.0686,-818.75757,523.36395,588.63306,-750.5888,748.2932,688.6138,-766.81354,509.5411,643.37805,-262.97546,743.46844,935.66736,-681.6076,367.9796,843.4212,-501.69293,540.8095,848.046,-514.3751,417.63977,808.96716,-1035.4375,502.8325,842.6667,-523.1405,436.95718,815.5757,-1115.4401,499.88287,797.90656,-521.6584,444.2315,776.53125,-1068.716,511.99973,802.2803,-497.2926,446.5385,773.547,-1027.2666,795.4616,971.06976,-159.52217,653.31024,958.5146,158.89711,700.12665,1180.0717,-690.49994,439.22998,1077.2354,-117.85717,795.9778,1264.0573,17.172592,619.10614,1155.6439,429.17105,823.80164,1260.9402,100.37173,669.47546,1158.6399,494.52826,785.54364,1381.5187,123.30775,596.8308,1254.9795,566.65686
064.jpg,530.83405,557.5338,-871.1466,559.76495,520.69147,-898.9973,574.0101,522.23553,-898.704,587.7235,524.4897,-898.8131,526.7788,517.4852,-842.85944,518.6619,515.96844,-842.9797,511.63214,514.41003,-843.0259,631.7238,535.0823,-829.7308,534.42865,518.2243,-582.77893,555.51874,595.9714,-831.75195,525.36194,593.46155,-760.78235,751.85535,683.9525,-781.97766,516.0876,644.3139,-274.3818,748.3138,933.9144,-729.1913,393.0761,874.16626,-510.06393,539.1359,852.2372,-599.7972,406.84564,806.85077,-1026.8695,494.86667,852.13885,-618.8641,430.72864,811.3597,-1109.9253,492.44818,807.9282,-617.8573,438.3396,772.1704,-1065.3667,510.85312,810.4372,-584.6641,438.95963,769.49304,-1019.626,795.36554,975.3804,-162.44392,655.786,960.47754,161.93492,682.1878,1171.2378,-726.36395,434.47397,1075.1184,-85.27303,792.5957,1253.5636,-9.526096,606.8066,1151.6052,438.25317,827.0135,1244.5946,74.90305,658.0765,1136.8136,500.637,774.5826,1385.3121,86.34696,576.7996,1254.292,552.38116
065.jpg,530.445,562.7778,-917.2198,559.13855,526.3898,-944.06354,573.9861,527.9258,-943.75073,588.8604,530.0125,-943.842,526.7781,521.6223,-889.53424,518.9346,519.16956,-889.6731,512.2361,516.6682,-889.7323,633.64496,537.8917,-866.0761,529.9451,519.63007,-628.2962,554.4168,599.30286,-874.00714,524.4165,595.53406,-805.8249,756.38684,689.2923,-804.81726,508.40945,647.6207,-319.51212,746.24176,938.196,-734.5799,366.65463,844.2661,-575.54224,546.10284,860.6915,-597.448,419.81915,812.89703,-1138.8268,506.47937,852.54785,-615.1276,439.471,814.8723,-1227.9861,504.9932,830.26825,-614.80237,444.27744,778.6832,-1184.1472,517.2537,819.7226,-582.02576,444.93994,779.224,-1132.4961,799.9176,983.94995,-161.12106,657.77515,970.8982,160.5267,685.44794,1179.5938,-682.6699,438.4892,1084.6425,-98.668365,797.39624,1272.8336,35.839813,632.84705,1148.8796,481.8618,831.65436,1269.8373,120.644455,682.13025,1146.8652,552.58844,780.3491,1394.3551,144.73671,619.9366,1245.8243,638.74615
066.jpg,524.5676,560.06036,-768.0196,555.487,524.09546,-807.7387,569.706,525.87396,-807.4693,583.5922,528.0968,-807.60364,523.5652,519.06854,-744.12573,516.16235,516.802,-744.1911,509.76776,514.6222,-744.18195,627.1262,539.3636,-782.6291,536.20105,519.0607,-502.4552,547.18555,599.73883,-744.1679,518.8675,593.03217,-663.57196,748.5416,693.4961,-768.1813,524.8762,644.80853,-179.85564,727.555,942.86505,-685.7888,426.146,877.5636,-396.9873,529.2786,852.6509,-480.53058,428.01868,815.9708,-913.9746,489.54605,850.4995,-489.47394,434.53735,816.05994,-984.44244,489.84113,804.1887,-485.44135,440.133,776.1097,-949.7693,507.0521,807.0394,-461.7182,447.31067,775.0908,-911.1872,796.6911,986.1961,-186.33397,658.3143,963.3044,185.86026,669.873,1181.8658,-702.30994,432.85056,1082.5569,-22.955763,796.9741,1266.1943,-50.877663,622.3044,1165.7839,478.0875,828.4508,1261.5521,27.96286,674.38354,1170.5143,539.7819,768.1133,1397.3792,56.168167,597.4636,1262.7404,622.4645
067.jpg,525.32263,560.03253,-890.64014,555.86664,522.83435,-919.015,571.3339,524.65625,-918.66394,585.9156,527.1557,-918.7305,520.38367,518.04364,-863.51556,512.15607,515.979,-863.60846,505.17505,514.0301,-863.6063,628.73865,536.49536,-846.23804,525.8996,517.53284,-604.4282,551.64905,598.7827,-849.54865,518.39,593.54004,-780.13275,752.7111,695.94775,-801.2997,506.28406,646.7293,-287.53027,722.4323,946.45355,-729.6521,400.52402,863.8864,-519.94696,536.54645,854.7477,-585.5023,401.65976,812.0593,-1066.6044,489.8139,853.55676,-601.89294,412.30862,826.2045,-1151.066,491.0475,812.0165,-601.76904,426.42764,788.30365,-1118.7344,508.29678,811.886,-570.2822,433.31137,783.3979,-1065.7433,791.4546,984.3559,-170.18137,650.362,968.2484,169.65225,669.67523,1185.1643,-715.39984,429.9611,1085.4462,-113.095795,792.38727,1263.8296,18.261572,627.20685,1167.9325,443.98978,821.67004,1258.6128,103.87506,679.7693,1170.3416,510.03976,774.49994,1394.3704,133.92511,610.1462,1273.1915,581.2251
068.jpg,521.4734,559.56573,-900.1989,550.6343,521.7047,-929.69476,565.93976,523.136,-929.40106,580.93195,525.3642,-929.4835,518.2494,516.7361,-872.95184,510.6137,514.15955,-873.0797,503.84613,511.63083,-873.1398,624.9874,537.0658,-860.27356,523.99426,516.4978,-611.672,544.7017,600.04956,-859.90717,515.353,592.8178,-788.459,754.51404,686.44543,-805.31494,504.79227,644.5189,-305.90308,737.3349,937.4302,-777.2063,406.71304,870.00287,-528.26,537.50543,852.7559,-741.0189,403.53308,813.1013,-1089.4082,498.48236,848.07635,-778.59937,412.9284,820.65625,-1177.5109,497.6275,806.70514,-778.12946,423.4588,781.8687,-1145.0157,507.9341,806.7097,-729.51495,429.05853,777.5161,-1087.828,796.6509,981.9659,-158.88715,650.201,965.43524,158.42323,686.3765,1181.4832,-677.4947,432.60538,1090.5754,-124.05354,787.29474,1271.3271,85.05014,630.39197,1140.6394,495.40692,818.635,1264.1837,173.45627,683.9298,1122.8885,569.96783,768.5495,1394.9264,196.77097,626.26807,1237.3575,659.44305
069.jpg,517.56726,552.0023,-742.91766,549.0167,518.587,-777.9894,565.539,521.15076,-777.7236,581.679,524.7267,-777.82684,513.29834,511.63187,-717.78906,505.14728,508.88684,-717.85016,498.1317,506.5569,-717.7996,624.0523,536.9353,-744.55554,516.334,513.3943,-481.65103,540.19965,594.6928,-717.3916,508.54617,586.47375,-641.6825,740.31854,691.52045,-739.84186,510.60504,647.83606,-169.8995,718.7025,944.85144,-655.6811,414.81223,870.7144,-378.1589,521.6463,847.15967,-453.61264,408.86588,818.77203,-901.9355,478.03177,845.57635,-462.09152,412.4057,821.7127,-973.1586,480.2978,796.7805,-460.30377,423.76767,779.2733,-943.0599,498.06497,799.64343,-436.5186,433.2567,777.196,-901.9184,794.8907,991.70905,-181.19545,657.26575,966.7121,180.8182,679.5392,1194.7063,-652.91266,431.59286,1083.9019,-42.68077,792.5908,1280.0996,-21.785376,647.51654,1156.8818,432.29266,826.9599,1275.8964,55.300854,688.99585,1133.9772,491.877,771.50134,1402.4893,107.770645,637.5108,1250.1621,589.91064
070.jpg,517.45715,556.83655,-836.9101,549.97705,520.9054,-872.363,565.67413,523.37506,-872.07947,580.33093,526.28766,-872.1755,513.01843,514.2076,-811.7434,504.42633,511.6282,-811.8653,497.2902,509.29755,-811.84515,622.4076,534.56964,-833.9379,522.8232,513.84155,-568.63336,542.73254,598.905,-808.58856,509.72406,592.33325,-732.2729,738.82556,693.5248,-811.2138,510.02277,645.392,-246.70091,727.27423,949.23083,-718.11804,411.92978,872.28253,-466.56088,530.57837,865.4819,-496.4948,405.0455,818.4894,-1012.8469,482.16238,895.8491,-506.23285,413.70746,823.4453,-1089.2736,480.99286,821.8039,-504.32785,423.64417,781.36127,-1058.5133,498.76062,817.83374,-478.4889,430.5201,778.3562,-1012.0532,790.11304,990.4476,-182.68533,648.7957,960.4316,182.28984,680.00934,1198.2739,-632.15344,428.58432,1084.87,-34.572674,788.1587,1276.2743,42.898262,616.41956,1172.2634,476.9119,815.1125,1270.6155,124.328636,668.7987,1177.7644,540.13293,771.6282,1399.3826,180.75401,593.8106,1271.6295,636.0799
071.jpg,515.6865,558.9907,-764.97595,543.6328,522.4195,-805.3972,557.74945,523.6568,-805.12213,571.7938,525.5418,-805.25116,512.86536,518.0059,-741.56146,505.3417,515.6316,-741.6062,498.64963,513.24664,-741.60486,615.8299,535.1701,-777.7455,525.2057,517.6669,-497.6683,537.91364,597.3508,-739.73096,510.33557,592.44104,-659.20764,735.66376,691.73334,-767.4131,509.00327,646.4481,-174.6595,705.8049,951.81055,-688.10547,394.54907,867.3167,-416.7732,510.4228,846.5457,-486.4555,391.9193,808.88904,-966.5208,465.40817,845.5074,-498.09326,400.05643,813.4733,-1043.5198,469.40695,802.7255,-496.40237,415.40314,777.43146,-1009.9114,486.20898,801.8111,-468.8411,424.67413,776.03705,-965.6066,791.93726,996.8215,-187.55202,655.9891,969.7436,187.06969,672.3499,1195.1239,-680.528,428.5511,1088.4979,-4.6805806,789.72174,1289.1959,12.087943,621.6801,1168.8892,530.58984,821.5644,1287.7272,96.32425,673.6134,1172.0829,596.778,765.0603,1406.4789,146.98859,597.89874,1264.2477,698.2057
072.jpg,514.13025,557.21967,-768.1685,544.09186,522.45825,-807.4067,559.2902,524.41956,-807.14056,573.9999,527.3892,-807.28033,510.9451,517.88684,-742.8009,503.3019,515.73456,-742.84827,496.78717,513.45,-742.83716,616.1142,540.5777,-782.7586,520.82666,519.08795,-498.25653,538.9281,596.7671,-744.96875,508.22748,590.6281,-663.1137,735.5385,689.7768,-776.2244,507.57764,653.2487,-178.71245,712.1379,949.22076,-697.7351,388.87753,876.6198,-422.7164,514.56354,850.3747,-499.12375,395.63788,805.8778,-960.8686,469.2386,849.4506,-516.27997,410.8096,807.7686,-1038.576,469.8311,808.2202,-515.3544,424.2247,771.4403,-1000.73645,485.43054,810.6644,-482.81696,426.0983,771.6929,-957.87427,795.06885,997.55,-189.78291,657.6801,976.16925,189.36389,671.9409,1189.0767,-697.21277,424.9906,1086.4375,3.762478,791.6353,1284.365,-10.620498,633.8705,1173.7998,506.17322,824.7696,1282.922,72.12689,686.6711,1179.9258,568.04315,764.84375,1415.5275,106.05266,607.9303,1269.1343,646.8986
073.jpg,514.16614,557.4638,-818.451,542.77435,521.2343,-862.91986,557.77875,521.91077,-862.6453,572.7497,523.6806,-862.774,512.04517,518.1892,-796.3054,505.05774,516.0043,-796.41187,498.88147,513.7309,-796.46277,618.32043,535.3061,-842.0508,527.965,518.1954,-548.02026,537.1095,597.48663,-794.1613,510.09344,591.88513,-709.47144,741.6562,688.6131,-810.1081,510.61783,646.91595,-223.17534,715.6904,949.76337,-725.3218,385.03787,871.7036,-472.04037,517.7214,849.0373,-542.21106,396.80212,807.36993,-1042.5133,474.5622,843.8475,-561.1467,415.01703,805.829,-1124.9263,476.11423,799.648,-565.4665,425.893,768.7142,-1084.0093,492.47147,799.7787,-527.8297,428.464,768.5453,-1038.1506,801.8558,995.19446,-179.72868,658.8473,972.5006,179.28539,682.1429,1199.3811,-609.2053,435.98962,1090.8729,43.064518,799.3566,1292.2743,95.38479,617.5621,1178.783,646.70306,837.0707,1289.4945,179.88707,667.47687,1181.358,720.94507,773.80896,1419.4513,211.93765,565.72614,1237.5939,830.31696
074.jpg,519.22046,560.9691,-786.41516,546.48285,523.09344,-831.9082,560.7684,523.4974,-831.64435,574.8717,524.81274,-831.805,515.87555,521.23395,-763.9239,508.40985,519.44727,-764.01746,501.93417,517.6441,-764.0696,620.17426,534.84314,-817.0543,533.6519,522.0306,-515.06995,544.3508,598.8559,-764.3704,516.8721,594.22144,-677.3891,747.4983,683.4766,-797.9055,527.7724,664.0298,-198.49861,720.3846,949.59985,-726.76843,400.72498,869.82434,-446.11456,526.22766,857.2154,-533.08923,395.83698,814.0684,-1020.3637,480.93845,858.3835,-550.41064,390.8661,809.7136,-1103.9722,477.46933,807.17334,-553.62366,423.02222,773.6868,-1068.7273,497.1879,811.56537,-517.94617,426.07724,777.9804,-1019.72125,809.97955,998.40405,-181.69843,666.209,980.1557,181.3094,686.07794,1195.6947,-683.2059,439.3721,1083.301,-9.969695,804.50446,1294.2595,32.472576,631.66956,1176.3458,557.29156,838.78296,1290.6931,118.44019,683.1962,1181.3228,627.3082,776.6291,1419.0408,147.3832,603.6165,1272.426,721.243
075.jpg,520.2363,550.54175,-816.3153,547.6763,513.84326,-860.63995,562.9205,515.0382,-860.4081,578.0571,517.4539,-860.5591,517.7065,511.618,-789.45734,510.79282,510.0314,-789.6081,504.57043,508.5149,-789.72034,623.3731,532.1602,-843.9549,535.4833,515.84033,-527.36633,545.9525,592.8504,-794.3821,517.195,586.9885,-703.0539,754.8217,683.2803,-813.05945,514.83826,646.9875,-218.64307,734.5488,945.76776,-762.204,418.47858,872.6879,-456.00345,526.33777,855.0419,-623.0624,415.9326,819.0558,-1036.11,485.4066,854.2257,-652.0961,420.8537,816.14716,-1120.3914,480.1096,803.7603,-652.6389,428.00015,777.97614,-1089.1385,496.41226,807.68256,-609.06006,433.78513,777.5724,-1036.3171,809.3723,993.25244,-176.73726,656.9393,976.3105,176.45378,687.0748,1192.3508,-689.68884,443.94305,1082.4166,-56.33986,799.22455,1285.7236,102.85905,610.2869,1166.0972,583.4577,833.2748,1277.3063,195.9167,652.3498,1153.9058,661.60724,776.62146,1415.2993,222.85051,547.23004,1228.8383,757.85376
076.jpg,529.76074,558.66486,-801.0769,559.2116,523.2197,-844.13385,572.9368,524.65283,-843.8877,586.9322,526.9381,-844.0419,529.27466,519.58734,-778.71924,521.854,517.6735,-778.83307,515.1415,515.798,-778.8657,634.8756,541.3957,-822.32886,543.4351,522.291,-532.69415,553.7138,602.3315,-776.602,525.5274,595.92206,-693.04193,759.46844,695.80444,-802.6898,528.81506,656.9722,-215.63968,735.1951,949.35724,-742.2252,410.20627,873.3422,-477.02618,530.6103,859.01416,-575.5577,404.6002,804.9549,-1061.0459,490.17328,864.3228,-601.248,418.47702,796.4763,-1151.9031,485.9627,816.21783,-604.4176,428.2082,765.7112,-1114.0326,504.00983,819.1769,-562.45276,432.9874,766.27893,-1059.3962,813.1665,1003.34784,-177.8841,672.8382,976.821,177.60724,684.7916,1203.1685,-617.0812,452.17194,1083.5205,8.726275,807.6842,1293.4655,96.196495,620.7146,1179.9186,582.4687,847.8548,1297.8186,181.22597,671.22363,1190.1575,651.8897,771.62396,1419.0624,213.8178,541.84845,1240.0903,741.1034
077.jpg,526.5979,559.83844,-742.342,554.4337,523.86444,-790.6136,568.4671,524.4239,-790.41986,582.2579,525.9584,-790.6181,525.5162,522.19336,-720.5492,518.942,520.60046,-720.66144,513.1355,519.0001,-720.71564,627.6127,538.8699,-789.4691,547.3862,522.95886,-478.1393,550.2124,601.6001,-725.87463,523.0119,594.8399,-635.99115,758.37396,700.0347,-777.9854,530.2643,659.9871,-164.79259,727.08563,964.3958,-706.7979,413.14835,886.8029,-412.12204,525.7648,865.71436,-512.8379,403.61725,815.0818,-975.61066,485.23425,868.369,-534.49817,416.02618,808.15265,-1054.8152,484.53906,823.979,-536.433,427.3455,774.5245,-1022.76807,496.83853,826.51654,-498.20764,432.83865,774.795,-975.11707,816.2978,1009.8151,-183.98863,671.11395,986.123,183.65038,689.46246,1219.652,-629.6893,445.15536,1082.3882,27.526731,811.55945,1302.2207,94.12349,606.6869,1187.0758,581.54694,851.04266,1300.4622,183.60403,648.36926,1173.8546,652.75494,780.7775,1422.8203,242.58464,532.40894,1237.6368,763.4204
078.jpg,524.35065,557.91425,-725.3087,552.7708,522.11847,-775.5024,566.9619,522.5908,-775.2814,580.3731,524.04456,-775.4467,521.52747,520.41315,-703.36237,514.1109,518.812,-703.44507,507.7153,517.19446,-703.47284,625.6009,536.5648,-777.6518,540.5799,521.38916,-457.85745,549.2743,599.9098,-709.3487,521.06665,592.7782,-617.03925,747.70636,692.9475,-781.715,531.7128,658.39026,-130.62555,703.1265,963.024,-725.9862,422.49353,877.26196,-370.8563,505.6179,851.4187,-535.9061,388.78925,813.47894,-931.077,459.80292,850.24396,-560.6392,394.1914,812.76196,-1010.38086,462.95328,800.5646,-560.00977,409.8888,782.19324,-984.71783,481.23773,804.7117,-521.0112,417.24542,781.28326,-934.46173,815.41156,1007.14966,-198.20761,674.06586,983.37103,197.96149,679.48486,1213.3727,-671.7058,445.00247,1082.4131,22.0107,806.26416,1304.8164,35.90384,621.46497,1195.8949,543.31085,846.89813,1301.4138,122.4586,673.3647,1207.5073,608.413,779.8533,1434.415,173.16034,573.7564,1254.9678,699.2067
079.jpg,519.4284,560.16125,-688.0623,549.48096,523.706,-735.05566,562.73047,524.5625,-734.8309,575.7439,526.35834,-734.9952,520.6351,521.4621,-662.8667,513.9011,519.78455,-662.98035,507.9475,518.0305,-663.08954,621.75793,538.9704,-734.5811,548.0017,522.15295,-414.00006,544.2972,601.1096,-672.5962,517.15076,596.4574,-580.2574,752.4234,694.201,-734.438,520.07294,658.1111,-109.69546,703.0612,962.91833,-694.368,411.2721,875.79114,-343.35995,509.9992,859.4139,-540.07196,394.71405,817.3862,-883.93506,460.02158,854.57996,-566.9082,403.58054,809.62415,-955.28326,470.08475,810.67615,-563.3908,418.27448,780.0652,-928.1478,482.7424,812.66486,-525.26776,423.91443,781.0095,-884.3157,809.1109,1002.9988,-190.42976,664.28906,983.1966,190.07863,674.67236,1217.3057,-712.1151,438.59702,1083.471,-58.646446,799.4303,1298.1608,10.698213,630.45245,1195.3546,444.3861,835.6115,1294.5972,99.4468,681.8733,1203.0557,508.93176,777.4295,1436.8677,144.95845,609.7319,1292.6403,583.14136
080.jpg,515.02747,563.84467,-617.22174,542.39606,528.05414,-671.70605,556.502,528.2143,-671.55115,570.35724,529.2418,-671.74554,514.10095,526.4716,-595.38434,507.69733,524.9019,-595.44476,501.96442,523.2384,-595.50385,616.827,542.2584,-701.0101,542.74585,528.8188,-361.1414,538.6803,603.4336,-612.695,512.948,597.95905,-514.59796,741.79443,699.8483,-718.95276,551.31946,671.30743,-55.801003,705.7609,961.54553,-636.5026,421.17108,877.81573,-272.5594,501.4385,861.5314,-407.32687,391.9175,817.73413,-824.30237,454.62997,863.3036,-425.89572,375.73242,810.854,-899.1168,457.0426,817.8159,-428.7252,412.7873,775.5267,-877.9659,474.19662,817.9805,-392.3504,419.71838,778.32227,-829.46277,806.7105,1021.3045,-196.14915,663.80084,995.6157,195.908,673.95013,1212.3615,-623.6504,438.8119,1087.3181,99.2629,791.1195,1308.476,54.5995,616.70746,1183.1782,637.49585,833.70764,1307.6112,139.49138,666.7454,1193.6908,705.7275,762.23114,1442.32,196.94072,582.0212,1268.0647,816.1103
081.jpg,511.45984,565.1692,-693.3027,540.05963,528.984,-743.4802,554.17126,528.8762,-743.2691,567.5044,529.88226,-743.4294,509.06915,528.49084,-670.4127,501.7631,527.2142,-670.5128,495.4757,525.79565,-670.59076,614.515,541.5608,-744.92303,533.38806,528.6338,-420.24744,536.4689,603.51404,-677.5194,508.49063,600.67444,-583.8148,746.01196,690.1921,-755.1617,524.05347,659.89624,-108.589455,689.0848,971.9862,-722.11176,436.26263,874.2619,-340.42056,489.2138,860.92377,-573.32587,384.14984,819.0303,-911.024,442.77008,861.93933,-603.9941,377.3964,819.96576,-990.4232,444.989,811.6603,-605.4679,394.91055,785.6113,-976.18646,463.59644,814.71783,-560.9173,406.2941,785.3897,-919.39056,806.0694,1011.399,-193.4825,662.01056,987.15765,193.17294,664.22656,1213.375,-699.2447,431.76306,1088.4865,-59.31862,792.3005,1308.0077,14.4914255,620.9707,1184.1118,486.41287,834.5856,1308.4839,102.573814,671.6262,1188.3024,556.14014,761.67377,1445.9935,161.85849,602.8438,1276.6932,661.1676
082.jpg,507.02765,561.8443,-633.11176,538.2176,525.1342,-682.1518,553.5972,525.6015,-681.97986,568.2277,527.6098,-682.18207,506.26538,524.12964,-606.5864,499.02567,522.8179,-606.69806,492.79367,521.49005,-606.793,613.4454,542.4681,-694.44635,530.8694,527.61804,-359.50473,530.3023,604.2122,-623.1537,503.02814,598.2765,-526.6018,742.93036,698.5757,-727.7948,523.30743,671.94403,-53.520405,685.58,976.7609,-694.4059,440.53342,882.1618,-279.6988,471.72015,856.2528,-503.1732,381.24155,824.29803,-843.0426,422.18677,855.78577,-530.20184,369.62256,823.62823,-920.439,426.34357,810.1688,-526.5886,386.2845,791.14233,-904.5547,446.59683,809.3058,-488.05383,398.04965,789.87646,-851.3955,800.66406,1015.9259,-200.4244,659.0254,995.22046,200.2417,649.45807,1211.5312,-726.27795,427.6053,1082.0986,-80.95325,785.1973,1306.5804,-19.669575,653.7692,1205.7806,386.18143,825.075,1306.3516,67.07555,708.1263,1215.2,445.9331,756.27136,1448.4075,115.8168,641.5934,1304.0552,503.76703
083.jpg,505.6007,564.93524,-529.68005,531.83105,528.2009,-585.584,545.95044,527.26025,-585.47473,559.93274,527.26697,-585.7191,504.10422,528.758,-507.16382,497.97427,527.6218,-507.20996,492.4664,526.26166,-507.29517,607.26764,538.88245,-629.75287,539.739,528.10596,-280.1612,530.8889,603.4772,-531.2909,505.7316,599.81744,-430.4812,739.77484,688.91833,-678.78766,550.56464,661.2583,8.976531,691.13464,961.8938,-613.3479,439.85046,867.7627,-203.79483,485.3814,858.8707,-379.3984,380.05795,820.7678,-741.1062,439.3759,858.64514,-395.7118,356.48486,821.2644,-807.9933,440.48395,812.4085,-394.02505,384.03372,785.96246,-799.96936,460.27963,817.47375,-362.89038,397.20804,789.039,-752.34045,799.25964,1020.44666,-201.96004,657.5113,994.7499,201.82803,647.2759,1214.3328,-649.7572,430.52545,1077.5035,-39.13269,782.16034,1311.4164,59.902496,617.1794,1188.6539,436.1836,828.94995,1313.3273,148.0303,667.58594,1202.0236,497.68646,756.9371,1450.3978,213.4716,595.26624,1279.237,582.9606
084.jpg,499.12906,553.1328,-532.568,527.8658,514.6365,-587.52106,544.39325,514.84906,-587.40814,561.20404,516.85846,-587.62256,497.16357,513.283,-512.08575,491.12857,511.6968,-512.08154,486.17926,510.17355,-512.05505,614.6407,533.7072,-640.7978,528.9896,517.0743,-306.45273,527.2488,598.68195,-538.88965,499.30292,590.38446,-442.09784,737.4348,707.8196,-682.4832,550.4741,661.7672,-24.797329,659.213,945.3746,-593.5176,445.45993,866.3009,-201.25368,466.87573,844.7507,-329.06372,378.2656,823.9454,-701.44183,423.74133,842.8083,-346.2976,359.36072,830.9479,-771.64246,424.35052,793.9246,-345.61533,377.0704,790.339,-768.7632,440.67554,802.5647,-314.1982,391.97507,821.0742,-715.5363,785.2458,1013.9057,-196.27626,644.88403,985.21045,196.21687,639.9547,1217.5428,-530.8218,432.59055,1070.3854,-0.8084482,780.33936,1319.0195,82.49942,621.3754,1186.5198,430.11728,822.4131,1323.3906,159.01143,673.1435,1202.6346,485.3394,748.828,1446.3646,216.54257,599.07477,1274.5701,570.8326
085.jpg,501.32312,561.8606,-650.996,530.7361,524.3615,-702.58655,547.6687,524.4544,-702.41644,564.4212,526.1055,-702.5765,496.4614,523.1284,-629.0422,488.85434,521.56366,-629.07086,481.90463,520.1762,-629.0344,613.1519,540.8298,-725.2326,514.98193,527.37286,-397.77298,525.7696,605.9293,-643.52576,496.3919,599.8889,-548.8971,726.95264,698.86993,-746.48114,507.07816,667.38727,-88.530495,666.261,963.66486,-671.827,418.53574,867.1795,-301.2091,471.1138,854.1415,-445.24417,366.9205,827.0005,-857.3985,418.4355,857.7209,-463.15372,337.9931,828.6831,-932.9699,423.95026,799.86664,-463.78754,366.9639,793.30676,-925.1914,438.12018,805.0456,-430.1475,375.70074,815.759,-869.5021,774.0919,1014.96436,-200.35138,625.63715,983.8622,200.21445,644.03925,1222.49,-616.0138,425.99286,1068.0582,-28.39728,770.9659,1312.9729,15.408641,604.7889,1179.6136,435.30258,809.4333,1316.1859,91.87377,656.80115,1193.1555,493.1801,745.50934,1449.2858,131.65468,575.00977,1268.9064,571.07544
086.jpg,491.4957,555.55774,-534.77435,519.1916,521.91705,-592.1549,533.02405,521.789,-592.0494,546.4585,522.66693,-592.2916,491.09946,520.38464,-509.67676,485.0688,518.77185,-509.7629,479.8915,517.2067,-509.80124,592.36694,537.5196,-648.3159,526.5885,522.3031,-282.18744,515.01624,597.1619,-542.124,489.6338,592.03577,-436.5651,718.4872,699.0194,-713.4874,517.2343,668.08997,12.079243,645.3137,966.53925,-616.78735,431.67584,862.5121,-209.68564,466.793,862.67065,-308.89642,360.60855,816.45294,-787.67737,410.9484,879.5596,-324.0528,351.84866,819.19696,-860.0224,419.09653,815.901,-329.59198,367.37167,793.28534,-860.7808,431.39584,816.4768,-294.0417,376.85715,817.9081,-803.47614,787.86145,1023.37305,-219.24728,646.3732,993.7117,219.03204,621.39655,1209.278,-670.29755,419.63797,1073.6832,-2.378796,768.60095,1308.9802,57.097847,595.0122,1179.507,500.33557,816.3599,1321.9519,147.2349,642.59546,1191.6458,565.2269,731.23785,1451.751,227.39803,573.3024,1262.8585,668.31506
087.jpg,481.45093,561.7269,-582.44135,509.47052,524.55676,-644.4065,524.8522,524.64856,-644.31995,540.6299,525.9751,-644.6069,480.64517,523.0489,-561.4058,474.7338,521.5386,-561.4501,469.851,520.0339,-561.4409,590.5414,539.989,-714.0953,517.53064,524.9346,-345.68182,507.90717,605.39557,-594.0235,480.83676,598.6234,-487.5435,718.7865,709.37604,-753.1021,510.3337,666.3254,-52.10836,634.2601,943.3999,-661.5229,419.18762,862.36395,-268.70572,443.60696,853.4003,-356.3713,341.78525,823.2738,-798.43066,395.78528,846.4767,-376.0198,336.38907,826.0223,-867.5369,397.56406,806.0599,-373.27097,349.91983,796.84283,-866.0788,418.56995,811.651,-339.7032,360.708,819.9889,-812.37317,771.2168,1018.07477,-216.34775,630.20233,986.28754,216.22937,590.8946,1221.0232,-552.1353,414.27484,1069.9503,81.29358,763.84894,1320.6545,97.12589,571.0946,1190.0414,566.7891,810.11444,1328.5627,177.80501,620.0048,1208.8523,627.5416,726.52057,1453.8096,239.0903,528.72314,1253.4419,715.687
088.jpg,472.9009,561.83716,-565.86926,497.23105,522.393,-627.9543,512.42926,521.895,-627.8831,528.807,522.6115,-628.1668,472.51184,520.2775,-541.49084,467.66354,518.0635,-541.5491,463.43726,515.76196,-541.57654,584.47345,537.483,-698.8045,520.494,523.7277,-315.10156,500.30502,603.29865,-578.05927,477.57132,598.37823,-467.3499,715.73096,702.0869,-760.3354,540.94586,660.41516,-9.513132,623.3245,967.4487,-683.5865,447.22153,868.4261,-217.51047,444.4377,847.4294,-380.91245,358.1534,820.8712,-772.2319,391.96387,845.5536,-401.6029,341.1631,821.6268,-842.9948,397.33765,800.36,-398.4128,354.97885,790.76965,-845.1271,420.62796,804.326,-363.1203,369.59225,821.35205,-789.1023,776.3507,1025.8827,-223.06181,633.10583,994.7176,222.97472,612.3046,1210.8531,-663.5407,413.94055,1074.0752,-53.745857,761.1075,1320.6606,46.729458,599.6692,1191.8696,442.9129,803.7101,1326.6831,132.21785,649.28754,1206.9067,504.43677,722.6366,1463.7375,168.8107,574.74835,1276.8672,567.5194
089.jpg,475.45834,563.4306,-523.8358,499.4279,525.4116,-587.88153,512.8797,524.5693,-587.8163,526.637,524.89435,-588.1205,475.01834,524.3816,-503.22757,469.75464,522.6796,-503.28354,465.14404,520.77167,-503.33228,579.3354,538.7672,-670.6317,518.30756,525.86115,-294.34164,502.38318,609.8308,-540.55273,478.0107,602.78,-432.02994,689.32196,697.0538,-730.5081,541.47455,646.9123,-2.2856553,620.05896,936.41547,-637.86084,435.1175,856.2759,-214.84717,428.7019,844.8466,-298.59207,352.62918,817.00366,-719.59485,389.66986,848.3903,-314.21204,347.9134,821.4153,-781.7956,393.73587,806.12476,-309.12735,363.20996,786.836,-780.7696,412.48978,803.6541,-280.27936,373.63184,787.3065,-732.85046,767.6598,1016.15894,-230.25177,632.9014,982.08813,230.07826,591.4144,1202.7921,-552.4788,413.20212,1065.9772,77.64674,760.7776,1321.5546,65.892235,590.7623,1193.6792,512.2482,806.2605,1327.3154,143.20728,641.1885,1214.6655,567.2867,725.5088,1456.5721,200.99583,544.8502,1254.3802,639.4808
090.jpg,476.40164,565.67365,-526.8705,501.78928,525.7613,-587.124,515.9019,524.6866,-587.04865,530.2503,524.843,-587.304,476.89938,525.80676,-505.15985,471.98743,524.35675,-505.22574,467.6654,522.8355,-505.29065,583.00287,538.2523,-654.27,514.35486,527.0611,-288.44656,503.58936,608.28735,-536.94934,479.39456,602.85675,-431.3058,702.3241,693.27997,-706.94696,533.5407,658.66754,-7.8601704,638.8299,942.2588,-626.3165,430.8867,871.3313,-226.9309,461.0367,913.4348,-355.48175,348.61057,817.19946,-749.1987,418.4757,910.6769,-381.46152,344.65573,821.3313,-818.77167,409.34674,830.6077,-383.28107,352.2487,792.51025,-820.76917,434.15515,838.9538,-341.93958,361.95895,793.0903,-764.1716,772.40826,1026.4305,-220.93195,630.6242,995.23553,220.81024,594.4343,1216.628,-646.48267,408.89392,1068.0159,-5.5225325,763.0236,1328.6827,0.9260632,592.67,1201.9153,443.776,806.8317,1335.9904,79.880875,644.17944,1220.7333,501.0225,722.1939,1464.6626,110.37468,570.9129,1293.4277,555.1166
091.jpg,487.0715,556.73535,-531.0211,512.9198,521.2804,-592.9719,526.392,521.6563,-592.9109,540.07025,522.985,-593.1933,485.72467,519.5798,-509.35406,479.9072,518.2768,-509.4399,474.87994,516.8885,-509.5002,589.19586,537.4224,-667.98236,525.72656,523.4222,-296.46844,514.3665,598.6377,-545.415,487.91425,593.4853,-438.0775,718.1044,707.7433,-724.35516,523.2454,667.8959,-7.2390623,631.6827,974.6763,-620.554,441.79385,868.89795,-212.17412,460.74652,898.637,-299.14948,354.40445,814.97687,-731.82874,414.65536,891.65015,-316.8519,350.6012,819.095,-798.0998,420.93225,845.1891,-319.48816,366.78653,789.23505,-799.6282,436.59167,850.3917,-284.21234,371.95956,791.8863,-746.40393,779.7335,1028.4061,-223.94893,641.19037,995.6679,223.74722,592.1513,1211.1224,-580.2803,409.09186,1066.058,91.078804,771.60895,1325.5371,39.528214,594.9441,1204.4237,530.60065,815.8304,1331.4462,117.05149,646.0319,1224.404,587.4102,733.96106,1466.8959,181.35558,570.95215,1294.2052,674.4655
092.jpg,484.2085,558.9617,-506.3551,510.27618,521.0947,-571.7637,525.33527,520.063,-571.7207,540.2382,520.92004,-572.0299,484.30185,521.5978,-486.9714,479.13275,520.64294,-487.02985,474.77023,519.5218,-487.0821,593.83563,537.85675,-659.913,532.0026,526.932,-284.28403,510.2403,600.5925,-526.1192,486.0213,594.2125,-417.62027,716.38574,702.77014,-725.47174,562.1498,653.7853,5.8602324,644.3623,953.3388,-626.8512,473.63626,864.37695,-178.84697,451.5259,849.8286,-290.34265,391.50916,819.69183,-683.37024,400.25174,848.604,-304.27298,369.01794,818.07007,-747.16486,405.4203,806.9476,-301.79028,375.29935,795.8811,-750.363,427.25073,806.91327,-272.76163,392.43118,793.32,-699.5996,782.4294,1039.2527,-225.03392,648.596,992.7236,224.81096,601.326,1210.5239,-523.18365,418.8379,1070.62,117.55836,772.75757,1327.7753,78.12442,604.9367,1199.0948,546.0496,823.25854,1339.0679,155.67018,655.7278,1218.1395,602.10535,733.9983,1470.7842,245.27731,581.9751,1285.9072,714.8798
093.jpg,488.27835,562.18005,-464.02805,514.8102,525.84796,-525.1294,529.0696,524.9531,-525.06305,543.7137,525.3543,-525.3619,489.6241,524.5096,-440.94785,484.77762,522.6421,-440.97955,480.53885,520.6624,-441.04617,596.1313,538.5855,-608.4406,537.9298,525.7915,-232.64696,514.91406,603.88965,-482.10812,490.27133,597.3795,-373.569,733.7999,700.71356,-666.7833,529.5647,670.9424,34.381706,629.74805,964.48584,-579.77686,440.41254,869.4745,-166.64421,457.93625,851.5923,-273.04584,362.3235,813.30756,-670.08514,413.7019,844.7484,-290.41827,359.943,818.1807,-734.954,421.0514,805.3758,-285.79865,375.10388,790.3705,-733.3536,434.95007,813.7048,-255.9851,385.01135,790.6489,-683.2897,789.87354,1036.0269,-213.2524,645.18396,1000.3228,213.11072,621.19714,1226.2231,-584.073,425.50305,1075.9684,-24.578545,773.5606,1339.9625,89.59029,609.0709,1218.3152,438.46695,818.6001,1345.099,172.29991,658.56287,1235.9939,498.02228,732.14185,1479.1763,224.2204,593.25543,1309.7444,569.79614
094.jpg,487.93826,560.8314,-509.3494,514.0382,521.24817,-571.9483,528.0762,520.5448,-571.8975,542.9026,521.07104,-572.209,488.54993,520.62524,-487.91986,483.53192,518.73096,-487.9707,479.16016,516.7154,-488.01492,598.39624,536.9365,-653.88776,538.93097,524.8414,-281.40402,516.4078,605.88635,-526.4859,492.06522,596.8888,-418.94687,733.02075,709.1311,-723.38934,563.2881,655.1707,10.024843,635.31433,973.47235,-637.1422,479.68506,861.6448,-176.59251,461.67462,851.58716,-307.469,391.95703,819.05444,-683.8857,408.63007,852.7945,-321.25333,364.12515,832.7874,-749.22107,419.48633,806.2117,-314.81525,377.048,796.0177,-751.1451,434.7131,807.31085,-288.39682,391.72137,825.02026,-700.5151,793.18976,1040.0674,-221.06363,652.1627,995.8959,220.97964,620.5299,1230.2744,-505.05685,428.85785,1079.32,-9.692766,779.81244,1345.5531,142.38861,625.77,1225.6093,447.4382,824.97003,1350.6714,222.43306,676.8164,1245.652,505.3427,738.2517,1483.8125,283.32452,608.5168,1320.7269,585.7442
095.jpg,489.5718,569.1988,-493.1241,513.3102,532.466,-561.0766,526.46686,531.9319,-561.0175,540.3652,532.4098,-561.30255,490.36896,532.06384,-471.7272,485.83286,530.9406,-471.75192,481.74802,529.6247,-471.74838,593.38727,546.48517,-661.0539,537.75476,534.75635,-264.38635,516.92957,612.2529,-517.16974,493.95944,606.3942,-402.51663,729.7318,712.4872,-729.8092,566.5388,665.5069,30.64097,636.0086,988.9686,-618.87335,481.1187,882.80835,-157.37123,457.6192,858.55774,-254.7852,385.68613,827.7189,-676.59644,399.62088,852.5932,-266.77975,361.66153,829.8419,-742.8364,409.62567,806.5536,-267.86285,375.61343,800.79767,-745.9704,434.5995,810.858,-237.66351,386.9557,831.73987,-693.53955,795.5844,1048.5548,-231.05495,658.6469,1011.4453,230.86624,601.2529,1223.071,-615.7417,426.59506,1075.6118,200.11263,778.90643,1342.7053,-22.87223,593.70056,1213.0298,608.4502,826.0661,1354.3116,51.324463,645.58673,1237.4727,658.42706,734.67017,1483.4064,110.28963,534.1996,1260.508,736.9655
096.jpg,496.4693,566.0496,-526.19714,522.65204,529.62286,-590.4597,535.7789,529.6756,-590.3288,549.72687,530.79895,-590.60065,498.33945,527.8003,-509.82248,493.3746,525.8704,-509.90887,488.9929,523.80707,-509.9471,603.3947,544.7804,-677.64545,545.9129,532.4359,-322.18826,524.216,608.0694,-545.7011,499.14392,602.8333,-442.90704,709.2072,724.70917,-724.72974,537.833,669.74744,-61.104538,620.04596,956.09265,-620.325,429.95105,838.0869,-242.59962,445.2225,870.9136,-276.59995,372.36743,817.3894,-707.49756,386.47644,854.5922,-292.1436,373.54785,824.93494,-773.2586,397.3127,812.4385,-292.04358,386.53125,798.0903,-767.3754,419.17947,816.92676,-261.93906,404.27762,823.5654,-718.5113,787.4434,1049.5973,-206.13042,656.3435,994.26385,205.90785,607.3336,1243.1315,-460.59546,427.3355,1076.5829,105.69853,777.93634,1358.6497,94.33659,605.9241,1222.3372,548.4657,825.66547,1363.8768,166.91313,657.53125,1243.6741,604.83527,736.23,1496.904,249.47282,579.8143,1314.9866,707.72235
097.jpg,496.67264,563.98157,-468.48914,520.86,527.60944,-531.42053,533.3724,526.50494,-531.40576,545.96826,526.3246,-531.72516,498.60538,527.4634,-448.91943,494.41058,526.1819,-449.0033,490.57736,524.7523,-449.0466,598.3767,537.69257,-623.33844,545.4714,527.7809,-257.54428,522.7026,604.9563,-490.68616,500.33444,601.1571,-384.85428,714.5185,712.5808,-698.0609,571.0076,661.62103,7.5311046,611.4447,983.06726,-591.70844,456.42584,859.08374,-176.77293,455.63446,873.8709,-229.7984,381.8562,823.0615,-662.70056,392.79214,853.2847,-243.79292,365.89722,820.4559,-728.3947,420.16373,819.2393,-245.13441,383.66797,799.4283,-729.7121,426.91638,819.5806,-214.35005,395.7071,829.7979,-678.2335,802.9842,1057.8055,-216.83337,667.2251,1014.844,216.79808,607.71643,1241.8552,-435.9927,431.16577,1077.8635,123.97211,781.13135,1360.7566,199.62717,618.8244,1225.7266,545.5007,829.26245,1370.0698,279.04092,669.3409,1249.9934,599.66187,734.06946,1501.7437,358.39957,599.6172,1315.0916,687.75885
098.jpg,494.09323,561.7774,-516.9328,516.2727,526.4094,-586.4794,528.23,525.5346,-586.4616,540.7829,525.3751,-586.80884,495.5209,525.5042,-493.71487,491.6903,524.0789,-493.7653,488.26947,522.4754,-493.82007,594.1411,537.67346,-687.8115,547.02295,527.4542,-275.9434,518.9015,602.7569,-541.0042,498.51166,598.57306,-422.3368,716.4969,705.5173,-779.30774,547.05994,673.5148,29.54603,618.4293,990.3367,-685.59735,467.6582,870.26666,-181.91267,446.04758,854.4721,-310.71844,383.4157,823.61194,-732.3273,391.54904,845.6994,-327.09265,367.27563,827.45386,-799.3874,409.0708,802.578,-325.95953,386.87296,800.22534,-805.06757,426.6272,808.59924,-291.63522,387.9624,837.1369,-751.5479,802.07904,1059.3417,-249.16068,662.66846,1018.431,249.00513,603.2668,1242.7035,-583.7871,433.49612,1083.34,166.35489,779.1874,1369.5778,86.0615,632.5946,1220.2507,615.5352,830.9686,1382.7964,169.03596,683.4442,1241.2653,673.6241,724.36194,1514.0455,227.95647,607.0546,1303.1794,766.85034
