001.jpg,511.34018,611.1723,-384.60983,531.51434,589.6551,-402.54288,543.4606,589.73425,-402.53546,554.72,590.34894,-402.48633,509.9225,588.85455,-353.70102,505.66016,588.5039,-353.75433,501.0271,588.4126,-353.90207,582.20624,602.66766,-353.9079,513.58563,598.80383,-128.92494,533.3972,643.9586,-357.00177,510.56573,639.771,-292.59943,669.7046,739.4501,-342.27118,472.14062,741.02655,38.01064,644.4672,876.06055,-445.9708,380.9873,878.88666,-220.12431,516.33325,789.4608,-479.21207,444.8518,790.06384,-738.98535,494.76212,754.40894,-518.9129,467.61246,760.4582,-835.2667,506.11038,739.4054,-522.79736,474.1891,745.6847,-799.53687,513.26074,748.9627,-474.3752,474.58786,754.9551,-740.8346,624.69507,1095.0566,-118.39501,500.65634,1091.0715,118.40718,672.37225,1332.2279,-62.452522,466.0463,1295.3367,542.71155,723.85114,1542.1393,111.61753,487.0985,1475.6737,1053.5123,727.15576,1563.2238,112.56102,515.3972,1508.1272,1095.1481,717.91583,1647.093,-174.14713,393.05063,1540.2273,959.2195
002.jpg,512.6268,612.1655,-379.75766,532.77576,590.8882,-393.988,543.8579,590.99207,-393.9759,554.9586,591.75867,-393.9214,510.8268,590.1234,-348.42484,506.63272,589.6143,-348.4849,502.1244,589.5081,-348.63736,581.3521,604.17236,-334.1448,512.4999,599.9387,-124.28622,533.8959,643.4597,-348.0383,510.90375,640.41895,-288.107,664.24115,734.092,-327.8755,470.3434,743.1869,42.110012,652.47626,871.2558,-483.56543,377.31284,882.89996,-204.3271,511.92596,791.7855,-588.0421,443.16406,793.56323,-700.6051,489.4122,758.69073,-638.79944,464.79224,761.4291,-794.9623,498.33118,741.5476,-635.15515,472.17227,746.7489,-762.0349,506.67062,751.27795,-582.2604,473.02997,756.7537,-702.72644,627.3085,1092.4763,-119.43449,505.4635,1092.5605,119.39363,675.8762,1330.4287,-58.47525,468.26825,1300.1561,506.24307,727.6303,1540.9153,125.17308,492.76758,1481.282,990.77954,730.7799,1563.3142,127.69636,522.29144,1513.9346,1029.6736,722.1093,1643.733,-155.44656,398.2972,1547.0018,883.74963
003.jpg,512.3838,607.15173,-411.58838,533.8985,585.12946,-418.01843,545.55273,585.41235,-418.03555,556.2424,585.92395,-417.99014,511.3222,585.13446,-377.45728,507.01685,585.11725,-377.49875,502.2528,585.26227,-377.62936,580.9579,601.0632,-331.29196,511.99603,597.51447,-143.05418,534.2143,638.7063,-371.2296,510.7523,635.0922,-317.54572,663.31793,733.3143,-330.82965,468.44852,744.18,18.56351,658.64386,867.3511,-519.00525,384.68936,876.45166,-264.1276,517.8326,787.0688,-653.55896,443.2656,790.8383,-776.906,492.77203,756.5539,-708.40137,466.29617,759.6904,-874.4604,501.16232,742.3638,-703.4013,472.50342,746.4463,-839.5827,508.32285,750.6001,-648.26337,472.63394,755.59766,-778.9988,626.5581,1092.5841,-114.4629,502.70874,1091.8123,114.41259,673.0691,1327.6665,-43.591743,468.83047,1297.041,537.33813,723.4899,1537.8928,146.9764,490.43134,1477.0326,1062.9762,727.47894,1556.7273,149.57121,520.1639,1509.0132,1105.9402,720.2507,1642.1082,-141.42151,396.98795,1541.7136,959.24615
004.jpg,511.63342,613.48944,-411.70703,531.5296,592.06586,-425.08856,542.80383,592.2777,-425.0908,554.0846,592.9658,-425.03333,509.656,590.9581,-380.91843,505.45322,590.5517,-380.95212,501.31448,590.42773,-381.0907,580.36774,604.64624,-355.7774,511.9437,600.3891,-151.3027,534.998,645.7732,-376.31052,510.57645,642.9334,-317.9469,662.9486,737.51874,-345.77744,470.56915,742.8319,22.5206,649.93713,877.67065,-485.0592,380.76297,879.0643,-243.92456,514.1453,793.1605,-560.99164,444.23245,796.1639,-757.14166,491.33536,761.0376,-605.78925,466.70563,765.8607,-851.0523,502.3689,745.4169,-604.9194,473.52167,751.729,-816.4179,509.70694,753.84424,-555.09503,474.03723,761.46436,-759.0432,623.49023,1091.2781,-112.62171,501.4003,1089.6094,112.62359,673.0179,1325.4182,-42.742035,467.02335,1293.2743,520.8819,722.7811,1534.0956,155.7569,486.2307,1476.0073,1026.8151,724.9976,1554.2347,159.15787,514.45245,1507.2479,1067.6101,726.0532,1639.9209,-124.81312,401.2093,1542.8751,924.5071
005.jpg,508.48514,613.9509,-350.95908,528.13086,591.5818,-368.09607,539.0385,591.3984,-368.07678,549.95874,591.5597,-368.01633,507.0881,591.0686,-321.59747,503.25897,590.4767,-321.66028,499.5872,589.9432,-321.81836,577.2294,602.8707,-318.19196,513.01025,598.32935,-103.11223,532.39386,645.805,-322.69345,507.80457,643.1172,-261.16617,658.5099,735.3521,-307.15024,470.03848,738.6774,57.59085,653.9898,864.2485,-443.9341,378.52783,881.0709,-174.95772,512.7569,802.1207,-530.18665,442.24628,797.4764,-657.0587,488.54465,772.5744,-573.571,463.64365,770.6154,-747.1579,498.97223,754.5434,-575.3398,469.91608,755.151,-715.49585,506.4195,762.885,-525.73883,469.40167,762.5023,-658.7309,623.0654,1090.5509,-111.446045,499.3308,1087.9009,111.35867,671.1461,1329.3577,-49.370483,465.04565,1295.566,482.03738,722.0685,1533.3108,132.41885,488.70392,1477.0541,943.0684,722.25146,1553.3853,134.72845,518.0845,1508.3047,980.2237,725.0781,1642.64,-137.45468,398.6568,1543.6683,841.7085
006.jpg,507.85452,611.2318,-391.7775,527.76495,588.5446,-408.59402,538.3488,588.38,-408.61328,549.028,588.6493,-408.57697,507.86813,588.8224,-360.19815,504.26224,588.692,-360.25275,500.79135,588.80176,-360.40668,577.29456,602.28925,-353.41812,514.75446,598.82446,-130.62866,530.504,643.542,-361.70227,508.15503,640.33435,-298.01974,662.244,739.49316,-345.19995,471.875,745.06476,38.58111,649.8106,885.5197,-476.799,380.5817,883.3424,-226.77776,510.159,795.2792,-535.81506,444.50082,790.81134,-746.9741,489.93478,760.9872,-581.3697,464.5659,761.96466,-842.9981,499.01654,743.9764,-580.6395,471.44998,746.9135,-808.6109,504.99643,753.8192,-529.8182,471.92972,756.08167,-749.5782,622.04987,1096.484,-119.01838,500.2347,1093.4857,119.03715,670.16425,1334.1295,-56.238132,466.29593,1297.5723,545.2462,724.7929,1544.5388,136.1091,487.1437,1480.0615,1075.5723,726.5443,1569.9022,138.81784,515.76447,1511.4397,1118.8208,720.5535,1644.063,-147.9241,394.58264,1544.3528,974.039
007.jpg,508.03162,611.0737,-379.90714,526.79016,588.6621,-396.83957,537.4861,588.37476,-396.84262,548.04895,588.4777,-396.7803,506.9718,589.2125,-348.22424,503.19873,589.3586,-348.2869,499.47775,589.7061,-348.44138,576.91473,601.3882,-344.37985,513.0609,600.13165,-119.59019,531.67786,643.14044,-350.79904,508.72147,640.547,-286.54053,665.27,736.3052,-336.14334,471.21252,746.545,46.83156,648.47925,875.69916,-464.29495,380.19467,882.10596,-209.69893,509.90384,794.0906,-517.109,443.7357,790.33777,-724.8797,490.49783,759.1576,-560.7232,464.1191,760.54205,-820.7472,499.64923,741.15485,-562.7193,470.1482,744.48236,-787.71155,505.53726,751.5815,-512.1459,470.71506,753.79895,-727.89264,623.3581,1091.5707,-117.090416,500.85187,1087.857,117.06118,672.2943,1331.2817,-38.33868,463.544,1293.2487,508.86136,724.5838,1535.3857,168.75493,487.38217,1478.36,1002.8015,727.664,1558.4792,172.88712,514.8898,1507.5442,1042.2336,723.22296,1641.0051,-109.11698,400.08673,1544.0189,896.0768
008.jpg,505.41187,611.7169,-358.68872,526.4136,590.336,-369.0413,537.5535,590.1902,-369.0686,548.41656,590.57043,-369.04926,505.40176,590.7706,-325.9149,501.5812,590.5364,-325.97458,497.3019,590.42816,-326.1141,574.9413,604.4906,-299.2832,509.0842,600.7823,-98.531,526.8638,642.35516,-324.18607,503.6678,638.8954,-266.8756,657.41876,737.2059,-308.63965,461.37485,742.6998,54.051216,642.0078,872.49884,-473.8239,374.8535,866.38416,-222.50587,505.18347,796.96185,-587.3399,436.98117,792.2822,-732.6473,479.9155,770.72705,-642.93225,461.89838,764.5098,-829.0089,489.8518,754.9053,-643.9586,470.12628,749.7099,-796.60583,498.3546,761.3622,-584.291,469.82556,756.1845,-735.1875,618.61914,1093.3231,-119.10837,496.04004,1091.99,119.07146,669.7856,1332.9382,-72.00696,462.2355,1296.6299,532.6341,721.8313,1544.0638,97.86056,485.75043,1471.5618,1044.2308,725.2495,1566.1669,98.77301,513.2561,1504.095,1086.4232,715.7361,1643.9401,-186.76614,392.77124,1535.4402,941.59595
009.jpg,502.46823,613.2193,-394.1029,523.04425,590.6124,-410.66956,534.0017,590.8627,-410.66953,545.0345,591.79517,-410.61652,502.0307,590.30786,-362.9658,498.19604,590.16095,-363.02872,494.8644,590.2771,-363.17856,572.649,606.16626,-356.57065,506.87958,601.1737,-136.36775,525.4947,646.7582,-364.3935,502.15652,642.96564,-301.3773,656.1086,738.5969,-353.2652,461.9614,748.83167,34.471474,652.74567,872.10455,-501.76956,371.07535,887.20123,-216.49504,504.5775,799.7983,-597.4479,435.5123,803.91516,-738.2455,483.04797,764.54407,-649.8154,459.18735,773.42706,-836.45746,491.71225,748.6115,-649.7138,463.94244,756.9307,-804.12195,499.42,758.8999,-592.5032,463.13858,766.4343,-741.13184,617.8323,1097.1864,-123.026024,493.9637,1096.6661,122.98889,665.3688,1337.1373,-49.063427,457.8831,1302.569,560.7967,717.45404,1543.7811,144.89143,480.8677,1483.4906,1097.6232,722.1909,1563.6235,147.72043,509.01956,1515.0819,1142.1372,714.1765,1649.1621,-143.68819,387.5299,1552.1475,997.84625
010.jpg,506.62433,612.8194,-375.43384,526.7606,590.73047,-392.8329,537.3229,590.7425,-392.82346,548.3831,591.19434,-392.76962,506.0473,589.8201,-344.8717,502.2064,589.2366,-344.94058,499.016,588.5656,-345.0998,576.2214,603.49695,-343.5164,512.2204,596.45105,-122.96954,529.5661,645.2798,-347.77798,506.04608,641.9966,-284.57925,658.0105,736.09576,-336.5137,468.5115,745.30414,47.268574,650.61584,868.89044,-490.98907,374.23175,880.92944,-201.00133,510.92377,795.7172,-599.0832,438.39783,797.11847,-707.19037,486.126,761.6938,-648.9158,459.49112,765.74866,-800.35455,495.4366,745.9543,-646.8503,467.52264,752.5976,-764.87195,502.00964,755.87585,-593.7856,467.7467,762.0863,-708.004,622.6163,1096.5786,-121.75705,498.91644,1096.5908,121.68159,668.7381,1332.727,-74.94062,460.3568,1302.6619,537.39417,720.60944,1547.7058,87.213715,483.35486,1487.9924,1040.6915,727.0655,1569.0167,87.56803,513.7233,1519.9246,1082.3331,717.0765,1654.5248,-197.38486,390.25043,1551.8043,942.38477
011.jpg,509.39352,607.948,-375.56604,530.36084,585.1333,-394.1,541.315,585.27246,-394.0877,552.24097,585.76807,-394.01895,508.00952,584.49854,-346.6378,503.82184,584.07764,-346.69736,499.74,583.6554,-346.84344,579.3884,599.10187,-345.57513,512.6394,593.3175,-127.061584,532.89355,641.0231,-347.65665,507.90445,637.94574,-285.04358,660.8836,730.0695,-333.61807,472.09094,738.5853,46.036415,657.25995,870.71716,-450.21384,379.27435,879.19116,-184.85634,510.5269,800.69995,-516.69885,442.471,792.9938,-674.11914,488.1183,769.45746,-559.15967,464.55176,761.62054,-763.4209,497.45947,749.7659,-557.5902,470.98337,747.95197,-732.23816,503.9877,758.44977,-509.89276,471.2724,756.4523,-676.2934,622.3881,1090.1023,-115.49083,498.18237,1088.4172,115.447365,671.36725,1332.9362,-37.264153,463.62766,1296.5289,502.2367,721.9267,1538.2937,164.47145,484.21283,1479.9545,981.2714,721.5896,1557.4297,168.89444,512.9976,1511.2405,1020.46014,729.18933,1646.5616,-102.6057,397.03293,1547.6433,883.2772
012.jpg,507.64072,604.68915,-380.63196,530.38135,582.5544,-390.96146,541.5086,582.8758,-390.97498,552.16486,583.72327,-390.93433,507.84344,582.1612,-347.60788,503.33234,581.9435,-347.6751,499.22522,581.6447,-347.80615,577.66675,600.3412,-320.3967,510.0781,595.38336,-119.00897,529.58875,637.4723,-345.98053,505.52878,633.1177,-288.48584,660.75574,735.17773,-328.8624,462.52747,743.58606,40.201733,649.38635,865.1462,-466.09763,379.31958,875.7036,-230.28809,503.7365,795.21735,-533.33484,440.05222,789.72394,-740.17084,482.3424,762.98193,-583.79565,465.2907,759.9235,-836.6333,490.0708,747.87244,-585.2566,471.11694,744.05756,-806.3397,498.0923,756.26276,-528.9056,470.66254,752.6399,-743.83655,619.713,1092.7739,-119.79005,496.077,1090.8755,119.76226,670.0992,1334.5269,-45.938812,460.0274,1301.5103,537.37494,721.2426,1542.0776,153.13591,485.0903,1479.4701,1054.6797,725.45825,1562.3134,156.9209,514.50775,1510.5857,1097.2523,715.66907,1647.3145,-126.43832,389.7506,1543.1257,953.9771
013.jpg,502.86154,608.3328,-398.73227,526.0991,585.55286,-409.18884,538.0888,586.0793,-409.2053,549.05426,586.98004,-409.15857,502.64706,584.8525,-365.14243,498.33615,584.39044,-365.1884,493.50677,583.86426,-365.30902,573.586,602.53436,-336.545,502.81494,595.59265,-132.28027,525.0738,641.78217,-363.21692,500.28696,635.60297,-304.83188,658.6881,735.4018,-342.21008,455.66095,742.264,29.175013,652.9955,867.546,-523.16095,370.74286,876.7186,-244.21838,506.082,794.06525,-654.6631,431.53683,794.98834,-770.9287,481.90765,764.7553,-713.9561,455.2327,762.7088,-870.8498,489.3638,748.68384,-712.05634,462.47937,744.9434,-840.30975,498.3099,756.77625,-650.4677,462.13718,754.36145,-775.0247,619.04645,1097.676,-121.18929,492.85052,1097.3016,121.14957,667.2754,1336.0555,-39.926693,454.77216,1302.9597,556.3337,718.26385,1549.6195,162.27759,482.68832,1484.3376,1099.1823,722.6218,1570.5958,165.43141,511.5544,1515.2545,1144.1309,710.96484,1650.2145,-129.14062,390.40686,1545.7313,996.4111
014.jpg,496.70105,609.5613,-357.41977,515.9495,587.93506,-373.96323,527.04266,588.1704,-373.96042,537.94,588.6665,-373.89325,497.08423,587.1425,-326.38364,493.63733,586.9448,-326.4492,490.25235,586.9614,-326.6048,568.2133,602.19324,-325.79318,503.6002,598.1056,-106.0449,518.48267,641.6254,-330.36212,497.07272,638.7776,-267.46857,656.0995,733.8539,-322.75668,455.2639,741.1739,55.281643,648.6138,863.68585,-463.6623,367.16464,879.0636,-182.80118,501.85687,794.96783,-546.6855,421.56644,795.6851,-683.2457,475.82346,765.23584,-595.94073,442.36084,764.3798,-774.8146,481.31372,747.5837,-591.14514,450.67368,747.9324,-749.04834,489.76776,757.39264,-539.865,450.89624,757.1316,-688.35297,614.3967,1093.9663,-116.171585,489.98883,1091.7272,116.10319,666.64435,1338.9868,-38.268444,455.0325,1299.728,486.88376,714.94946,1540.6733,172.67906,478.40546,1486.7205,964.52423,717.614,1558.7974,177.56476,507.08087,1517.6877,1003.1524,719.59265,1649.6532,-96.948494,390.9518,1550.211,857.7383
015.jpg,501.19775,602.94305,-353.3516,521.37024,580.79,-366.36212,533.25885,581.52875,-366.3634,544.4988,582.59424,-366.30276,500.49738,580.22876,-321.3985,496.23935,580.0996,-321.4735,491.51016,580.12036,-321.6256,570.9511,598.36597,-310.36154,503.16074,593.03687,-101.56866,522.6191,635.6678,-324.30524,499.37433,631.52826,-264.50574,656.27124,735.26733,-310.5653,454.88336,740.30664,50.588852,637.5083,870.61176,-438.0057,361.6818,871.78503,-196.0609,501.27243,789.25885,-507.63562,426.41226,783.5028,-678.0989,475.8843,759.7181,-553.4759,450.997,755.35187,-766.3469,484.07877,743.85815,-550.0154,460.315,738.3532,-736.3566,493.3699,750.8984,-501.39462,460.14432,747.7642,-680.8453,613.69415,1096.8644,-113.81444,489.52753,1096.5433,113.77872,662.5426,1334.8191,-43.20118,453.7427,1299.8062,505.1423,714.0643,1542.8302,158.92456,480.2084,1478.054,1000.33124,715.9865,1560.9252,163.41179,509.22238,1510.7408,1041.5204,713.7238,1648.3237,-107.72928,388.09308,1545.1133,904.9134
016.jpg,499.69806,606.32227,-356.74756,518.94324,584.8459,-371.79727,530.2301,585.0208,-371.82925,541.3453,585.51764,-371.81757,499.88303,585.0762,-324.9882,495.7986,584.9836,-325.05258,491.21,585.1001,-325.19254,569.8233,600.34924,-317.46454,503.6868,597.03265,-100.797554,520.37256,636.7639,-327.55112,498.3379,633.9045,-265.7046,656.496,735.5665,-327.41318,455.19904,738.42694,60.348114,635.5377,868.97516,-452.105,367.8641,863.87915,-204.23479,499.75763,793.68994,-500.31662,422.0531,792.8288,-726.56146,474.40253,769.7745,-546.01843,444.43097,762.5425,-822.4058,480.73395,752.13525,-551.6413,456.41797,746.6425,-794.8188,489.71823,759.29364,-497.08484,456.44086,755.2817,-732.37897,609.1106,1097.9535,-120.82634,486.90967,1096.4071,120.78419,661.59576,1339.147,-43.766273,451.56757,1304.821,503.1443,717.75604,1548.1974,146.7216,478.5929,1484.0332,982.28894,723.71423,1568.0778,149.52301,507.04605,1517.5294,1020.7292,715.2029,1654.1898,-127.18169,387.50684,1547.8982,878.2443
017.jpg,492.5345,603.6073,-355.25912,512.7974,580.4924,-372.84897,523.74567,580.46954,-372.86005,534.7212,580.7715,-372.8375,492.3464,581.35596,-325.15405,488.58673,581.4631,-325.19058,485.07693,581.90094,-325.34332,563.8438,596.6225,-326.0625,497.334,595.122,-105.64761,515.10205,635.9516,-328.53677,493.332,633.23,-265.33636,649.58545,732.61035,-316.73816,453.43506,741.66986,48.060604,638.8117,870.1519,-469.32007,362.1676,879.6178,-203.82278,495.0442,786.71063,-574.83386,426.08597,790.8201,-696.27594,470.96387,755.3167,-626.0487,450.48306,756.4624,-787.71405,478.21713,741.32837,-620.78314,456.53278,740.69867,-754.4371,486.6096,749.8272,-568.32,457.31635,750.26666,-697.82666,607.2523,1098.7136,-111.50716,484.51636,1095.1841,111.5102,658.13104,1338.5299,-80.15096,447.445,1302.5369,544.6961,714.1965,1554.4447,87.27522,474.76837,1481.571,1074.7881,715.6025,1576.9164,87.77226,503.8064,1512.7524,1119.0894,715.3426,1658.8424,-196.30466,389.8478,1551.9844,980.2552
018.jpg,486.73694,604.89026,-373.39868,506.788,581.724,-391.47208,517.8353,581.48505,-391.51276,528.7326,581.6161,-391.4965,486.85403,582.1056,-342.80154,483.39258,581.8733,-342.84308,479.97742,581.6743,-343.0214,557.147,595.79443,-342.3169,493.1555,592.9547,-116.26072,508.64478,636.3843,-345.11667,486.85132,634.4988,-280.44025,647.92084,733.31476,-340.33438,445.9894,739.47046,47.915268,624.3156,871.6832,-511.78122,357.58618,874.1723,-221.02788,490.50702,789.23083,-634.7287,413.4005,790.0477,-738.0941,463.72595,759.1392,-692.68195,437.68,758.29926,-832.65857,470.8888,742.45874,-688.6565,446.50464,740.48517,-799.66003,480.60287,751.0952,-629.6438,446.45468,749.39374,-740.3923,602.8385,1098.1819,-119.62802,478.9261,1093.3567,119.55995,653.0919,1338.8549,-48.6403,441.40613,1300.8639,556.2131,708.24084,1544.9187,154.5411,471.8432,1479.0203,1094.7961,716.9867,1565.4597,158.91083,500.48892,1511.03,1139.7472,703.68646,1655.8131,-126.07416,380.42303,1549.5099,993.34375
019.jpg,478.5575,603.68164,-398.0859,499.6694,580.93085,-414.36752,511.00278,581.2452,-414.39664,522.3673,581.90894,-414.38193,479.4693,580.79846,-365.3152,475.67575,580.54736,-365.35742,472.22278,580.37524,-365.50784,551.97064,597.8765,-358.36475,486.0114,592.8805,-131.96774,501.27795,636.2707,-367.9738,479.53378,633.0392,-303.24966,640.28217,733.6821,-364.0969,441.14957,738.4938,38.854816,617.8027,872.41895,-525.081,349.69244,868.57635,-246.98563,486.04642,781.0819,-610.89703,406.98227,785.3689,-796.1124,456.62827,755.44904,-666.2514,428.8046,752.77325,-898.9444,465.06476,737.60114,-669.1053,439.20575,735.9273,-862.5284,474.9113,744.67554,-607.599,441.34915,744.54297,-798.8139,598.8249,1098.7174,-125.92948,476.7007,1095.8671,125.95932,649.16864,1340.6561,-47.883965,436.2217,1301.4333,568.7168,700.87616,1548.6111,143.02911,469.6879,1485.3579,1102.9025,714.9856,1573.6644,145.27908,500.17078,1520.018,1146.2139,689.5743,1662.471,-146.54614,374.58026,1550.7864,999.16296
020.jpg,471.69202,606.49146,-388.32724,492.16626,583.7459,-402.99875,502.95367,583.49817,-403.0559,514.188,583.7599,-403.05014,472.0629,583.2544,-356.8464,468.4965,582.59753,-356.87885,465.2094,581.8298,-357.04367,542.3856,597.26465,-338.68597,477.51907,592.15295,-124.23957,493.99554,636.04846,-354.54956,471.38254,633.00476,-293.35373,628.2096,725.46075,-343.88718,432.05746,731.40326,52.532394,612.41345,869.1994,-518.8081,349.10336,868.2928,-233.18521,478.29245,790.2148,-642.60254,400.268,789.314,-769.8131,451.51318,762.6132,-699.56116,419.72037,757.9759,-868.9503,459.05023,745.03284,-698.0449,429.2755,738.22076,-832.77673,468.88663,751.9193,-637.8893,430.37668,747.7616,-771.6717,591.43164,1092.3938,-130.46408,468.10803,1089.0724,130.43407,640.95966,1333.1923,-82.4804,430.27942,1297.7053,607.9249,695.7664,1545.6978,81.37874,460.10602,1478.837,1173.4591,704.3285,1568.8734,81.172844,491.35464,1512.9814,1220.7238,690.747,1663.8542,-220.75616,367.9402,1546.3086,1076.0348
021.jpg,465.9787,603.7306,-362.4385,486.7983,581.2483,-377.32196,497.31015,581.0277,-377.3555,508.29224,581.28796,-377.3338,466.9625,580.88385,-330.33304,463.23914,580.44116,-330.38754,460.12198,579.8616,-330.53802,537.03796,595.2395,-323.3568,474.3962,590.6727,-105.29536,488.22845,634.3931,-333.56827,466.3712,631.9315,-271.1058,624.4409,728.9977,-334.50824,428.26196,737.7081,54.370056,610.391,863.7648,-497.684,345.3792,869.50507,-221.33055,464.91083,799.45624,-603.967,394.9629,789.8197,-752.5115,438.2081,774.85443,-659.37933,418.16705,760.19916,-851.4879,446.91925,752.6592,-662.74023,425.78253,739.9322,-819.1579,455.60806,760.7557,-601.1945,425.7802,748.7095,-755.99817,587.71704,1099.0513,-120.859726,463.18723,1097.3107,120.82638,638.5336,1341.3071,-56.67665,426.22083,1303.7998,547.2868,691.2368,1555.0049,123.566826,454.29782,1482.788,1072.437,699.3913,1577.1023,124.5293,485.69937,1514.3171,1115.6643,682.5509,1655.4169,-166.6284,365.02454,1550.4536,972.8796
022.jpg,459.83795,597.7864,-374.3972,482.09003,574.611,-389.31793,493.24954,574.456,-389.32953,504.50967,574.8799,-389.28857,460.30954,575.4493,-342.2394,455.82764,575.4997,-342.27982,452.34546,575.47516,-342.42145,532.3028,590.5469,-332.9377,464.72906,588.95123,-114.92777,483.77792,631.04584,-344.34332,459.90912,627.97943,-281.86615,622.77264,730.45654,-340.31323,420.34372,735.1244,45.6943,603.9477,865.0852,-518.4817,338.70587,870.22723,-240.29756,461.26703,794.1291,-644.1104,388.26282,788.6405,-778.31586,433.3796,771.18475,-701.37823,409.46674,758.25824,-878.59375,441.17923,750.2613,-702.2001,418.83215,740.5923,-844.46655,451.3519,756.7664,-641.0177,419.64465,748.6122,-781.12714,582.8867,1098.3663,-122.40098,457.33282,1096.901,122.30043,631.1095,1333.356,-58.98413,420.7538,1297.8983,553.8192,681.5102,1550.8732,120.36808,450.61273,1484.9097,1082.9978,687.753,1572.7598,121.06066,483.14276,1518.1572,1126.5966,685.82404,1662.2166,-175.45746,362.06393,1549.2968,983.89734
023.jpg,453.63184,605.19556,-369.76553,474.5118,581.11444,-389.16425,484.64212,580.72186,-389.20966,495.25775,580.60376,-389.19452,455.6457,580.4719,-339.1293,451.78854,579.852,-339.16534,448.3785,579.1157,-339.32178,524.92773,593.08264,-346.10074,466.5864,589.906,-113.93035,475.6949,634.80334,-343.77707,454.598,633.2295,-277.27972,615.90607,724.9786,-351.66534,418.3373,734.87024,57.73102,596.03326,872.04694,-517.22406,331.80927,873.33716,-219.21402,457.4265,793.10065,-632.2418,382.24503,793.12634,-760.372,429.7317,768.1086,-689.0244,402.88788,764.2027,-860.1545,439.5862,745.51843,-689.291,411.58902,741.66986,-825.1001,449.12286,751.3741,-628.4224,412.82608,748.50885,-762.96625,576.40424,1094.0521,-133.5152,453.97467,1093.8832,133.49997,626.82556,1332.9062,-85.76019,417.0454,1298.5553,604.11273,683.2619,1555.0598,75.39698,446.23148,1483.8221,1159.3385,691.4463,1579.6561,74.11804,479.2065,1517.4086,1205.5333,677.2755,1664.8695,-228.38942,349.66724,1550.8358,1064.395
024.jpg,452.55273,603.79175,-410.9781,473.65244,580.1823,-425.3565,484.64764,579.77795,-425.38187,495.52948,579.8086,-425.3477,452.3358,581.0104,-377.6517,448.0249,580.8604,-377.653,444.42758,580.66504,-377.77042,523.759,592.70654,-360.33292,458.46054,591.2748,-139.4573,475.9115,634.4945,-377.4002,452.4043,632.683,-314.15573,614.33295,726.591,-366.57367,418.66434,733.77124,37.31776,593.93115,866.6294,-536.0544,333.56586,868.52277,-267.39105,459.01645,784.24054,-636.51733,382.2162,789.1351,-839.57104,430.38422,759.59406,-691.4473,400.10403,758.41986,-944.21826,439.6497,738.03436,-695.24316,410.49567,738.18134,-907.6015,449.43744,744.9391,-633.9428,412.65506,747.11847,-842.983,578.96545,1095.5228,-126.36752,452.7286,1094.821,126.36247,625.5176,1331.1775,-57.080517,417.25604,1300.3042,579.6446,676.9433,1549.7428,118.66866,449.69272,1489.3613,1120.6855,684.66376,1570.5568,118.50552,481.27072,1521.4329,1164.8915,675.24677,1662.1282,-186.78128,354.80032,1554.2073,1019.5017
025.jpg,455.37418,601.6328,-404.44153,476.69873,578.10864,-417.12506,487.50162,577.7509,-417.16513,498.38574,577.59937,-417.1426,454.8886,578.24146,-372.1407,450.1646,577.89154,-372.1638,446.54004,577.3737,-372.30743,525.0444,590.4958,-347.99167,460.65256,588.87695,-138.91852,478.84332,630.47504,-369.48077,454.4456,630.5484,-309.73553,614.8762,720.47003,-355.381,420.03824,733.48553,40.714573,598.7913,873.4158,-537.5337,338.27682,872.3764,-254.47816,466.28415,792.0207,-666.89514,382.23172,794.0142,-804.1588,435.36725,769.86566,-721.3756,401.03946,764.5573,-903.79266,443.56317,748.4658,-721.101,411.74164,742.3857,-867.3111,454.44125,753.7623,-662.6515,414.09354,749.8486,-806.477,578.728,1089.4941,-129.6133,455.88702,1088.9348,129.57335,629.84033,1326.8253,-95.99966,422.29562,1299.6525,578.1591,682.8582,1552.3073,52.831814,454.1032,1487.462,1116.1473,695.97864,1577.6523,49.99665,487.7341,1519.9457,1159.8265,675.421,1663.3301,-255.24013,357.91745,1554.6855,1015.98724
026.jpg,461.7134,606.53375,-404.7338,482.07974,581.5691,-423.4169,493.24625,581.24866,-423.4516,504.17416,581.1604,-423.4448,461.6371,582.09454,-374.0491,457.37177,581.7278,-374.07944,453.86877,581.499,-374.21265,532.9359,593.28906,-373.5797,469.3197,591.7437,-144.77727,485.06128,637.915,-376.19574,463.61658,635.83844,-310.54074,626.5454,729.71106,-384.2151,431.37646,734.5244,35.941917,594.41724,874.3449,-562.0918,344.9321,869.94244,-268.7135,468.29114,788.0594,-673.7981,389.046,790.7429,-840.20966,440.28397,762.4654,-733.1036,405.8481,761.33,-944.5485,449.36847,740.5165,-734.90436,416.66638,740.9382,-907.9746,459.0541,748.2651,-670.9968,419.14038,749.3816,-843.56506,590.5612,1098.2712,-135.94489,467.40237,1097.7102,135.93616,638.24286,1335.1556,-78.62642,428.29453,1297.1979,618.9062,690.04944,1550.9017,86.96064,465.88406,1482.3445,1186.8381,701.42,1573.821,85.94708,501.1236,1515.983,1234.0835,682.9761,1667.9054,-221.11255,367.43228,1548.4493,1096.3873
027.jpg,469.3429,603.8101,-406.1454,489.53418,578.5173,-418.26672,500.6988,577.7559,-418.31113,511.776,577.4152,-418.30148,468.15512,580.6015,-373.9114,464.23734,580.8433,-373.93146,460.19302,581.4125,-374.05496,540.806,590.6043,-346.94864,472.54984,593.1468,-139.90811,493.48047,635.8111,-370.32162,471.01593,634.2651,-311.03815,632.78314,725.1875,-364.9506,438.40567,738.82587,38.802948,612.1875,866.16956,-567.47485,348.82578,865.53107,-281.78046,475.33896,787.9857,-707.07806,396.2957,789.8212,-852.2242,445.42044,767.45966,-765.83997,416.66504,762.0149,-953.9478,452.7051,748.9532,-764.8771,427.06485,743.85645,-918.1657,463.35315,754.42615,-703.4719,427.97168,751.19464,-856.1124,598.55914,1098.5593,-131.22751,475.71182,1098.9924,131.15956,646.084,1337.7036,-64.777565,436.42123,1301.3728,589.2767,700.7272,1551.1337,103.20664,472.2848,1484.5558,1138.0017,710.27094,1570.0669,102.424164,506.7116,1516.7734,1183.1619,699.88086,1670.0527,-204.38835,377.1796,1552.8788,1043.6763
028.jpg,479.01453,603.0061,-393.12164,499.15674,578.2391,-408.65292,510.82117,577.78516,-408.70328,522.35504,577.74963,-408.7045,478.036,579.56104,-360.57703,473.9766,579.51843,-360.59485,469.2724,579.7224,-360.73447,551.60126,592.1068,-348.3699,482.79388,591.2605,-125.31155,502.63647,635.0357,-361.13947,479.81522,632.731,-297.21396,644.0148,729.55615,-365.8159,445.69315,738.1094,51.5488,606.22314,868.35046,-557.69934,358.37613,870.92773,-256.87436,486.45837,784.82336,-687.37396,401.14954,791.05695,-835.0003,455.07526,761.9727,-745.0473,417.1228,763.1622,-939.08685,462.9871,741.7386,-752.38043,428.3313,745.85254,-904.6056,473.70117,748.0904,-687.70734,430.92838,753.25244,-840.1386,607.3734,1100.8896,-127.53418,483.2543,1099.7205,127.508156,656.6926,1336.2346,-76.5157,445.9784,1300.4937,569.24475,705.31494,1558.5127,80.041046,483.59174,1487.3346,1100.47,714.64746,1584.3488,77.91721,519.4162,1521.4087,1143.1772,700.6918,1670.5669,-224.52261,390.0011,1550.3003,1002.34674
029.jpg,487.83713,606.09625,-390.59674,506.24902,581.76556,-407.23764,517.10626,580.915,-407.30673,527.86163,580.23,-407.30124,488.05768,582.2676,-357.38004,484.63113,581.78174,-357.41724,480.5743,581.2963,-357.57132,558.0206,592.4378,-352.69055,495.64865,590.6554,-121.2552,508.43283,634.6858,-360.71014,489.16425,633.4083,-294.50223,651.279,731.2397,-368.9352,459.4224,737.91113,61.2221,622.0513,877.3992,-562.9191,374.72614,872.8624,-231.72725,492.2869,787.24396,-697.51447,408.8582,793.8779,-806.581,459.30563,766.24713,-757.74615,422.84067,762.38196,-909.70337,467.3617,747.6155,-758.2839,435.5215,743.2313,-877.3812,479.84045,753.21497,-694.42834,439.1495,751.6775,-812.1003,613.6307,1099.868,-138.70474,491.52304,1099.9802,138.65514,664.5928,1335.4076,-83.024536,458.16376,1300.7479,594.4042,723.9201,1562.5508,86.38987,493.24924,1489.5527,1145.603,733.1171,1587.5312,85.92196,526.2207,1522.8761,1190.7535,715.3705,1674.0166,-218.69487,393.12756,1552.867,1043.3981
030.jpg,496.26596,603.3928,-379.60327,516.02014,581.87213,-397.50595,526.6089,581.7513,-397.58636,538.01794,581.9172,-397.61172,497.4463,582.38556,-349.6903,493.36154,582.30115,-349.7314,488.2735,582.4663,-349.8847,568.1421,596.5052,-348.0997,501.7403,594.6413,-125.81669,514.22974,633.6588,-351.49228,494.31766,630.5491,-287.7025,661.8913,729.9459,-364.29694,461.68878,741.88257,54.769135,639.73956,874.36835,-549.14215,377.2208,872.63855,-225.2061,505.9148,799.87555,-686.2412,415.31268,796.7528,-793.3572,473.62613,776.17975,-746.09204,429.8939,766.9867,-894.1969,480.78378,755.74634,-746.4096,439.0026,751.31744,-867.1172,490.64896,762.39026,-682.9012,440.82834,760.2191,-801.11426,624.6923,1101.3657,-126.37406,501.26874,1099.9553,126.36979,675.1753,1345.0138,-77.8871,464.68906,1302.5436,563.43427,731.8201,1562.011,89.844444,499.4598,1485.4609,1103.5044,742.7146,1585.3591,89.47484,533.20056,1517.0474,1147.5626,723.4913,1679.9751,-208.02824,405.21295,1553.2189,1005.2433
031.jpg,499.87442,606.08344,-384.4128,518.1862,582.28235,-405.11243,529.0512,581.9173,-405.18018,540.2069,582.0046,-405.1822,500.75543,583.21674,-353.58356,497.13678,583.0333,-353.6358,492.9427,583.12,-353.78107,571.70734,596.61804,-360.686,509.47043,593.95807,-121.71083,521.23035,636.6103,-357.30176,500.68777,633.939,-288.9445,669.2122,732.82025,-373.6214,473.199,741.68,69.05928,626.18085,886.09064,-526.65643,382.0658,876.2903,-220.01062,499.8483,793.67535,-610.7034,416.9193,797.33905,-803.9744,469.29596,769.8327,-664.13385,432.32834,765.8376,-904.41656,476.84235,749.9311,-666.3038,444.02338,751.04224,-876.97107,486.67346,757.61346,-606.4843,446.93225,761.2015,-812.25244,627.0993,1096.3837,-135.84131,505.94653,1090.9536,135.78514,675.9557,1346.3499,-79.44211,470.5477,1308.3702,561.18085,741.29095,1562.7512,97.27149,507.86826,1489.2014,1088.4354,755.94855,1588.439,98.00003,540.5974,1522.7167,1130.7134,719.4778,1674.5717,-202.20648,421.07678,1560.4615,978.93677
032.jpg,507.5217,610.34753,-384.44116,526.25476,585.02795,-411.8833,536.3382,584.67163,-411.9047,547.234,584.2239,-411.9154,507.6033,585.3106,-357.01257,504.64917,584.9564,-357.06348,501.80453,584.59656,-357.21002,579.7943,595.7179,-387.6588,518.7922,592.9292,-134.48758,529.3602,641.3595,-363.73334,508.43658,640.1167,-291.06775,672.0983,731.8596,-393.09055,485.0604,739.46277,57.614437,629.1717,888.09814,-510.966,388.81186,878.5892,-227.26027,499.26135,804.2655,-551.2792,431.85938,792.0483,-801.0486,471.50235,776.44055,-595.836,447.57315,762.0942,-899.1729,480.51614,756.1633,-600.1351,458.5218,745.3584,-863.2728,490.42786,764.8159,-546.38245,461.75787,755.25446,-804.79535,638.0446,1103.5901,-133.92021,516.0219,1098.8965,133.89943,687.02057,1351.0841,-113.08741,482.28906,1307.196,564.9837,748.02344,1573.5122,31.415752,516.63074,1491.9663,1081.2279,758.4971,1599.0209,28.85474,548.4602,1525.8802,1122.8696,736.1317,1689.6089,-267.65897,423.02798,1557.6592,987.4159
033.jpg,513.3976,607.93713,-408.27744,534.0194,585.0176,-426.7708,544.8645,584.4716,-426.89078,556.1677,584.37695,-426.96133,514.1195,586.27673,-375.0326,510.73032,586.19574,-375.0736,507.2645,586.1865,-375.20462,585.8229,598.30206,-374.57706,522.9656,597.32855,-135.77748,535.2638,639.52136,-378.95047,513.529,636.2986,-310.6909,678.99786,734.9002,-413.6437,484.75308,742.1538,83.727066,637.5108,880.9221,-628.75586,401.09332,868.668,-207.15363,509.93155,798.1022,-783.5484,388.7111,820.00806,-857.9905,478.2352,776.1701,-853.32935,407.83002,787.1649,-965.06683,484.19284,756.84424,-854.2643,437.61176,758.6933,-952.2738,494.84113,763.2532,-781.0455,404.45618,779.75854,-875.24744,641.4783,1104.0428,-152.02159,520.9459,1101.4486,151.92062,691.8298,1350.4756,-106.29786,483.29654,1303.387,613.27625,754.87616,1573.5237,46.530563,520.67755,1489.9567,1162.496,770.2721,1598.8042,44.613327,554.1367,1524.2046,1206.47,737.7842,1688.0645,-263.07806,424.144,1554.6328,1063.1049
034.jpg,512.131,612.21155,-375.72345,531.6417,588.27203,-398.9192,542.5317,587.2829,-398.97778,553.65906,586.63275,-399.00522,512.3957,589.6668,-346.01517,509.22107,589.65125,-346.02347,506.1743,589.8479,-346.15573,585.0188,599.1248,-360.74667,523.0105,600.11145,-116.41168,535.4631,644.3328,-350.4538,515.0979,642.17236,-280.4643,679.1323,735.15356,-378.29694,493.23822,743.6035,78.76947,641.852,885.27936,-519.3211,400.8688,872.7252,-204.63742,513.4113,799.98,-571.9481,431.63794,798.45795,-785.56476,479.83337,776.7487,-622.0125,442.96017,767.09094,-887.0781,487.42252,755.3286,-626.79407,457.6129,747.88776,-859.2082,498.63614,762.6421,-568.07806,463.0359,758.44116,-794.19464,644.5233,1109.2949,-135.18987,523.6265,1104.709,135.22021,693.5254,1353.0247,-79.003525,485.87473,1306.859,573.7808,745.6009,1569.861,76.26712,521.91235,1489.3593,1099.5013,757.9677,1598.3845,73.973526,559.0206,1522.6019,1141.5598,735.34955,1695.2854,-229.66107,427.672,1555.2942,1002.8198
035.jpg,516.6436,612.7072,-364.05972,537.49896,589.7261,-385.18182,549.2003,589.5837,-385.25827,561.1837,589.86633,-385.30615,517.758,590.1989,-333.9639,514.5066,590.0147,-333.9732,511.98743,589.76324,-334.09012,592.2166,604.9737,-344.02878,530.5833,601.7866,-106.946014,540.84344,645.5904,-338.28735,519.5563,642.0272,-270.37372,682.7817,736.8194,-378.46716,495.88852,751.7634,92.81291,641.68445,890.47864,-540.0026,402.22424,876.5624,-177.2714,510.80344,807.76666,-624.2339,419.30322,812.2051,-777.94104,478.8105,785.4214,-683.9693,441.51312,774.78357,-881.00806,486.91528,762.13007,-691.7347,457.17957,751.9997,-863.55615,497.98508,769.5444,-622.8012,462.99417,760.1936,-791.186,649.5373,1112.6785,-137.27562,527.01434,1109.1786,137.23718,696.98596,1360.8552,-38.44682,491.73117,1313.2167,561.70233,756.4362,1573.8289,142.40283,526.95667,1489.2938,1072.7394,772.24,1599.009,143.67586,561.4485,1523.2754,1114.2697,745.5957,1693.1536,-144.72096,436.08612,1557.8914,979.8805
036.jpg,521.0527,616.44244,-406.6767,541.5203,593.2887,-425.6812,552.53723,592.3744,-425.78305,564.13,591.92426,-425.84824,521.52527,594.75085,-372.6368,518.1928,594.5723,-372.66144,515.1998,594.2824,-372.80756,594.3717,603.713,-376.81796,533.8423,602.84784,-130.58437,545.2863,646.74316,-378.3241,522.8989,644.3913,-307.91595,688.777,741.96936,-409.5381,498.95438,748.7898,64.72476,645.924,887.48444,-613.57904,401.9405,877.3497,-247.36719,520.34235,796.4594,-725.2589,440.14038,802.37195,-860.9723,488.6943,772.062,-790.7074,453.41467,772.285,-970.5549,496.60614,752.0784,-792.88654,467.28436,751.2695,-939.4439,507.01166,759.90845,-722.70294,470.66647,759.8736,-869.327,654.0472,1113.8582,-145.39636,531.6821,1109.2388,145.37733,702.9306,1358.8301,-70.91194,497.9947,1311.9214,634.83563,764.5963,1583.5884,108.70347,538.37885,1490.5399,1209.1492,781.83026,1610.9985,109.68414,572.4688,1523.6588,1256.578,742.2503,1699.0511,-197.14377,445.70517,1557.892,1117.5126
037.jpg,519.8647,613.19904,-385.5146,538.23914,589.91235,-401.96954,549.31494,589.06683,-402.06735,560.26587,588.54425,-402.11,519.9244,591.3636,-351.98923,516.60706,591.4729,-351.9833,512.4901,591.5117,-352.07648,590.9544,601.9759,-345.22562,529.17444,602.01996,-112.690994,541.44775,640.5392,-354.53616,520.7976,640.1136,-288.13483,687.86584,737.0293,-382.28116,495.0809,747.1384,82.48346,644.54364,884.64496,-572.8873,398.56354,870.3266,-214.95895,507.93735,811.4488,-673.33344,428.33347,805.87103,-811.0959,473.0898,792.6595,-735.4614,447.74792,772.6563,-915.3721,480.00775,772.0746,-736.5905,461.47098,753.2995,-892.6819,492.4948,778.1179,-669.6239,466.74097,761.5046,-822.42505,648.9254,1105.8843,-139.75505,528.34015,1101.8497,139.63866,696.7928,1356.2118,-29.35876,492.123,1312.9218,574.7271,759.4054,1574.6405,171.62375,538.09454,1489.1423,1100.3478,773.0741,1601.2482,174.87015,571.741,1524.2628,1143.0364,739.3349,1690.5475,-117.72992,443.47736,1558.4026,1001.23236
038.jpg,512.0776,616.8374,-402.7689,532.3441,594.46216,-415.65338,544.0149,593.9271,-415.71295,556.0988,593.856,-415.7119,511.73682,595.41003,-365.55475,508.13773,595.1154,-365.58408,504.0667,594.85425,-365.69342,585.7549,605.97205,-347.2261,520.6706,603.79895,-114.995575,535.3995,647.6876,-368.1865,513.0525,644.89746,-301.87802,676.163,740.6949,-385.6685,484.96545,750.64825,74.49574,634.70044,881.60876,-588.28766,378.58627,876.18176,-244.43086,508.1722,801.1105,-694.5424,430.5319,806.0214,-845.1279,476.23346,779.8731,-757.94653,445.97476,775.287,-955.0061,483.9507,762.5176,-761.8165,459.80203,755.33044,-921.8527,496.3738,769.1696,-693.0169,463.25613,763.6387,-851.9493,644.8331,1118.7012,-148.51265,522.7106,1115.7542,148.43523,690.69135,1357.517,-77.62497,491.94882,1313.0996,638.97906,749.14514,1587.7141,89.9488,529.2869,1497.5461,1211.1935,765.23126,1613.834,88.91092,563.11127,1531.1687,1258.6368,733.1591,1700.4437,-226.12747,434.67352,1560.0529,1117.1184
039.jpg,502.4119,613.94965,-382.52222,521.38763,591.76965,-405.54428,532.03125,591.2477,-405.55542,543.54376,591.0063,-405.56232,503.30322,591.51654,-348.76117,500.18298,590.9465,-348.78088,497.3588,590.4161,-348.8747,576.6464,602.8171,-373.13126,516.4648,598.1625,-112.82702,525.2113,646.43945,-360.65027,505.9569,643.7058,-286.00873,670.46204,741.8745,-404.5132,487.3734,744.79614,87.04476,617.609,887.18756,-551.3238,365.92365,873.52734,-204.81221,497.6275,798.65607,-580.5623,423.0251,800.7036,-807.6461,465.89587,772.6513,-633.1928,437.43732,769.0234,-913.58954,476.54208,752.4867,-639.4079,453.8852,751.54114,-881.8136,487.3213,761.7767,-577.3238,459.59735,762.06824,-815.35284,637.946,1117.0708,-144.7781,517.20306,1113.1779,144.71455,683.80725,1356.1649,-34.829437,485.2494,1312.3607,599.7777,739.3386,1578.5476,156.98807,525.6628,1495.4855,1142.3649,755.05536,1600.7739,158.75497,557.6927,1527.7191,1187.5498,730.9539,1690.7062,-144.9636,436.92606,1559.8572,1054.4893
040.jpg,501.41867,615.2171,-371.27032,520.68524,592.8439,-394.64658,531.5707,592.8225,-394.7053,543.5214,593.09705,-394.7664,503.29532,592.915,-339.02362,500.10184,592.6329,-339.0202,496.44534,592.48724,-339.12213,576.5873,607.1727,-357.5097,514.3583,601.85034,-101.74563,523.0601,646.76697,-346.37796,503.16162,643.67694,-273.42105,667.2423,741.2258,-395.16406,481.6731,740.05505,99.87504,612.874,882.2452,-543.4575,377.85608,866.72107,-194.56154,497.7668,790.18036,-560.1195,420.66873,803.1457,-798.0966,463.44537,771.96533,-610.0448,427.0126,779.0655,-901.5476,471.83075,753.0937,-615.1778,445.1344,759.8111,-875.97107,485.78082,758.3123,-555.3342,452.9599,765.5016,-808.8306,634.96716,1110.9469,-145.44958,512.42737,1103.3389,145.42624,679.74585,1357.6013,-77.15611,480.71515,1311.8838,605.311,742.9618,1581.3518,84.64208,522.4314,1489.8334,1142.5826,756.98114,1607.2118,83.61567,558.3025,1525.9716,1185.878,725.25287,1700.9045,-223.23239,427.43558,1555.0802,1050.119
041.jpg,492.31424,610.5951,-369.7458,510.11218,587.9868,-392.1002,520.4313,587.6811,-392.13602,531.45734,587.58215,-392.17752,493.52353,587.8568,-338.4147,490.7277,587.5037,-338.43042,488.0521,587.2925,-338.54456,566.32526,599.287,-355.89468,508.63464,595.7011,-108.9749,514.9729,641.83093,-345.98615,496.74783,639.20917,-275.36346,656.7942,735.04785,-381.49078,480.48914,739.12274,95.85682,624.5781,888.54846,-485.524,371.0758,879.3357,-183.68561,495.1676,806.6492,-472.2377,424.20306,793.8589,-751.9467,461.61563,786.12,-509.38608,438.32343,761.636,-850.2881,472.55734,762.5385,-517.9917,453.46323,743.51074,-814.7468,486.1529,768.5751,-467.47583,458.71744,753.89594,-756.7194,628.6033,1112.5522,-144.08691,509.05106,1107.576,144.04637,672.39374,1356.0394,-94.41714,475.1728,1314.1975,570.4059,729.3057,1578.9718,47.776875,515.28046,1493.0017,1077.3729,747.13086,1606.4711,44.46576,552.3392,1525.1124,1117.7822,712.22833,1704.7659,-257.75772,418.7111,1557.5398,988.0842
042.jpg,485.5082,610.9402,-386.72662,502.33472,588.0288,-417.40012,512.32434,588.1831,-417.4298,523.0878,588.3564,-417.44724,485.50476,587.2519,-358.14288,482.2229,586.59625,-358.19272,478.84015,586.052,-358.34503,559.913,600.7509,-401.54953,498.97955,594.55066,-130.5688,506.01807,642.61847,-368.4458,488.25162,640.8332,-290.83734,648.3427,731.88696,-410.59283,469.14886,740.2332,86.90231,604.4445,882.69446,-512.5139,363.99747,888.79333,-179.36444,487.08377,796.6193,-517.00366,407.96207,798.4854,-762.0129,454.84277,767.2136,-555.3425,425.0242,766.4668,-859.2493,469.83493,741.8463,-564.51184,435.9633,749.83655,-821.7349,480.86786,752.16113,-512.61206,440.97595,759.52423,-765.6076,624.34106,1103.7792,-143.81448,505.76056,1096.4417,143.74663,668.20483,1355.8264,-111.10099,468.30817,1309.294,560.7823,729.8078,1579.4893,40.437527,516.8599,1490.7474,1064.7736,745.75354,1607.0968,38.10152,552.4842,1524.1217,1104.3376,706.8663,1698.7072,-264.05734,424.21735,1554.1886,969.87054
043.jpg,476.59335,601.5097,-406.45724,494.57407,577.62286,-427.5668,505.4981,576.9979,-427.57913,516.7546,576.7588,-427.5957,477.1135,578.2907,-375.1355,474.1661,578.14624,-375.16345,471.4068,578.0729,-375.2928,551.6572,589.818,-383.83783,493.42465,586.5174,-142.94873,499.72375,633.4292,-379.52902,481.31174,631.2876,-310.66174,642.04694,727.35596,-401.18265,466.25842,730.891,70.727936,601.1333,891.52216,-503.38086,356.81387,877.8147,-215.14308,474.18027,792.5333,-503.27322,412.89645,786.9149,-782.463,443.02032,763.1162,-541.0548,427.35907,756.9905,-878.2937,456.52914,740.6468,-541.7115,438.81918,735.887,-836.6574,467.64075,750.7261,-495.3577,443.51276,745.77747,-783.5495,616.826,1105.4854,-146.94362,498.22467,1098.6959,146.8448,656.33185,1350.7312,-100.104,462.20865,1305.4484,591.2627,714.63153,1574.0372,54.244095,501.36124,1486.6094,1121.8246,730.8764,1601.1399,52.223732,541.50543,1519.8091,1164.6859,698.58014,1697.6976,-254.15312,409.79437,1551.7422,1032.3398
044.jpg,469.30002,603.326,-311.91586,486.9749,581.1056,-339.4517,496.06113,580.70667,-339.50424,506.48703,580.58325,-339.54202,473.824,581.5071,-282.24448,472.08658,580.93787,-282.27985,470.3465,580.2369,-282.44925,545.06525,596.63245,-333.68408,495.69803,590.95746,-70.44942,488.84396,632.93646,-299.4461,474.2935,630.7102,-223.9867,638.62,723.87396,-363.82208,457.74887,739.4655,118.27503,598.15717,873.6704,-469.06937,353.97003,876.2406,-134.03784,475.03317,795.6796,-479.2146,401.62845,792.00305,-688.0512,441.79242,767.4056,-523.45935,416.61517,759.31274,-785.5327,451.3593,746.6087,-532.67645,428.3578,743.03204,-753.93884,463.10123,757.1897,-476.123,434.1914,752.5888,-693.4876,612.0098,1103.6399,-142.92122,492.58926,1098.5468,142.85165,650.1598,1350.745,-83.84087,455.2668,1305.8811,552.83374,709.5708,1571.6068,76.431175,500.32706,1481.6254,1048.4235,727.05286,1597.8584,75.04752,535.3614,1514.2544,1087.8894,694.0141,1690.9926,-218.8914,406.3393,1547.3904,955.989
045.jpg,466.14352,602.3814,-347.40775,483.1809,579.4932,-372.81686,493.3455,579.2868,-372.84497,504.57083,579.01306,-372.90652,466.52527,579.1752,-318.7783,463.76614,578.60846,-318.79947,461.2126,578.0413,-318.97144,539.6876,590.22296,-349.26562,482.82297,585.7471,-100.12062,488.91296,634.3562,-327.10406,470.384,632.00635,-255.71866,636.49115,717.6883,-367.82114,451.98544,735.5508,103.02392,593.8185,880.6298,-474.6514,342.76074,875.429,-165.651,473.2056,784.32477,-492.34955,397.28143,789.0947,-717.277,438.13922,754.1991,-531.66907,413.62823,756.21655,-810.9664,450.05856,734.2596,-534.6976,426.0102,737.53326,-769.15814,462.92075,744.2702,-486.50464,431.1383,746.9215,-717.7147,607.86743,1097.4607,-147.74887,489.72614,1092.1326,147.6471,646.21985,1350.3556,-122.17752,449.11542,1303.0474,518.56494,703.17694,1571.7816,12.990863,496.3236,1485.2244,1009.4811,719.1583,1597.7241,10.038776,534.429,1517.6943,1048.8241,685.0997,1695.5834,-284.27603,400.76086,1555.1504,923.8781
046.jpg,465.2338,592.35724,-354.9922,484.80377,568.943,-371.38983,495.09885,568.9954,-371.42575,506.4361,569.3335,-371.4525,466.93152,569.0974,-320.63193,463.75717,568.6655,-320.6441,461.1946,568.4382,-320.78046,539.8404,584.7669,-321.90747,480.85498,579.35956,-89.14164,488.4355,625.52783,-327.34732,469.1347,623.3527,-260.8205,637.2932,720.12683,-359.349,453.6249,731.1706,113.66275,589.26965,874.2483,-489.9728,347.4345,870.2554,-166.84917,467.0888,778.45026,-538.76855,397.84323,778.4274,-739.6653,430.58887,754.92017,-587.0938,410.31427,747.8778,-840.6119,443.23166,731.4735,-592.7277,421.58087,729.3669,-802.0249,455.73425,741.2646,-535.094,427.2625,738.9496,-742.07294,607.791,1094.0577,-149.81752,490.28723,1088.043,149.65663,645.5411,1344.7876,-111.976555,449.02133,1295.7474,567.66,703.2666,1570.4528,17.190172,494.74237,1483.4929,1070.4733,725.1535,1601.5276,13.445726,534.4009,1517.3109,1110.9171,685.2562,1686.4797,-289.83847,403.1751,1543.9423,977.2294
047.jpg,468.20767,595.47675,-317.8759,486.00656,570.75616,-344.4685,495.38,570.0477,-344.45456,505.31165,569.4522,-344.47513,468.8628,571.6159,-289.26825,466.01056,571.3791,-289.31113,463.3225,571.1119,-289.4494,540.15106,581.5228,-327.63983,484.8613,580.6594,-75.21045,491.02426,625.29694,-300.7902,471.58087,625.8102,-228.54257,632.60114,706.32855,-353.665,456.2718,724.7542,135.53528,593.25116,869.732,-399.42337,353.544,873.14545,-117.36824,467.43976,794.694,-333.46173,395.0112,777.8262,-671.8116,432.44724,770.9389,-359.13855,413.16437,750.19714,-764.523,443.46765,745.26276,-366.6421,423.5341,733.38574,-727.40356,456.77698,754.57385,-325.97647,426.16977,741.2293,-674.1073,607.9322,1089.9495,-154.70268,491.71857,1084.387,154.55487,645.1264,1342.2621,-156.50159,453.5732,1294.5929,518.30035,704.27625,1569.3679,-58.423252,497.6903,1479.2963,983.79553,719.4834,1598.1637,-65.41385,537.33417,1514.0281,1020.51605,683.7938,1693.0452,-360.78885,403.8829,1546.6765,902.4348
048.jpg,470.73825,592.51117,-369.34436,488.64874,570.0709,-392.04242,498.88348,569.88684,-392.04373,509.93454,569.5354,-392.0558,471.91974,569.15393,-337.65405,469.0853,568.34186,-337.6837,466.41855,567.53217,-337.83536,544.75635,580.4939,-355.8799,487.25775,574.9438,-108.13974,493.49573,625.6451,-345.1591,475.08868,622.83014,-274.328,637.122,716.4789,-381.47684,460.68826,716.43964,110.32057,593.66846,871.1513,-506.18216,359.93292,864.5279,-166.8531,483.49628,767.5143,-544.20074,395.63214,781.83044,-756.1156,450.4371,739.0728,-585.0741,404.63855,752.64307,-851.41504,462.48938,716.60205,-586.01886,417.2059,732.6641,-814.4149,474.1534,728.6309,-537.6715,425.43668,742.0451,-759.0817,612.00433,1085.4329,-158.36702,494.69708,1076.6049,158.15425,647.7452,1342.2754,-137.33395,456.9434,1292.7825,560.15686,709.0375,1569.9755,-25.546852,499.03964,1478.9227,1051.146,729.52234,1596.8392,-31.088234,540.5567,1514.3077,1090.2936,689.15814,1693.0795,-333.81485,405.96973,1546.869,959.9835
049.jpg,472.59186,586.335,-405.2715,491.87445,563.207,-426.015,502.29846,562.64026,-426.01303,513.76263,562.32513,-426.02603,473.6547,562.21576,-372.0449,470.39297,561.6287,-372.07062,467.70868,560.9016,-372.18475,547.3771,575.1095,-380.7894,487.45493,568.35364,-134.44089,496.6942,618.96765,-378.0463,476.18954,616.47284,-307.57812,637.53845,709.6247,-408.24884,462.2636,720.79645,86.159935,587.8562,869.11334,-505.54688,356.29288,861.06213,-207.2169,470.7374,767.54834,-479.5763,408.19562,775.8321,-794.8412,438.84778,736.5022,-516.54266,420.13925,742.2596,-894.61914,453.19617,715.90906,-523.55426,430.7778,725.9634,-851.5732,464.26086,728.04285,-473.86374,436.83527,737.92834,-796.3182,615.7183,1091.6449,-152.89235,496.5742,1084.0009,152.75652,652.134,1336.3334,-99.62163,464.6817,1291.0863,600.88464,712.07837,1567.4822,49.06758,507.1458,1478.1036,1129.6122,729.5649,1593.4304,46.689766,542.0192,1511.0137,1172.5455,689.8905,1691.8448,-260.6296,415.42072,1541.7682,1043.7656
050.jpg,480.11014,585.8,-346.4835,498.1533,563.476,-361.90695,508.23044,562.85815,-361.93112,519.4048,562.2569,-361.97272,480.11197,563.5067,-313.13443,476.71237,563.3176,-313.1622,473.74283,562.8495,-313.2788,552.70776,573.3943,-305.80035,492.2483,568.96686,-81.524605,504.3214,618.0273,-316.43103,483.65857,616.99927,-252.40813,641.3498,696.52936,-345.57715,471.82828,722.1357,136.31311,601.5161,851.36035,-450.23895,372.88745,864.0741,-142.67831,474.70984,772.85785,-445.77222,409.54987,774.4225,-706.76074,441.56247,746.63007,-477.44135,418.4233,743.25653,-801.6524,455.54623,724.6539,-490.0853,430.94052,727.1681,-762.0203,467.99286,733.6266,-442.61774,437.74963,737.0255,-708.848,620.94135,1087.7225,-150.14229,503.52914,1081.0663,149.94002,656.9301,1336.515,-142.63449,469.45096,1297.3123,508.73602,716.64703,1566.8129,-50.697876,513.8584,1480.2135,951.49225,735.313,1593.6917,-58.56847,547.665,1510.7417,985.2203,686.34296,1696.2019,-356.6653,419.2696,1542.3622,860.012
051.jpg,490.11264,588.4244,-347.14273,506.019,563.61053,-366.6499,515.6976,563.1701,-366.65585,526.0942,562.75006,-366.70148,489.6998,564.12354,-315.4513,487.0688,563.8274,-315.45978,484.5289,563.4664,-315.56656,561.70404,572.52527,-324.59344,504.91306,569.3374,-90.53899,514.0925,618.0956,-321.53543,494.41843,617.82324,-254.66736,652.1528,707.49,-363.8095,482.0176,715.12537,123.87555,611.43304,863.3834,-477.47992,374.54944,853.4215,-150.64473,481.74384,769.05475,-474.13623,413.31354,770.3717,-709.9251,445.82654,744.11743,-510.59335,424.07443,739.464,-803.3195,457.31113,724.5377,-513.8169,435.56458,719.53577,-764.82513,470.05362,733.39777,-466.89633,442.64548,730.7635,-712.64996,629.31274,1089.8346,-150.0093,512.7477,1083.2361,149.8622,667.7644,1342.4886,-143.35774,473.2447,1296.5907,507.97153,725.2186,1573.1987,-38.246967,518.8107,1478.8331,974.11584,743.5051,1602.498,-44.362736,556.4868,1512.877,1010.4626,703.59766,1693.8627,-338.26794,422.9076,1544.1732,888.76874
052.jpg,492.18732,580.26056,-330.98477,508.87128,557.8794,-356.82376,518.3986,557.12695,-356.85086,529.1915,556.12964,-356.8999,494.632,558.66174,-299.97754,492.4818,558.4233,-300.00085,490.5103,558.23083,-300.116,566.518,566.7033,-338.11676,514.1679,564.94226,-76.86583,514.37714,610.8219,-313.46896,498.20172,609.8423,-238.76564,662.6366,698.9495,-373.71155,487.7769,713.5514,135.14482,620.34155,858.6968,-455.37476,386.51733,855.2306,-131.98457,491.9159,768.6067,-405.6965,428.4854,758.12756,-696.8579,454.97824,743.9591,-437.76245,434.71033,726.3865,-793.7213,466.19766,722.1675,-447.75662,448.8791,706.7888,-756.9761,479.85803,729.8921,-399.968,456.78668,718.0578,-701.0672,634.9947,1086.1553,-156.26668,515.87775,1077.738,156.1967,673.14905,1337.5374,-143.05807,482.6829,1292.8989,568.6704,733.8134,1574.3824,-36.063847,528.71857,1471.4781,1065.442,754.655,1603.3127,-43.11821,561.2402,1504.2704,1104.5779,709.15,1696.0769,-350.1722,435.93246,1536.6768,979.7243
053.jpg,505.27823,578.16943,-384.76694,524.38885,554.56525,-405.59494,534.5387,554.16626,-405.62073,546.1382,553.9078,-405.69586,506.26846,554.2351,-352.79156,503.06668,553.88007,-352.8191,500.35187,553.1998,-352.93185,579.4927,565.6022,-360.01465,521.27155,559.5022,-117.28802,529.8644,611.6222,-356.55362,509.12375,609.4344,-287.1796,674.117,697.7673,-390.46378,497.59714,709.9237,100.421295,618.8918,857.6463,-535.7042,390.08966,846.6732,-187.81584,494.35367,751.1364,-566.1354,428.3858,766.1299,-765.40875,460.4647,723.95325,-608.737,437.80515,737.1713,-861.00116,473.28906,705.2769,-610.73114,452.14645,718.00714,-820.0274,486.26306,713.9823,-560.21436,459.25757,728.1108,-767.7485,646.40375,1084.1786,-151.4893,525.0986,1077.301,151.3379,679.9501,1335.7661,-143.75104,488.99185,1290.954,576.5693,741.3716,1570.9707,-43.168945,536.6117,1468.3605,1068.895,762.3824,1598.2,-49.33756,570.52985,1503.6711,1108.0162,718.0109,1688.6066,-349.42682,440.703,1533.7433,985.2015
054.jpg,506.29605,578.50757,-353.2524,524.9691,553.8648,-380.00156,535.2604,552.7751,-379.97223,546.12103,552.1012,-379.93896,509.8512,554.99133,-322.39618,507.51126,554.5926,-322.41833,505.5174,554.39105,-322.52542,583.1386,565.47894,-361.70688,530.8846,563.1096,-99.5608,529.8305,610.3683,-335.83408,512.4289,608.8861,-260.63977,679.0255,703.5497,-380.65018,504.7685,713.0332,120.44559,622.88165,873.50104,-440.44492,396.56766,859.65576,-152.37932,505.06998,767.58014,-380.95078,437.7024,764.5778,-732.3148,475.67288,736.5065,-408.3351,449.16586,732.3447,-825.866,490.71768,715.8032,-413.11496,460.65192,714.8341,-784.76404,501.60254,725.02716,-373.23584,465.26562,724.8823,-734.2419,651.9525,1091.4675,-150.55685,534.1409,1081.7676,150.32988,682.969,1341.3655,-91.48796,495.16003,1294.5033,498.65012,739.6635,1571.407,70.06355,553.1902,1477.2631,979.0033,759.9864,1594.5945,68.00681,583.5634,1509.6173,1017.0553,718.1217,1686.4581,-230.56512,454.65863,1537.1743,897.3314
055.jpg,510.95486,575.3814,-372.02057,529.5344,551.96826,-398.2143,539.88617,551.2213,-398.17758,550.8683,550.8109,-398.15506,513.20746,552.5879,-340.79126,510.64572,552.282,-340.82648,508.03113,552.1043,-340.9283,587.2554,563.6767,-374.6628,531.1659,560.00726,-113.87018,534.43024,609.0007,-352.41855,514.9804,605.93024,-277.7069,682.1235,706.3864,-387.7959,508.097,703.14703,108.76165,633.11194,873.0083,-458.97272,388.09244,852.46124,-151.3177,512.45105,758.1048,-401.95496,436.88385,761.80884,-712.0556,480.59647,722.1631,-427.4477,451.07092,726.0443,-802.2512,498.23907,701.91815,-429.34882,460.48517,706.141,-759.03375,509.96725,713.1347,-392.79007,465.82114,717.49774,-712.52856,654.7838,1094.7186,-152.1195,535.28937,1084.3263,151.94409,689.50385,1340.1365,-126.727425,495.92526,1289.5836,514.5244,745.82404,1579.1525,1.0609218,556.2404,1478.9636,983.4839,766.3277,1607.5255,-4.0524907,585.83325,1510.9733,1020.37524,719.78424,1686.6008,-297.949,452.12225,1531.946,910.72833
056.jpg,508.3613,567.9717,-392.6197,527.85077,544.94635,-414.3285,538.0362,544.0752,-414.35995,549.1592,543.2777,-414.38525,511.32877,546.4467,-358.18472,508.85684,546.09814,-358.2131,506.20612,545.75085,-358.30112,583.5608,556.7428,-371.08472,527.9712,554.6782,-113.64829,529.45856,598.54193,-365.74594,511.131,596.8603,-292.3343,676.0205,704.56323,-412.99518,502.6474,700.716,116.48208,615.2374,854.0795,-504.8564,382.03543,837.4235,-189.40364,488.47202,762.85913,-441.23093,436.22708,757.9533,-787.8314,457.64594,740.49536,-474.01398,448.6906,726.77936,-885.78394,473.24026,719.2295,-481.09012,465.0367,705.374,-845.1005,486.72342,726.7012,-433.97845,470.17044,713.52136,-791.3331,649.80634,1086.8296,-163.26917,528.7864,1078.4108,163.1212,682.39355,1339.8148,-119.287056,490.79733,1287.9543,623.665,742.16925,1571.3252,19.558208,544.00146,1468.8771,1153.1345,762.2104,1601.9657,15.722186,580.0864,1504.2157,1195.4431,719.5507,1688.053,-294.75433,443.71152,1531.3613,1072.4835
057.jpg,500.07483,573.6345,-366.97586,518.9801,550.08215,-382.37207,529.7076,549.0955,-382.36093,541.2361,548.34827,-382.37408,502.32834,551.2877,-331.51132,499.68646,551.1662,-331.5141,497.08072,551.17255,-331.59705,578.1461,561.7806,-326.45734,520.72107,559.1367,-93.889946,522.89594,606.39355,-336.8359,504.35022,604.68634,-270.39526,665.4481,698.4801,-358.13455,500.30707,702.01794,119.44797,620.41473,857.4749,-491.94177,384.62604,845.63245,-151.97865,493.37646,760.9552,-522.451,425.66705,766.2513,-718.0064,455.6257,736.7157,-562.4983,433.69977,736.74817,-812.0826,470.34723,715.82385,-563.8239,449.37177,715.434,-773.8218,484.2952,722.7919,-515.71136,455.00806,726.37994,-720.77625,643.4628,1092.0144,-145.2759,521.9584,1080.9816,145.02716,673.4912,1337.1349,-98.28768,486.2831,1288.346,531.43494,730.6403,1575.561,26.700949,543.6599,1474.8949,1001.2217,752.34045,1599.5968,22.443815,570.9471,1507.0526,1038.3939,710.21936,1690.096,-273.6143,444.6182,1532.2289,918.5439
058.jpg,496.4808,566.22516,-334.615,514.24835,544.8812,-354.91098,524.38116,544.29614,-354.9102,535.41473,543.74927,-354.93997,499.29468,544.9118,-302.45645,497.05685,544.60846,-302.47885,495.1636,544.42206,-302.55832,572.2039,555.39624,-318.4259,518.50806,551.5283,-78.06327,518.6242,599.41187,-311.08694,501.16367,597.84204,-242.3789,661.3752,694.0355,-362.51544,491.17502,701.564,142.1961,608.9749,854.4675,-454.3663,375.63522,845.1429,-126.76995,475.61688,756.6363,-415.219,419.02612,755.46155,-692.8791,441.91608,737.7058,-445.7141,427.4844,728.72015,-786.40265,452.02274,720.2972,-451.3617,443.10733,709.5425,-748.73474,466.50104,726.97974,-407.99573,448.48727,720.1584,-696.46735,636.34924,1090.9039,-154.16254,516.4515,1082.2603,153.89711,666.0307,1342.5729,-123.2688,482.99283,1296.4404,494.53818,728.41693,1577.8281,-5.860333,532.56464,1477.4382,932.9775,754.821,1607.238,-11.296706,564.6899,1509.3469,966.2627,695.9195,1703.3357,-302.49835,438.5765,1542.1154,850.5269
059.jpg,490.1829,560.1278,-347.701,507.35538,536.30023,-376.8124,517.00476,535.3584,-376.82062,527.7058,534.5883,-376.87637,493.29462,537.0375,-317.37595,491.43417,536.68713,-317.38885,489.7436,536.4674,-317.5014,566.6747,547.38684,-364.06412,516.03613,543.8779,-91.475136,511.89844,592.11273,-331.74042,495.96353,590.30853,-253.7335,662.57874,685.86,-396.1627,489.76852,694.2742,124.44491,605.81036,847.7615,-444.6853,372.96555,830.673,-153.10353,485.07513,750.0075,-331.48273,419.98682,750.9983,-738.5637,449.94678,726.77295,-354.94177,428.39862,720.4774,-837.46814,464.8957,706.1762,-367.2611,442.16376,703.0923,-798.9039,479.52386,714.5671,-325.11798,448.94394,713.5688,-742.71594,632.41235,1080.6427,-152.14539,512.1413,1070.9681,152.04218,660.0003,1329.2178,-67.258446,478.7703,1281.508,558.7892,720.6472,1563.2336,90.07356,530.4801,1467.9152,1043.1279,746.04504,1587.9998,88.02402,561.5489,1501.8301,1081.785,694.33124,1686.5299,-210.12904,435.4144,1528.394,964.59625
060.jpg,489.7654,559.4563,-300.09842,507.3786,535.9043,-330.85583,516.7679,535.2872,-330.87033,527.3949,534.86505,-330.89548,493.92773,536.5646,-269.2825,491.9723,536.22534,-269.31647,490.06952,536.03595,-269.45697,566.3181,548.1671,-333.68677,517.3397,545.07776,-51.494118,510.0603,590.5434,-290.5156,495.2964,587.5085,-209.62918,662.469,683.847,-370.07974,487.14835,694.16254,163.72267,613.6231,843.4104,-460.5034,376.23206,842.3095,-89.46329,487.15723,756.63544,-443.58646,410.54352,754.12427,-678.7571,448.97,732.27124,-480.50568,420.2062,725.55505,-776.5606,463.00247,707.8074,-488.9493,431.32755,705.38336,-743.7859,479.1128,716.8814,-438.1149,436.08563,715.8806,-684.54816,627.1329,1074.9702,-164.76254,509.54288,1065.8606,164.51558,659.2837,1328.8198,-142.02925,476.14883,1283.4489,516.9305,720.23505,1568.8225,-21.488369,525.76105,1465.4213,997.7818,743.7735,1600.8268,-27.370417,563.8544,1501.0454,1035.9459,688.5368,1686.7981,-333.3353,429.83896,1531.7349,910.7775
061.jpg,490.7002,563.4597,-350.15292,508.62387,539.23706,-377.4842,517.6917,539.065,-377.48773,527.97375,538.7555,-377.52942,493.32574,539.0941,-320.03317,491.0973,538.33093,-320.07074,488.99402,537.45074,-320.20795,566.1894,549.4069,-360.81915,513.354,543.93915,-97.763435,511.50293,596.1529,-333.1017,495.59653,594.8398,-257.69073,658.5981,682.1636,-396.3233,483.70703,694.2129,123.83252,615.59424,849.0844,-480.3709,370.6337,839.2817,-147.18738,489.17673,750.98865,-439.58398,412.38577,747.6669,-734.5095,452.3564,724.17175,-473.1969,422.26657,717.84937,-834.82416,465.94913,702.5773,-480.62933,432.64893,698.90576,-795.66254,480.49152,712.11115,-433.29587,438.76138,709.6447,-738.1814,633.35913,1084.4524,-162.41411,516.8891,1076.5808,162.31145,657.6495,1333.458,-106.309586,470.99554,1289.0612,580.92816,715.8806,1573.8197,23.764938,525.6419,1469.7404,1093.636,742.6557,1602.0841,19.435213,560.5614,1504.7688,1135.4026,679.4278,1692.5221,-281.0335,430.1715,1535.3771,1030.2269
062.jpg,486.74368,551.1704,-328.4157,504.61035,529.69995,-353.06207,514.42096,529.6057,-353.07074,525.4227,529.56195,-353.12686,488.79294,528.9174,-296.81094,486.4707,528.41284,-296.84103,484.25418,528.08954,-296.97977,562.8278,542.39355,-329.87454,508.9192,536.8488,-73.652596,508.77908,584.8989,-309.61954,491.23996,582.0694,-236.2193,654.042,677.7761,-371.48233,485.83957,687.0385,151.79912,604.7271,843.53815,-467.25897,370.432,838.1183,-108.66377,481.8684,747.5544,-450.55795,405.76205,745.32635,-694.1233,443.34952,718.98364,-484.64688,412.45047,715.71967,-791.0077,459.2054,698.8845,-493.17377,424.69043,697.0175,-752.7607,475.52002,709.6201,-445.57324,430.29062,709.39966,-697.3999,628.69073,1078.1158,-162.09871,513.9198,1068.7356,161.85507,655.6102,1336.6278,-150.10883,469.65128,1289.4366,512.6777,716.36316,1578.4742,-56.290073,519.89276,1470.6244,967.9909,744.0028,1611.53,-63.753124,557.67175,1506.346,1003.7397,680.36304,1699.9465,-355.7233,421.29797,1534.0916,895.4358
063.jpg,488.49106,556.4146,-321.39832,507.16623,531.54285,-350.22137,517.0083,530.6472,-350.2362,527.9951,530.1233,-350.3087,492.10745,532.2661,-290.2399,490.1223,531.5841,-290.26633,488.35495,531.0915,-290.40363,567.45416,543.3245,-340.8776,516.24664,538.91174,-66.13037,512.28656,588.4584,-307.0651,494.6934,584.8305,-228.34734,662.0072,676.486,-380.92578,495.86893,684.6485,146.119,612.04224,842.0525,-466.472,372.68185,828.8055,-129.1614,484.5038,747.3684,-420.0212,415.49036,748.2774,-718.6672,447.22845,720.64435,-456.10522,426.78513,719.843,-820.22485,462.8073,699.88367,-466.56226,437.90686,700.3065,-782.65857,479.38998,708.41815,-415.24258,444.23407,709.9166,-722.6959,632.59015,1073.8507,-168.07414,517.19025,1064.5154,167.88855,658.20807,1334.7783,-125.24248,476.26312,1282.3557,586.94055,719.52325,1576.546,-18.104822,522.8721,1467.0533,1084.53,749.2952,1610.8397,-23.695387,561.36163,1503.0153,1125.6761,681.38184,1701.4956,-321.54672,424.2699,1530.0465,1016.0548
064.jpg,491.7996,552.3692,-344.9457,510.9154,530.1562,-371.131,520.90717,529.47955,-371.144,532.0096,529.04694,-371.19482,494.99283,529.6121,-311.7412,492.50955,528.96674,-311.7851,490.4423,528.46204,-311.93906,569.2269,541.9064,-354.68408,516.027,537.1832,-83.067825,514.04016,586.12994,-328.45654,497.04135,583.3828,-250.56798,662.20996,683.0437,-394.9005,488.06873,688.12244,132.29414,601.3916,840.7241,-518.32306,370.08932,827.9581,-158.2813,486.63953,730.07184,-520.88934,411.9644,744.5249,-781.8452,454.90698,699.95575,-565.31433,419.77594,714.4337,-886.19745,470.86923,681.32947,-572.1936,432.2738,697.9208,-848.91595,485.1346,692.00854,-517.02203,439.63913,708.5429,-786.9408,634.2608,1075.938,-168.13332,514.9911,1066.7203,167.95262,657.75305,1330.6112,-144.60661,477.0958,1282.3875,586.87616,719.3594,1578.7001,-43.58923,526.0533,1466.1019,1093.7983,748.8247,1613.6783,-50.71865,562.5277,1500.8032,1134.8585,684.52515,1702.754,-357.38992,426.63467,1529.1503,1022.8124
065.jpg,488.06232,551.83466,-355.7952,506.4734,529.72205,-384.08286,516.5056,528.9686,-384.08942,528.03906,528.3792,-384.14233,490.42673,529.85345,-323.35452,488.33545,529.30835,-323.38165,486.5895,528.83484,-323.50674,565.74756,539.74896,-368.19708,515.2486,535.9148,-92.14629,512.0398,586.19214,-339.2656,493.832,583.7136,-260.16092,656.50903,683.22095,-402.9308,490.93033,684.50665,142.90434,594.7844,849.1895,-447.18457,374.28015,832.7429,-142.6651,485.5309,740.58966,-346.56186,405.963,741.95276,-765.59607,455.4802,709.1487,-370.64252,413.81842,714.6541,-867.99335,469.2906,688.4277,-386.3732,426.0222,697.45294,-826.2978,482.88208,700.59174,-341.83395,433.23856,706.80963,-769.48755,629.84674,1077.9535,-164.51872,514.0878,1067.854,164.37888,649.94916,1330.6077,-118.24284,469.7158,1290.8705,574.2666,712.6881,1575.3201,2.6604512,526.18085,1469.952,1064.4291,742.0545,1604.6271,-3.2659576,558.6585,1503.591,1102.7925,675.00757,1693.0564,-306.1069,428.36026,1533.661,992.2504
066.jpg,477.69635,548.89575,-322.4675,495.27158,526.26526,-357.91,505.25317,525.56354,-357.9398,516.3517,524.7377,-358.04663,480.63583,525.9907,-293.56442,478.54575,525.4199,-293.59192,476.8217,524.9577,-293.75415,556.2559,536.44763,-368.16937,505.62082,533.2036,-74.39178,500.6759,582.7329,-314.15778,484.45053,580.84906,-229.84149,651.48145,677.15845,-402.78116,478.70593,680.64825,144.2637,591.7981,839.6895,-458.17896,359.3347,823.34485,-126.63516,481.42545,728.72656,-373.56763,398.99753,740.6196,-745.7178,447.90497,703.34143,-404.75418,405.7768,714.3025,-848.88336,462.69904,680.1033,-418.78745,420.4634,697.6488,-813.16833,475.4561,688.8956,-369.08536,428.6288,705.3445,-751.8851,620.34393,1072.016,-166.55539,501.83328,1063.825,166.4728,646.32764,1334.5707,-123.13682,467.41794,1282.1919,585.665,707.4963,1576.4065,-8.202876,520.02423,1463.9604,1085.886,733.2178,1607.4833,-13.472706,558.538,1497.763,1126.7047,674.24304,1700.121,-308.80283,418.77356,1525.8295,1021.3149
067.jpg,471.59207,549.09753,-298.76236,489.88394,526.78015,-324.74,500.00717,526.045,-324.73563,510.95718,525.45544,-324.75122,473.63736,527.8109,-265.86057,470.76633,527.3958,-265.89548,467.7631,527.0764,-266.0436,548.3821,538.8396,-312.46613,493.53055,536.71545,-42.11366,492.9144,578.0663,-283.76224,475.84528,575.8815,-206.31743,642.16907,676.1405,-346.22665,468.7372,686.3218,164.13211,589.28357,837.01215,-435.06015,350.39294,831.1864,-99.04082,459.885,743.3389,-418.69046,392.36005,745.06665,-676.45013,425.05438,721.5134,-453.93344,405.3322,716.39154,-772.2215,434.13156,701.3656,-458.67133,413.98886,698.85583,-732.1423,451.31342,706.6804,-411.9181,418.49408,707.0482,-678.16174,612.12305,1063.9567,-160.80539,493.9969,1056.7067,160.3757,635.79694,1327.5261,-172.5376,455.68338,1284.3158,452.0972,699.6241,1571.679,-54.460842,510.10583,1463.1765,928.30316,730.93646,1606.6388,-58.959846,549.6023,1498.0629,966.67163,665.6428,1691.8011,-356.994,408.50342,1526.957,844.22205
068.jpg,459.37286,547.39075,-264.04285,477.04654,523.68146,-297.23685,487.0486,522.7287,-297.24026,497.993,521.68634,-297.29355,462.31122,523.9575,-235.27522,460.1683,523.5254,-235.32762,458.29492,523.1839,-235.48466,537.34717,532.6817,-309.5257,486.95975,531.1374,-27.151775,482.30704,580.9,-257.01276,466.46045,578.9392,-175.94917,632.75134,669.0023,-349.38782,464.30255,683.6364,189.53381,579.2574,838.37573,-412.26608,345.8706,824.2003,-65.55891,460.5776,737.24817,-355.02075,381.33017,740.412,-630.12854,422.68167,712.73724,-384.5702,391.39536,711.6837,-717.09875,434.7061,691.0469,-381.5651,404.5135,694.22974,-677.2454,451.03525,700.34125,-344.18228,411.1022,702.3842,-631.13885,607.73425,1065.6453,-178.54353,492.9797,1058.4309,178.19696,634.74304,1339.6351,-214.1281,450.48398,1282.3503,483.52676,695.45667,1582.1195,-125.18178,503.46014,1463.4188,959.9556,727.8969,1615.76,-130.78958,543.357,1493.691,999.624,660.7383,1698.9236,-409.04138,408.04614,1533.2954,905.43115
069.jpg,456.8275,539.1113,-321.7414,475.25504,516.62085,-344.92694,485.59634,515.5642,-344.92023,497.52106,514.7289,-344.9572,458.70758,516.9166,-288.85748,456.01483,516.69586,-288.88803,453.73004,516.60236,-289.02454,533.7988,526.8226,-318.3952,478.35873,524.8034,-64.38176,480.8757,573.0415,-301.74292,462.29205,571.0146,-228.92122,627.03723,668.8629,-363.48224,457.6622,682.5123,167.83893,569.9726,837.7129,-481.37604,341.0403,830.0946,-115.40131,453.8634,732.16327,-492.65994,372.05438,739.3522,-708.3477,417.74753,705.76556,-529.4885,378.53052,709.84863,-800.302,432.32303,685.13293,-524.4146,390.8415,692.0857,-753.84357,447.7404,695.1495,-482.96857,397.42767,701.68005,-707.10596,603.8192,1069.4753,-175.88484,491.5886,1064.3661,175.46693,636.03577,1342.5438,-191.23903,448.64105,1281.7133,470.35287,697.5425,1586.6703,-95.72398,507.4338,1469.3674,938.86536,728.6267,1621.366,-100.99797,544.3099,1500.0745,976.70496,645.009,1709.2657,-379.537,407.33383,1531.5518,877.9322
070.jpg,454.5849,538.84296,-298.5744,472.07437,515.4235,-329.4445,481.40503,514.627,-329.4644,492.2319,514.24725,-329.50772,459.0035,516.51447,-266.59604,457.35587,516.0853,-266.63226,455.7934,515.6609,-266.773,532.2069,527.92004,-331.26257,485.32278,524.16455,-47.0634,476.13953,570.9501,-288.47375,461.40912,568.0559,-207.01825,625.43835,669.7816,-381.44214,458.75894,675.68353,189.94905,571.5466,839.22784,-478.1877,340.91916,825.49976,-74.52496,450.94733,727.6818,-455.15668,369.3161,738.80164,-674.2915,414.4675,704.2259,-492.04227,375.99347,707.22235,-767.0777,427.52676,682.8479,-486.1145,386.61545,689.7128,-728.8406,442.29114,690.4274,-443.6286,393.4932,700.23285,-677.975,602.2986,1061.1384,-187.545,486.62167,1056.7068,187.15997,632.4225,1337.8588,-203.59624,444.63724,1282.986,510.60828,691.87683,1582.2,-103.33889,503.90442,1467.322,1009.0366,725.63025,1618.4647,-108.399605,544.5676,1497.8546,1049.9686,636.3373,1694.6212,-397.61484,398.09216,1528.4658,950.27655
071.jpg,449.66428,536.1324,-314.71838,467.2981,510.5634,-349.688,476.5383,509.2574,-349.68744,486.5704,508.63934,-349.73395,454.56213,511.72565,-284.8876,453.12225,511.10205,-284.91904,452.0453,510.63263,-285.0394,527.6946,522.2967,-358.52353,481.6407,520.44586,-65.01398,472.73993,568.43036,-306.5392,457.6644,565.8967,-222.4408,622.9592,662.7835,-409.83246,453.74118,670.25885,172.24712,573.6462,831.0621,-421.4952,338.441,814.11395,-105.78558,449.96667,747.2304,-269.6321,367.54266,736.5717,-706.8839,410.087,729.7314,-289.2692,379.69525,706.4947,-805.00385,421.6341,704.1399,-298.24835,391.9243,688.2699,-763.1035,437.51816,710.33813,-259.55496,400.5456,694.6557,-709.56476,600.9886,1066.4941,-185.66508,487.1695,1061.7413,185.33513,632.52356,1336.3876,-144.3337,446.94495,1281.9991,551.8846,694.3088,1583.9258,-13.704154,505.5427,1465.2476,1078.3755,725.8592,1623.9517,-17.207191,542.51776,1496.7014,1122.0745,632.5218,1714.9542,-314.81427,403.45914,1527.0311,1030.3422
072.jpg,450.14682,533.10925,-346.28485,468.15952,507.03546,-378.91736,477.63116,505.83945,-378.9399,487.84366,504.9376,-379.01587,454.39075,508.1187,-313.7109,452.4668,507.5567,-313.71112,450.79263,507.16986,-313.8374,528.5539,516.812,-374.874,480.8114,515.3682,-79.80661,474.21347,564.58466,-333.18408,457.5536,563.3245,-248.53593,625.6571,657.54193,-422.0338,460.0461,668.82806,161.10918,569.64465,822.62225,-494.42322,342.50644,811.96826,-133.083,450.98996,724.7288,-411.61795,374.19928,733.29065,-761.3825,407.07886,700.28296,-444.82037,379.4609,698.62604,-862.7916,419.24182,679.5163,-448.2704,394.16675,679.9419,-819.3824,436.92126,688.9397,-401.94305,403.35614,689.9294,-764.16223,603.1532,1061.3191,-182.03146,490.3912,1056.3871,181.80171,634.74677,1333.1649,-116.647606,451.18774,1275.603,583.84906,696.62274,1580.9396,26.759434,508.2305,1464.4739,1117.9545,727.78345,1616.3805,24.83593,544.9208,1497.3643,1162.3428,645.0775,1702.7517,-270.85928,402.53903,1525.5779,1059.7478
073.jpg,458.64243,526.76636,-362.7116,477.35187,502.6414,-391.0982,487.0798,502.089,-391.11545,497.9978,501.64645,-391.1658,461.98026,501.73193,-326.4948,459.56387,500.85223,-326.47467,457.42136,500.10114,-326.61826,537.67847,514.19763,-370.57095,487.21835,508.4795,-79.76588,481.0025,560.6975,-343.96548,464.24625,557.52594,-260.5669,633.5527,662.26215,-413.72452,468.20123,659.1687,174.53767,567.785,828.7517,-534.89594,351.7757,814.6429,-116.61678,454.39743,705.3742,-526.88086,377.14758,718.7898,-759.056,421.05786,678.4618,-568.51605,381.29898,687.4874,-858.94275,436.38773,654.2008,-565.32806,393.94617,668.8694,-813.9183,451.795,663.83765,-516.7908,402.92307,680.0402,-761.0714,608.60516,1059.1471,-183.84312,497.23993,1047.3944,183.50026,638.5164,1335.3254,-144.49042,456.84402,1277.1368,532.86865,698.2071,1577.845,5.4400067,516.258,1462.6941,1076.5839,727.7563,1614.4591,4.5063043,555.6987,1493.2456,1122.0193,644.6322,1700.4996,-295.0472,412.56015,1519.532,1010.22577
074.jpg,467.01077,528.80347,-339.17075,483.9062,504.79013,-366.71747,493.36807,504.1464,-366.73975,503.4913,503.28113,-366.78442,470.13913,504.44058,-305.18344,467.9487,503.638,-305.15115,466.08926,502.8241,-305.27338,543.8261,512.281,-340.22617,494.46622,508.73816,-61.827576,489.08023,561.74133,-317.39688,472.63443,560.17914,-237.70229,640.4263,652.0238,-391.25232,476.34384,653.93475,200.32146,568.3001,820.4337,-510.73425,356.34222,807.055,-85.35566,453.4185,713.88715,-504.32806,373.56558,719.43695,-710.531,414.69186,691.256,-543.9495,378.93646,686.6901,-806.4934,431.2463,665.9197,-541.3588,390.68802,668.1159,-763.686,445.99677,673.9048,-493.47836,400.80087,680.8617,-713.1195,616.8886,1050.4382,-182.60698,504.13684,1042.1118,182.19644,642.2108,1330.4553,-191.75696,461.9724,1277.62,493.9293,705.8222,1578.0569,-38.374252,526.34094,1462.668,1022.0203,739.27136,1615.3606,-38.219357,562.9093,1491.5127,1065.9323,654.25757,1700.5968,-334.28604,420.60553,1516.5151,952.5774
075.jpg,478.05026,525.3071,-291.76813,495.46393,500.20374,-323.375,505.38174,499.96832,-323.3679,516.22076,499.69965,-323.42355,479.4315,500.02692,-260.57892,477.06558,499.36047,-260.59604,474.85324,498.55472,-260.73764,555.5215,511.8858,-324.24634,501.92004,506.02502,-40.081394,500.5246,558.2114,-280.6141,482.36142,556.96173,-199.0625,649.27234,655.6334,-374.36847,481.913,659.0703,205.79071,573.9647,817.722,-447.74875,358.98416,807.19403,-60.988937,462.63086,693.7594,-378.90366,379.5238,723.333,-665.2472,429.72534,664.84906,-405.68597,388.66946,691.93427,-755.1134,446.0315,647.65765,-405.1557,402.12616,677.7272,-711.8032,461.39566,656.53796,-368.1759,409.26123,687.2083,-666.82684,623.78455,1051.7954,-182.55893,512.7074,1043.8342,182.11295,644.812,1331.9204,-217.74597,469.00146,1279.8032,421.61176,712.76984,1580.2179,-121.95107,528.25903,1459.0074,860.0222,746.57715,1614.1271,-126.79524,567.51996,1487.5168,894.7151,660.94275,1696.7028,-397.63528,417.79153,1520.3213,801.2168
076.jpg,485.925,524.58484,-341.83243,504.32016,498.6952,-373.1688,514.3969,498.21597,-373.22632,525.7711,497.7524,-373.32428,487.3886,499.05447,-306.6264,484.90494,498.62732,-306.62427,482.89383,498.06912,-306.80435,563.46173,511.06915,-362.45346,511.89905,506.39255,-61.257156,509.3654,559.0803,-326.30734,491.22568,558.1824,-239.9627,657.73236,654.54175,-417.54373,489.54105,657.49384,193.59291,581.9329,824.27625,-525.25287,376.3352,813.24384,-106.79804,466.60873,702.1378,-483.9835,393.2086,719.5273,-764.8745,435.3099,671.97375,-520.75,402.18094,684.73883,-865.3519,452.64423,650.0823,-525.918,412.2519,666.1126,-820.44684,468.47772,660.247,-476.48117,418.9404,677.0416,-767.35004,635.07355,1054.4065,-188.58725,523.5093,1044.1477,188.25993,655.9631,1335.0803,-184.6553,479.35464,1279.6735,563.8414,723.6979,1584.9489,-82.33597,549.145,1455.6184,1072.9719,760.6811,1622.8569,-86.36937,582.7995,1483.1772,1115.045,668.5555,1695.0742,-371.44775,434.6648,1511.8529,1013.0276
077.jpg,495.04547,522.31354,-326.84796,514.56134,497.50867,-354.82205,524.7084,496.6949,-354.8509,535.9115,496.01315,-354.92896,497.99152,497.44452,-292.48297,495.24194,496.75845,-292.4827,493.0485,496.1567,-292.60986,573.4253,508.66595,-338.04916,521.28174,504.59827,-55.227642,520.23035,555.24774,-309.8563,500.9572,553.76276,-228.84415,666.43524,649.86444,-398.211,497.79688,659.0778,191.61002,592.3811,817.30695,-477.6971,380.84448,806.35175,-111.286514,469.4153,709.005,-400.48618,394.1178,724.4444,-751.82794,434.47653,691.03534,-432.43484,403.0647,692.9927,-851.5987,447.06012,671.6952,-435.92664,417.04968,676.496,-810.0198,463.0997,677.54736,-390.7442,424.94037,684.2755,-755.6662,641.93317,1051.1954,-181.67189,532.6091,1044.8245,181.27278,664.17957,1333.1339,-186.0719,488.2783,1280.7925,507.38455,728.18286,1583.3193,-82.1455,559.48083,1457.285,988.88275,765.3062,1615.7637,-86.502045,593.47675,1486.3124,1027.7874,677.20557,1700.793,-371.3045,445.26706,1512.7587,923.7693
078.jpg,498.11157,522.26373,-402.81647,519.6807,496.17743,-431.62305,529.39703,495.3678,-431.67993,540.5154,494.85507,-431.80637,503.66577,496.98755,-367.83743,501.4264,496.47623,-367.85043,499.55966,495.88742,-367.9696,580.14496,512.08875,-408.6741,529.9854,507.12466,-121.97126,522.3891,554.88416,-383.13446,503.92557,551.8451,-301.20587,674.9252,657.9846,-479.90646,499.94144,661.45374,143.3898,595.18286,826.6792,-553.5402,379.4499,801.65533,-179.36122,476.42578,713.07336,-432.0438,397.51636,723.2339,-863.4052,441.52637,692.01666,-461.56454,413.55368,699.1893,-968.6576,454.07898,676.3598,-469.33878,433.35843,682.14636,-928.21533,468.0935,682.3327,-423.90424,441.3645,687.1858,-870.7765,648.9284,1063.7261,-191.54822,542.6389,1055.4703,191.2464,671.68286,1337.4497,-88.77668,499.2818,1280.7645,643.71704,732.66693,1585.7368,64.74659,564.2857,1459.4442,1178.4303,768.0785,1626.4417,64.280624,601.19293,1492.0173,1222.0664,667.7584,1714.8147,-225.93376,455.76733,1516.8931,1127.749
079.jpg,502.85324,525.7324,-334.50504,521.52216,499.43665,-375.10452,530.2376,498.64536,-375.18994,540.3587,498.19382,-375.3399,508.57925,500.0796,-302.65906,507.14993,499.25113,-302.6388,506.04462,498.5436,-302.74722,582.8352,512.1557,-396.0343,538.7861,508.97656,-68.22858,525.8391,558.462,-330.0314,510.40433,556.4828,-236.03366,679.64874,648.7379,-475.60934,510.3532,665.4652,204.53636,595.4518,816.87024,-499.52646,389.02737,804.62476,-95.62079,473.8633,717.6296,-304.01294,403.06897,734.4871,-769.8876,440.69476,696.5942,-326.68176,410.76074,698.9892,-873.20483,453.43738,678.0804,-337.60236,428.21362,680.4229,-834.584,468.81152,685.0464,-293.54944,437.94528,688.79565,-777.6701,652.40247,1061.2185,-199.44469,543.5702,1054.6467,199.12648,670.8189,1338.6241,-140.0809,505.83334,1284.2087,638.6775,737.72,1584.2675,-5.4987106,565.47076,1455.0999,1162.3242,777.4688,1621.3939,-6.4594626,600.9634,1483.0544,1205.5597,676.78845,1709.6108,-286.6241,451.551,1515.9116,1119.7013
080.jpg,509.5803,522.00476,-372.33813,532.18414,496.8432,-399.3946,542.66254,496.0497,-399.48505,554.3843,495.64322,-399.63895,515.4384,497.667,-337.2622,513.0056,497.31955,-337.2197,510.85825,497.0196,-337.31458,593.135,512.66003,-376.52023,541.28674,509.95905,-97.7042,533.7706,555.82416,-352.71457,515.0716,553.1429,-273.03506,683.33325,658.3719,-466.30984,515.0914,658.9465,173.90405,604.4434,821.5264,-586.42285,393.7182,798.29285,-57.895462,488.08142,709.7217,-538.19995,387.59732,754.73914,-679.32983,454.74213,689.06964,-577.5802,396.39487,737.3677,-772.32007,465.25174,676.1761,-585.8372,401.5725,727.38586,-752.2327,479.89578,682.38513,-532.16895,413.7147,730.899,-694.1151,657.57733,1063.7041,-190.33353,548.90936,1056.3724,189.99086,676.4122,1339.5483,-100.16056,511.72162,1285.8112,606.1324,736.17285,1589.3887,38.874886,567.0393,1456.432,1105.4713,774.8554,1628.0011,37.115902,603.3391,1486.8173,1144.839,673.56384,1715.1394,-246.05496,464.98367,1516.511,1048.8268
081.jpg,509.7696,523.5067,-315.51953,528.4775,496.58643,-353.67584,536.95447,496.45685,-353.70096,547.39526,496.73795,-353.80566,515.9612,496.62918,-286.28406,514.62305,495.79724,-286.3075,513.58496,495.08783,-286.40985,590.72644,513.36847,-374.58865,548.40283,507.66266,-70.65212,532.55505,557.4558,-311.511,517.51544,555.42706,-224.24327,685.3868,655.87854,-435.3805,521.03674,655.98254,173.75987,608.9419,820.2185,-452.52573,386.9755,811.5493,-95.48594,482.28903,713.9132,-295.626,417.22717,731.9883,-727.005,446.5437,693.6862,-318.4543,420.0704,701.9774,-827.3411,461.65662,673.80225,-328.6152,440.3484,682.9198,-786.41815,477.388,680.02386,-286.77573,449.46643,690.39484,-731.8249,658.36346,1065.2494,-184.7111,549.40607,1055.2247,184.38498,674.32196,1340.8094,-98.546486,510.15756,1275.1035,582.1556,738.7212,1594.671,42.166306,571.64526,1459.7454,1054.6989,775.8456,1629.8778,40.84207,605.451,1493.4966,1093.3091,669.76825,1716.6663,-231.57214,461.78192,1516.5016,1007.1232
082.jpg,519.1235,523.1973,-342.9951,539.47076,497.82486,-386.61325,548.0511,497.98724,-386.6646,558.0114,498.14084,-386.7712,525.45416,496.673,-315.36322,523.49786,495.82562,-315.38147,521.90405,494.9082,-315.50925,597.0853,512.864,-413.0003,553.42346,505.07812,-92.23323,542.33154,556.01874,-339.31293,524.3057,554.2734,-247.24597,690.6407,650.70294,-485.61526,523.71906,662.2713,187.77461,598.0182,817.3906,-488.15726,402.4597,811.82434,-97.67145,487.1441,717.89575,-289.16052,422.4264,726.25745,-771.3405,457.94128,692.0333,-308.60007,423.0198,693.92633,-874.3399,475.33527,672.0583,-325.8035,440.94653,678.2118,-833.6919,489.5009,681.58105,-281.3733,451.52063,687.75385,-777.725,667.3845,1062.9111,-199.72237,559.47363,1056.3053,199.4528,680.50793,1342.9438,-85.93722,517.4301,1279.4851,621.3619,738.5525,1595.0558,79.76498,578.04474,1461.9282,1111.9736,772.3048,1633.5385,80.62941,613.7861,1495.8025,1151.7355,669.9556,1720.5034,-198.66995,469.49225,1518.4056,1061.5164
083.jpg,509.80597,522.8517,-329.67972,530.3293,497.82977,-367.95255,539.0478,498.1474,-368.0083,549.94507,498.52628,-368.13623,516.992,495.62656,-299.5987,515.6579,494.7555,-299.6173,514.62256,493.8695,-299.75882,591.52423,513.7154,-385.63153,548.32074,503.93854,-78.99716,532.66675,556.87537,-324.3837,515.5747,553.6273,-236.36783,683.8875,654.25574,-453.7663,513.356,665.15405,178.541,610.8235,827.095,-477.31027,382.60947,817.8388,-111.42135,490.21255,710.7661,-321.27383,417.61194,733.69434,-757.15234,454.76218,687.5347,-346.3171,423.23688,699.0724,-859.5247,471.63654,672.707,-356.97104,441.89572,686.1604,-813.12585,486.9607,678.4098,-312.31107,451.73346,693.21326,-759.92865,658.93066,1063.9065,-192.59946,552.5083,1056.8113,192.3606,672.7915,1343.8678,-104.64886,512.5655,1287.9979,608.9929,733.44507,1596.6692,44.994236,571.61316,1460.2212,1120.8331,771.2445,1636.3904,45.165535,606.6631,1491.0519,1163.5817,665.95715,1727.4753,-232.67853,472.2323,1517.8005,1076.919
084.jpg,507.231,521.9123,-321.32007,527.4308,498.43808,-363.8606,536.02454,499.03787,-363.95007,546.81177,499.69678,-364.1031,514.2629,495.94992,-291.75885,513.12006,494.95566,-291.77814,512.3171,493.9374,-291.92993,588.0287,515.3032,-391.6959,545.383,505.5602,-67.515594,528.9938,555.8551,-318.64554,513.0885,552.5763,-225.70932,675.9769,650.1276,-472.0262,509.274,660.3763,204.7819,596.8005,823.15076,-495.5099,396.414,811.76196,-81.35236,476.49066,707.25323,-309.7802,411.59662,730.0571,-739.1882,438.9368,687.9118,-332.3919,413.6814,696.80615,-838.8063,457.497,671.9081,-340.39578,432.867,681.7282,-797.0809,474.89456,676.60205,-298.79263,441.0872,690.5333,-744.8145,656.2821,1058.9001,-203.10684,546.40125,1050.3918,202.85968,663.27783,1340.3073,-140.176,506.12384,1276.0133,641.5693,727.73914,1584.8263,-10.409911,567.68243,1450.943,1165.2174,764.85626,1626.3987,-10.396544,598.35675,1477.0757,1209.6448,660.4835,1711.7104,-281.67178,459.99966,1510.6993,1131.4178
085.jpg,508.42813,520.03217,-304.24048,528.7802,495.18958,-350.48325,537.5814,495.347,-350.54944,547.58154,495.70142,-350.69504,516.6725,493.51724,-275.86487,515.37085,492.54724,-275.8993,514.427,491.39157,-276.0211,585.342,511.23608,-397.18405,547.2954,501.55832,-63.886078,529.0495,550.93207,-309.8077,513.3849,549.1372,-214.23701,675.86444,653.64557,-495.6405,512.5512,661.8749,205.6425,588.08606,826.4149,-455.43646,397.33975,809.23834,-89.62179,459.8596,719.1164,-165.38495,403.46866,718.11926,-730.7861,429.63138,692.2856,-173.05067,405.04672,688.0605,-826.81287,449.25876,674.4465,-182.94305,420.39322,672.4855,-785.3579,463.367,682.4386,-152.83488,428.87802,681.1638,-737.1726,652.07324,1065.566,-205.66827,551.2531,1057.9669,205.29024,662.58514,1350.5782,-138.14143,511.44846,1290.3925,564.3295,723.25195,1594.6049,76.02935,579.9208,1460.2876,1065.4252,762.00415,1632.0586,84.828964,613.1151,1487.8973,1107.7638,655.00586,1719.2667,-165.45451,473.1194,1518.9281,1031.4482
086.jpg,505.78427,518.3757,-319.57672,525.25995,494.9342,-364.99738,533.7038,495.14905,-365.07288,544.0457,495.44455,-365.22882,512.8979,493.48422,-292.70657,511.53806,492.62152,-292.71295,510.5959,491.60733,-292.80692,584.0323,511.84094,-400.17282,541.9038,502.3426,-76.16151,527.2476,551.1285,-320.04208,511.34518,549.2917,-227.16875,673.0214,647.6693,-491.5007,512.5857,661.74347,202.67558,585.58325,823.83984,-444.70166,402.3815,810.0889,-86.05941,453.20422,715.33307,-133.33356,409.89886,720.6775,-721.2908,423.3458,693.7597,-134.0892,409.59964,690.0633,-818.03577,442.24805,676.3827,-146.33507,424.38577,675.921,-773.44824,456.77493,683.7363,-119.80984,433.4162,685.48596,-726.2395,654.5635,1060.205,-201.23125,551.7489,1052.7959,200.91342,656.36865,1336.6382,-115.10338,503.61374,1277.6577,602.10565,715.11383,1581.7958,57.345036,570.56604,1448.3986,1084.258,752.6248,1618.4867,62.043224,600.2714,1478.1382,1124.7401,648.91565,1711.738,-188.05128,460.4574,1506.0018,1057.5312
087.jpg,503.1371,523.5255,-314.0133,522.33386,497.39972,-359.80453,530.7851,497.4459,-359.89194,540.99695,497.51562,-360.0463,508.2556,496.45053,-284.83463,506.45084,495.56253,-284.86502,504.90024,494.48376,-285.03384,580.8585,511.93,-400.07446,536.92566,503.51184,-63.38743,523.9629,554.7582,-316.21848,508.41138,554.8263,-219.51685,669.734,646.32434,-488.96237,511.7386,661.0217,199.9914,580.36615,815.53534,-508.14807,403.69162,803.3608,-101.59804,465.5301,697.0552,-298.4809,401.7677,720.99976,-760.98004,430.0432,680.1282,-320.1235,404.21448,689.7478,-860.81055,444.5081,662.0252,-328.2358,414.8933,674.0502,-822.2157,460.05283,668.59015,-288.09073,421.80573,683.47437,-768.82104,648.8512,1061.3376,-204.22002,548.4454,1053.9237,203.97777,653.5656,1341.5431,-159.08939,506.2892,1286.884,592.4351,714.402,1589.1888,27.307869,573.772,1452.6077,1109.5757,751.3905,1627.6119,33.49848,601.8992,1480.6876,1153.4073,645.9389,1712.4594,-228.8581,462.85388,1508.5652,1067.7596
088.jpg,508.25763,522.871,-301.9906,526.19836,496.2022,-350.3339,534.5024,496.05704,-350.4297,544.6642,495.78708,-350.57062,513.7063,495.76144,-274.32367,512.52716,494.88348,-274.3467,511.70633,493.90686,-274.49542,587.42664,509.59918,-398.90244,546.2645,502.24594,-57.661232,530.775,555.5682,-306.47452,515.11566,554.6644,-208.51778,672.6101,645.56854,-498.3907,517.8675,655.7261,222.9193,575.37213,820.4142,-501.80795,415.9313,809.4874,-35.227646,458.4959,706.3161,-272.88913,407.55777,726.96643,-663.869,427.54575,688.8844,-291.73492,411.69464,695.2538,-760.36896,441.34668,669.2182,-303.67148,421.01022,680.08685,-724.58997,456.9975,674.1489,-263.30267,427.29813,688.79266,-672.6981,649.8456,1060.5142,-215.31187,551.07477,1052.246,214.97737,656.05597,1342.9706,-129.55006,508.2272,1283.732,609.22833,714.6144,1589.7141,42.98685,570.6097,1460.3622,1100.7303,754.9116,1630.0417,48.604042,600.4487,1488.413,1142.3684,649.9374,1715.1849,-204.9558,460.2341,1519.1158,1068.809
089.jpg,502.14886,514.7058,-330.70203,521.5295,490.03345,-377.74982,529.60876,490.10583,-377.82816,539.78394,490.2004,-377.9586,507.69382,490.0149,-302.23972,505.95416,489.68054,-302.2568,504.51392,489.1554,-302.3674,580.495,505.6181,-417.61243,535.6764,499.32288,-79.60658,523.58984,546.61194,-332.87738,506.5667,546.15955,-235.85847,668.5784,642.1152,-515.4571,509.96207,656.8291,210.56065,574.6501,815.74304,-466.1088,404.0563,811.4823,-74.62286,444.10034,721.26526,-154.25598,399.88412,715.6005,-727.5488,417.51315,692.7796,-155.95668,406.6589,682.77484,-827.94385,434.86554,672.7686,-174.97441,418.7997,666.47595,-780.8618,449.56534,680.77747,-143.76526,424.1641,675.59064,-732.38513,644.43134,1068.7284,-207.28995,543.60315,1059.9132,206.86685,651.7416,1345.5017,-93.14986,495.31567,1277.4639,598.74225,703.13214,1589.002,106.54694,553.64087,1450.3217,1092.3813,744.3777,1633.9719,112.99927,590.37463,1482.7313,1133.7622,629.7123,1723.2357,-143.58948,450.76932,1509.5804,1063.5281
090.jpg,492.15472,511.446,-369.04364,511.6234,485.15652,-415.54248,520.2921,485.31256,-415.61893,531.11176,485.50787,-415.7913,497.7755,484.42154,-339.03616,496.11398,483.8411,-339.0614,494.82596,483.12167,-339.17676,571.0643,501.25385,-454.09763,528.7382,494.04132,-110.28246,513.4741,543.30554,-370.88254,496.3108,543.6447,-272.38544,656.257,641.33777,-551.67017,502.71213,647.2892,175.7635,552.55646,812.1992,-513.6512,396.61356,795.94464,-71.63169,440.9489,692.04095,-177.92323,398.91495,718.7727,-651.9094,410.35004,672.94794,-180.88174,401.05484,683.9825,-741.70886,425.43018,656.554,-198.81686,413.23077,670.37976,-696.86194,442.47656,663.8781,-168.00668,420.41837,680.95483,-655.9417,632.8013,1060.49,-210.68164,533.80206,1051.8236,210.39189,641.57336,1332.8043,-81.73818,492.22552,1271.4451,673.2457,696.14545,1581.5352,107.956985,552.61664,1452.2045,1190.3188,737.7726,1621.8219,114.49797,584.0184,1482.9875,1234.2745,632.883,1706.6667,-144.3061,441.16153,1501.555,1158.9384
091.jpg,481.83218,506.92035,-322.68387,499.8501,482.06464,-375.9444,508.69662,481.86768,-376.00818,518.8342,481.46735,-376.17758,486.90063,480.62943,-296.03027,485.5442,479.8462,-296.02817,484.5337,478.94153,-296.0995,560.6245,493.44485,-439.15695,520.33496,488.26694,-79.08705,504.03473,540.9359,-333.07324,488.80127,539.6712,-229.82533,650.5811,640.98303,-533.45966,499.62064,646.93555,205.05658,548.68146,814.2709,-447.12857,390.55692,800.3835,-74.007225,424.9151,721.3755,-62.55523,387.26303,722.7784,-695.08875,399.453,685.20685,-54.711586,390.44147,683.0102,-788.8782,416.7268,669.4369,-73.03379,404.37546,666.82385,-742.7449,431.3507,676.6451,-50.662674,411.7925,679.19165,-699.44635,627.4236,1051.8185,-216.51567,529.7064,1041.4141,216.10286,628.70245,1329.7644,-124.20097,480.34357,1262.6975,645.6004,685.1672,1576.1106,63.73683,544.98773,1440.4668,1134.9883,726.2018,1618.8528,71.501434,576.98553,1468.8627,1176.3342,610.51685,1703.8303,-169.05232,430.50848,1490.9175,1115.8507
092.jpg,471.2097,503.3634,-302.52606,489.2805,476.38394,-357.25607,497.5296,476.28918,-357.34164,507.81342,476.11966,-357.54907,477.083,474.58905,-278.7675,476.26025,473.61053,-278.75488,475.8117,472.61267,-278.85565,551.0613,488.59857,-429.98648,512.6798,482.1541,-76.03413,494.19196,537.1898,-315.95334,479.53845,535.7982,-214.37206,641.5529,621.1874,-524.0227,480.50732,638.23596,185.80528,548.28125,810.26935,-460.54745,380.64453,783.4306,-72.57755,417.7029,701.4692,-118.71045,383.2442,714.92755,-658.95575,389.6997,678.4662,-122.95181,384.9611,678.10547,-751.14966,401.6003,660.58777,-142.76561,398.8593,662.6846,-707.48254,415.0673,667.1903,-108.98928,408.4182,668.9322,-662.8861,618.27454,1043.3213,-205.87135,514.9815,1038.8641,205.61131,620.99097,1324.4353,-94.437256,478.91934,1266.8099,657.53253,679.50146,1573.6155,72.27138,540.9087,1438.171,1159.8154,724.5727,1614.1887,76.95504,571.3117,1467.7317,1202.5376,610.0037,1699.0854,-172.85602,427.40823,1488.4265,1133.0449
093.jpg,463.36804,494.7452,-282.93735,481.4013,470.20844,-337.4745,489.79755,470.31247,-337.53064,499.50085,470.22327,-337.71082,470.4026,467.94507,-262.0635,469.94476,466.6673,-262.04596,469.82388,465.42047,-262.09183,543.1908,482.44373,-411.69678,504.97034,476.16132,-73.009575,484.0926,528.8516,-297.41095,471.36746,525.7275,-200.14247,634.9341,621.06396,-503.16895,476.9202,630.46027,189.37328,526.2919,803.4525,-402.79266,377.5017,783.6621,-52.72926,409.80197,703.7077,-16.234592,375.8338,708.03314,-616.77155,384.06946,677.2189,-6.7993317,378.8977,666.82043,-705.03186,400.98346,655.58563,-32.42063,394.70624,654.0592,-662.2109,414.48633,662.55774,-7.3227005,401.8715,661.21747,-620.8665,612.9569,1039.2776,-198.86755,512.3922,1033.7834,198.56628,616.4874,1324.9537,-108.07196,468.49326,1261.2257,561.88055,670.55133,1568.5865,64.87318,530.74994,1437.331,1016.3032,710.4887,1610.5353,70.166595,564.1892,1470.9767,1054.1313,600.9103,1696.3966,-162.6885,413.4715,1489.5571,996.4301
094.jpg,457.75006,489.85028,-243.96875,474.4238,464.2503,-297.4221,482.51566,464.13626,-297.47485,491.64764,463.96265,-297.67682,463.92462,463.2004,-218.81065,463.16122,462.21542,-218.8014,462.66302,461.13916,-218.88966,534.85675,479.2138,-376.77536,498.0349,473.3222,-21.637527,476.2218,520.43616,-261.68225,463.2109,516.932,-159.79037,625.08746,622.30457,-472.30167,470.74155,630.1926,226.05174,537.5009,808.08746,-376.34293,358.6436,773.03265,-53.101997,406.78885,713.3413,4.926697,365.73788,677.5823,-610.0108,377.52463,684.6715,14.931401,371.97717,643.0324,-691.9183,393.187,664.6316,1.1463382,389.12375,629.5285,-641.8387,409.0974,674.4197,18.20362,395.32108,639.3581,-609.6225,604.76636,1035.4581,-202.41998,503.8574,1030.4968,201.93199,608.1696,1318.4264,-193.6733,459.1099,1266.569,554.95905,668.574,1568.8108,-26.073315,525.8868,1421.743,1010.1012,711.9121,1604.9409,-19.17038,556.24316,1450.342,1048.5588,597.819,1685.4259,-243.32663,408.83124,1485.9603,980.87286
095.jpg,449.3755,487.4628,-278.49506,465.92587,458.78043,-331.61603,474.27658,458.4474,-331.66617,483.6895,458.28265,-331.85303,455.35547,458.02335,-254.4972,454.71317,457.206,-254.48915,454.23145,456.3771,-254.61934,527.07007,471.6417,-397.9052,487.43393,466.36996,-51.08632,466.7185,515.7042,-290.70813,454.80444,513.99335,-191.07605,622.4938,620.1615,-484.5932,465.62927,626.2334,208.71495,543.77814,797.83765,-389.0381,362.06378,776.4014,-53.72011,411.10413,714.5416,-11.262372,354.06293,675.15155,-631.9085,377.79788,689.12634,3.4472673,359.96637,643.60126,-720.67694,392.099,669.02563,-18.010704,373.58664,628.783,-671.7143,408.37592,677.1218,-0.22484306,380.4137,635.6969,-633.46606,604.4745,1038.2107,-193.70224,499.8052,1030.8599,193.26062,602.26666,1321.5476,-92.19192,460.71762,1259.9639,592.308,660.17035,1568.9879,53.21074,518.5662,1429.2313,1042.6299,699.58405,1605.7931,55.90055,550.8607,1465.0748,1080.2473,585.30286,1696.6562,-175.47743,405.77203,1477.2,1021.0952
096.jpg,444.17612,478.07248,-255.34064,461.51724,451.61957,-303.0225,469.57034,451.43646,-303.0737,478.47134,451.2438,-303.2256,450.84415,450.38113,-229.3154,450.13098,449.17322,-229.34271,449.67838,447.87708,-229.49814,522.73627,466.5176,-360.13934,484.29578,460.5859,-28.797644,461.98883,507.1841,-265.05862,450.12985,504.28156,-169.6858,617.33405,608.18665,-451.966,454.86557,621.69934,220.47758,523.7338,780.12445,-391.90546,355.73462,774.07465,-55.987988,392.638,708.5447,-97.12025,347.48682,680.58044,-664.07794,363.4112,681.7133,-99.28846,352.2905,643.73425,-756.9405,378.1667,659.718,-117.32999,365.10092,627.06464,-713.93396,390.94885,667.01013,-87.89227,371.5783,635.1759,-667.8247,598.64264,1024.1991,-194.8409,494.44934,1019.10895,194.40863,591.7195,1309.6808,-168.15886,455.27966,1258.0157,535.6964,651.3091,1559.4392,-14.316015,511.10873,1425.8522,1004.89417,693.65283,1596.1587,-10.587125,539.93085,1457.2203,1044.9119,575.6572,1690.8693,-246.81676,402.9038,1483.4552,980.20166
097.jpg,435.6988,474.71387,-261.99872,453.71194,446.47665,-318.2707,461.7388,445.68454,-318.34967,471.05923,444.90942,-318.5609,442.49423,446.39856,-237.59761,441.88925,445.51917,-237.57771,441.52023,444.4788,-237.63785,515.3689,459.6802,-400.86002,479.37738,455.31424,-36.743046,454.99252,504.44342,-280.14096,441.99426,501.08524,-175.6219,611.8235,599.2414,-504.27133,457.79468,614.81604,221.94695,515.1462,780.4511,-401.68735,358.28183,769.43463,-64.279915,383.78827,702.57855,3.07766,345.35928,675.76605,-654.1885,357.11072,676.0658,12.627885,348.237,638.2303,-743.2807,370.3439,653.6138,-7.846985,361.98596,620.5706,-700.2631,384.51572,658.88354,15.125019,371.02914,629.38135,-658.7101,590.78174,1017.5956,-208.22632,489.80667,1013.5833,207.72913,591.1882,1307.3998,-182.87578,450.96744,1249.6067,586.8737,653.5285,1563.8434,25.66638,518.0045,1422.713,1056.4426,697.87286,1605.3273,36.381218,541.88165,1457.8795,1096.1075,573.7457,1686.6787,-188.67796,399.99893,1473.0546,1030.3531
098.jpg,427.6394,472.35236,-286.4296,448.71356,442.38208,-341.6692,456.6461,442.40662,-341.74832,466.07098,442.35736,-341.99396,437.3793,441.0802,-262.69006,436.92322,440.05115,-262.68655,436.77234,438.91852,-262.7575,508.46893,458.40997,-414.99606,474.10648,451.70975,-59.516594,447.08777,501.87344,-301.14337,433.36752,498.64832,-199.08987,605.9824,599.03687,-518.5113,451.468,614.7438,206.77118,507.7278,775.16846,-402.7359,349.62103,768.1603,-62.64085,376.20212,696.76324,45.902977,338.3577,673.4846,-628.95135,344.99625,672.4874,63.631874,335.18793,640.3093,-714.4721,357.5778,649.6688,41.570568,349.5808,622.8619,-666.9064,373.65994,657.6937,58.35203,360.34406,632.3719,-631.3313,588.38153,1019.94415,-201.12549,485.53735,1017.5679,200.73584,583.74005,1317.2443,-113.70806,447.48535,1252.7062,604.04443,642.9412,1564.1006,114.630936,510.93207,1420.2308,1085.1598,685.6639,1602.4598,127.33642,538.9225,1454.6326,1126.5571,562.0558,1687.4098,-92.21719,388.1467,1476.4249,1066.4897
